DBRep_DrawableShape

CASCADE Topology V3, (c) Open Cascade
Locations 0
Curve2ds 2784
1 0 33.727718982726635 1 0 
2 0 0 1 0 -0 1 3.3460076502852165
1 6.2831853071795862 -0 0 1 
1 0 -0 0 1 
1 0 0 1 0 
2 0 0 1 0 -0 1 3.3460076502852165
1 0 33.727718982726635 1 0 
2 0 0 1 0 -0 1 3.3460076502852165
1 6.2831853071795862 -0 0 1 
1 0 -0 0 1 
1 0 0 1 0 
2 0 0 1 0 -0 1 3.3460076502852165
1 0 33.727718982726635 1 0 
2 0 0 1 0 -0 1 3.3460076502852165
1 6.2831853071795862 -0 0 1 
1 0 -0 0 1 
1 0 0 1 0 
2 0 0 1 0 -0 1 3.3460076502852165
1 0 33.769186688114345 1 0 
2 0 0 1 0 -0 1 3.3460076502852165
1 6.2831853071795862 -0 0 1 
1 0 -0 0 1 
1 0 0 1 0 
2 0 0 1 0 -0 1 1.6730038251426083
1 0 33.769186688114345 1 0 
2 0 0 1 0 -0 1 3.3460076502852165
1 6.2831853071795862 -0 0 1 
1 0 -0 0 1 
1 0 0 1 0 
2 0 0 1 0 -0 1 1.6730038251426083
1 0 33.738375402734221 1 0 
2 0 0 1 0 -0 1 3.3460076502852165
1 6.2831853071795862 -0 0 1 
1 0 -0 0 1 
1 0 0 1 0 
2 0 0 1 0 -0 1 2.4981002036589097
1 0 33.738375402734221 1 0 
2 0 0 1 0 -0 1 3.3460076502852165
1 6.2831853071795862 -0 0 1 
1 0 -0 0 1 
1 0 0 1 0 
2 0 0 1 0 -0 1 2.4981002036589097
1 0 33.738375402734221 1 0 
2 0 0 1 0 -0 1 3.3460076502852165
1 6.2831853071795862 -0 0 1 
1 0 -0 0 1 
1 0 0 1 0 
2 0 0 1 0 -0 1 2.4981002036589097
1 0 33.738375402734221 1 0 
2 0 0 1 0 -0 1 3.3460076502852165
1 6.2831853071795862 -0 0 1 
1 0 -0 0 1 
1 0 0 1 0 
2 0 0 1 0 -0 1 2.4981002036589097
1 0 33.727718982726635 1 0 
2 0 0 1 0 -0 1 3.3460076502852165
1 6.2831853071795862 -0 0 1 
1 0 -0 0 1 
1 0 0 1 0 
2 0 0 1 0 -0 1 3.3460076502852165
1 0 33.727718982726635 1 0 
2 0 0 1 0 -0 1 3.3460076502852165
1 6.2831853071795862 -0 0 1 
1 0 -0 0 1 
1 0 0 1 0 
2 0 0 1 0 -0 1 3.3460076502852165
1 0 33.734061825114438 1 0 
2 0 0 1 0 -0 1 3.3460076502852165
1 6.2831853071795862 -0 0 1 
1 0 -0 0 1 
1 0 0 1 0 
2 0 0 1 0 -0 1 2.6918674184801934
1 0 33.734061825114438 1 0 
2 0 0 1 0 -0 1 3.3460076502852165
1 6.2831853071795862 -0 0 1 
1 0 -0 0 1 
1 0 0 1 0 
2 0 0 1 0 -0 1 2.6918674184801934
1 0 33.734061825114438 1 0 
2 0 0 1 0 -0 1 3.3460076502852165
1 6.2831853071795862 -0 0 1 
1 0 -0 0 1 
1 0 0 1 0 
2 0 0 1 0 -0 1 2.6918674184801934
1 0 33.734061825114438 1 0 
2 0 0 1 0 -0 1 3.3460076502852165
1 6.2831853071795862 -0 0 1 
1 0 -0 0 1 
1 0 0 1 0 
2 0 0 1 0 -0 1 2.6918674184801934
1 0 33.727718982726635 1 0 
2 0 0 1 0 -0 1 3.3460076502852165
1 6.2831853071795862 -0 0 1 
1 0 -0 0 1 
1 0 0 1 0 
2 0 0 1 0 -0 1 3.3460076502852165
1 0 33.727718982726635 1 0 
2 0 0 1 0 -0 1 3.3460076502852165
1 6.2831853071795862 -0 0 1 
1 0 -0 0 1 
1 0 0 1 0 
2 0 0 1 0 -0 1 3.3460076502852165
1 0 33.738382699029707 1 0 
2 0 0 1 0 -0 1 3.3460076502852165
1 6.2831853071795862 -0 0 1 
1 0 -0 0 1 
1 0 0 1 0 
2 0 0 1 0 -0 1 2.4978099325270104
1 0 33.738382699029707 1 0 
2 0 0 1 0 -0 1 3.3460076502852165
1 6.2831853071795862 -0 0 1 
1 0 -0 0 1 
1 0 0 1 0 
2 0 0 1 0 -0 1 2.4978099325270104
1 0 33.738382699029707 1 0 
2 0 0 1 0 -0 1 3.3460076502852165
1 6.2831853071795862 -0 0 1 
1 0 -0 0 1 
1 0 0 1 0 
2 0 0 1 0 -0 1 2.4978099325270104
1 0 33.738382699029707 1 0 
2 0 0 1 0 -0 1 3.3460076502852165
1 6.2831853071795862 -0 0 1 
1 0 -0 0 1 
1 0 0 1 0 
2 0 0 1 0 -0 1 2.4978099325270104
1 0 33.727718982726635 1 0 
2 0 0 1 0 -0 1 3.3460076502852165
1 6.2831853071795862 -0 0 1 
1 0 -0 0 1 
1 0 0 1 0 
2 0 0 1 0 -0 1 3.3460076502852165
1 0 33.769186688114345 1 0 
2 0 0 1 0 -0 1 3.3460076502852165
1 6.2831853071795862 -0 0 1 
1 0 -0 0 1 
1 0 0 1 0 
2 0 0 1 0 -0 1 1.6730038251426083
1 0 33.769186688114345 1 0 
2 0 0 1 0 -0 1 3.3460076502852165
1 6.2831853071795862 -0 0 1 
1 0 -0 0 1 
1 0 0 1 0 
2 0 0 1 0 -0 1 1.6730038251426083
1 0 33.727718982726635 1 0 
2 0 0 1 0 -0 1 3.3460076502852165
1 6.2831853071795862 -0 0 1 
1 0 -0 0 1 
1 0 0 1 0 
2 0 0 1 0 -0 1 3.3460076502852165
1 0 33.727718982726635 1 0 
2 0 0 1 0 -0 1 3.3460076502852165
1 6.2831853071795862 -0 0 1 
1 0 -0 0 1 
1 0 0 1 0 
2 0 0 1 0 -0 1 3.3460076502852165
1 0 33.727718982726614 1 0 
2 0 0 1 0 -0 1 3.3460076502852165
1 6.2831853071795862 -0 0 1 
1 0 -0 0 1 
1 0 0 1 0 
2 0 0 1 0 -0 1 3.3460076502852165
1 0 33.727718982726614 1 0 
2 0 0 1 0 -0 1 3.3460076502852165
1 6.2831853071795862 -0 0 1 
1 0 -0 0 1 
1 0 0 1 0 
2 0 0 1 0 -0 1 3.3460076502852165
1 0 33.727718982726635 1 0 
2 0 0 1 0 -0 1 3.3460076502852165
1 6.2831853071795862 -0 0 1 
1 0 -0 0 1 
1 0 0 1 0 
2 0 0 1 0 -0 1 3.3460076502852165
1 0 33.727718982726614 1 0 
2 0 0 1 0 -0 1 3.3460076502852165
1 6.2831853071795862 -0 0 1 
1 0 -0 0 1 
1 0 0 1 0 
2 0 0 1 0 -0 1 3.3460076502852165
1 0 33.727718982726614 1 0 
2 0 0 1 0 -0 1 3.3460076502852165
1 6.2831853071795862 -0 0 1 
1 0 -0 0 1 
1 0 0 1 0 
2 0 0 1 0 -0 1 3.3460076502852165
1 0 33.727718982726614 1 0 
2 0 0 1 0 -0 1 3.3460076502852165
1 6.2831853071795862 -0 0 1 
1 0 -0 0 1 
1 0 0 1 0 
2 0 0 1 0 -0 1 3.3460076502852165
1 0 33.727718982726614 1 0 
2 0 0 1 0 -0 1 3.3460076502852165
1 6.2831853071795862 -0 0 1 
1 0 -0 0 1 
1 0 0 1 0 
2 0 0 1 0 -0 1 3.3460076502852165
1 0 33.727718982726635 1 0 
2 0 0 1 0 -0 1 3.3460076502852165
1 6.2831853071795862 -0 0 1 
1 0 -0 0 1 
1 0 0 1 0 
2 0 0 1 0 -0 1 3.3460076502852165
1 0 33.727718982726614 1 0 
2 0 0 1 0 -0 1 3.3460076502852165
1 6.2831853071795862 -0 0 1 
1 0 -0 0 1 
1 0 0 1 0 
2 0 0 1 0 -0 1 3.3460076502852165
1 0 33.727718982726635 1 0 
2 0 0 1 0 -0 1 3.3460076502852165
1 6.2831853071795862 -0 0 1 
1 0 -0 0 1 
1 0 0 1 0 
2 0 0 1 0 -0 1 3.3460076502852165
1 0 33.727718982726614 1 0 
2 0 0 1 0 -0 1 3.3460076502852165
1 6.2831853071795862 -0 0 1 
1 0 -0 0 1 
1 0 0 1 0 
2 0 0 1 0 -0 1 3.3460076502852165
1 0 33.727718982726614 1 0 
2 0 0 1 0 -0 1 3.3460076502852165
1 6.2831853071795862 -0 0 1 
1 0 -0 0 1 
1 0 0 1 0 
2 0 0 1 0 -0 1 3.3460076502852165
1 0 33.727718982726614 1 0 
2 0 0 1 0 -0 1 3.3460076502852165
1 6.2831853071795862 -0 0 1 
1 0 -0 0 1 
1 0 0 1 0 
2 0 0 1 0 -0 1 3.3460076502852165
1 0 33.727718982726635 1 0 
2 0 0 1 0 -0 1 3.3460076502852165
1 6.2831853071795862 -0 0 1 
1 0 -0 0 1 
1 0 0 1 0 
2 0 0 1 0 -0 1 3.3460076502852165
1 0 33.727718982726614 1 0 
2 0 0 1 0 -0 1 3.3460076502852165
1 6.2831853071795862 -0 0 1 
1 0 -0 0 1 
1 0 0 1 0 
2 0 0 1 0 -0 1 3.3460076502852165
1 0 33.727718982726635 1 0 
2 0 0 1 0 -0 1 3.3460076502852165
1 6.2831853071795862 -0 0 1 
1 0 -0 0 1 
1 0 0 1 0 
2 0 0 1 0 -0 1 3.3460076502852165
1 0 33.727718982726614 1 0 
2 0 0 1 0 -0 1 3.3460076502852165
1 6.2831853071795862 -0 0 1 
1 0 -0 0 1 
1 0 0 1 0 
2 0 0 1 0 -0 1 3.3460076502852165
1 0 33.727718982726614 1 0 
2 0 0 1 0 -0 1 3.3460076502852165
1 6.2831853071795862 -0 0 1 
1 0 -0 0 1 
1 0 0 1 0 
2 0 0 1 0 -0 1 3.3460076502852165
1 0 33.727718982726614 1 0 
2 0 0 1 0 -0 1 3.3460076502852165
1 6.2831853071795862 -0 0 1 
1 0 -0 0 1 
1 0 0 1 0 
2 0 0 1 0 -0 1 3.3460076502852165
1 0 33.727718982726635 1 0 
2 0 0 1 0 -0 1 3.3460076502852165
1 6.2831853071795862 -0 0 1 
1 0 -0 0 1 
1 0 0 1 0 
2 0 0 1 0 -0 1 3.3460076502852165
1 0 33.727718982726614 1 0 
2 0 0 1 0 -0 1 3.3460076502852165
1 6.2831853071795862 -0 0 1 
1 0 -0 0 1 
1 0 0 1 0 
2 0 0 1 0 -0 1 3.3460076502852165
1 0 33.727718982726614 1 0 
2 0 0 1 0 -0 1 3.3460076502852165
1 6.2831853071795862 -0 0 1 
1 0 -0 0 1 
1 0 0 1 0 
2 0 0 1 0 -0 1 3.3460076502852165
1 0 33.728735810051937 1 0 
2 0 0 1 0 -0 1 3.3460076502852165
1 6.2831853071795862 -0 0 1 
1 0 -0 0 1 
1 0 0 1 0 
2 0 0 1 0 -0 1 3.0841077333277136
1 0 33.728735810051937 1 0 
2 0 0 1 0 -0 1 3.3460076502852165
1 6.2831853071795862 -0 0 1 
1 0 -0 0 1 
1 0 0 1 0 
2 0 0 1 0 -0 1 3.0841077333277136
1 0 33.727718982726621 1 0 
2 0 0 1 0 -0 1 3.3460076502852165
1 6.2831853071795862 -0 0 1 
1 0 -0 0 1 
1 0 0 1 0 
2 0 0 1 0 -0 1 3.3460076502852165
1 0 33.727718982726621 1 0 
2 0 0 1 0 -0 1 3.3460076502852165
1 6.2831853071795862 -0 0 1 
1 0 -0 0 1 
1 0 0 1 0 
2 0 0 1 0 -0 1 3.3460076502852165
1 0 33.751009143379193 1 0 
2 0 0 1 0 -0 1 2.0923767561668036
1 6.2831853071795862 -0 0 1 
1 0 -0 0 1 
1 0 0 1 0 
2 0 0 1 0 -0 1 3.3460076502852165
1 0 33.727718982726621 1 0 
2 0 0 1 0 -0 1 3.3460076502852165
1 6.2831853071795862 -0 0 1 
1 0 -0 0 1 
1 0 0 1 0 
2 0 0 1 0 -0 1 3.3460076502852165
1 0 33.727718982726621 1 0 
2 0 0 1 0 -0 1 3.3460076502852165
1 6.2831853071795862 -0 0 1 
1 0 -0 0 1 
1 0 0 1 0 
2 0 0 1 0 -0 1 3.3460076502852165
1 0 33.727718982726621 1 0 
2 0 0 1 0 -0 1 3.3460076502852165
1 6.2831853071795862 -0 0 1 
1 0 -0 0 1 
1 0 0 1 0 
2 0 0 1 0 -0 1 3.3460076502852165
1 0 33.727718982726621 1 0 
2 0 0 1 0 -0 1 3.3460076502852165
1 6.2831853071795862 -0 0 1 
1 0 -0 0 1 
1 0 0 1 0 
2 0 0 1 0 -0 1 3.3460076502852165
1 0 33.751009143379193 1 0 
2 0 0 1 0 -0 1 2.0923767561668036
1 6.2831853071795862 -0 0 1 
1 0 -0 0 1 
1 0 0 1 0 
2 0 0 1 0 -0 1 3.3460076502852165
1 0 33.75098827768506 1 0 
2 0 0 1 0 -0 1 2.0929386407504165
1 6.2831853071795862 -0 0 1 
1 0 -0 0 1 
1 0 0 1 0 
2 0 0 1 0 -0 1 3.3460076502852165
1 0 33.727718982726621 1 0 
2 0 0 1 0 -0 1 3.3460076502852165
1 6.2831853071795862 -0 0 1 
1 0 -0 0 1 
1 0 0 1 0 
2 0 0 1 0 -0 1 3.3460076502852165
1 0 33.727718982726621 1 0 
2 0 0 1 0 -0 1 3.3460076502852165
1 6.2831853071795862 -0 0 1 
1 0 -0 0 1 
1 0 0 1 0 
2 0 0 1 0 -0 1 3.3460076502852165
1 0 33.727718982726621 1 0 
2 0 0 1 0 -0 1 3.3460076502852165
1 6.2831853071795862 -0 0 1 
1 0 -0 0 1 
1 0 0 1 0 
2 0 0 1 0 -0 1 3.3460076502852165
1 0 33.727718982726621 1 0 
2 0 0 1 0 -0 1 3.3460076502852165
1 6.2831853071795862 -0 0 1 
1 0 -0 0 1 
1 0 0 1 0 
2 0 0 1 0 -0 1 3.3460076502852165
1 0 33.75098827768506 1 0 
2 0 0 1 0 -0 1 2.0929386407504165
1 6.2831853071795862 -0 0 1 
1 0 -0 0 1 
1 0 0 1 0 
2 0 0 1 0 -0 1 3.3460076502852165
1 0 33.727718982726621 1 0 
2 0 0 1 0 -0 1 3.3460076502852165
1 6.2831853071795862 -0 0 1 
1 0 -0 0 1 
1 0 0 1 0 
2 0 0 1 0 -0 1 3.3460076502852165
1 0 33.727718982726621 1 0 
2 0 0 1 0 -0 1 3.3460076502852165
1 6.2831853071795862 -0 0 1 
1 0 -0 0 1 
1 0 0 1 0 
2 0 0 1 0 -0 1 3.3460076502852165
1 0 33.728734124080468 1 0 
2 0 0 1 0 -0 1 3.3460076502852165
1 6.2831853071795862 -0 0 1 
1 0 -0 0 1 
1 0 0 1 0 
2 0 0 1 0 -0 1 3.0843249509475301
1 0 33.728734124080468 1 0 
2 0 0 1 0 -0 1 3.3460076502852165
1 6.2831853071795862 -0 0 1 
1 0 -0 0 1 
1 0 0 1 0 
2 0 0 1 0 -0 1 3.0843249509475301
1 0 33.769186688114353 1 0 
2 0 0 1 0 -0 1 1.673003825142608
1 6.2831853071795862 -0 0 1 
1 0 -0 0 1 
1 0 0 1 0 
2 0 0 1 0 -0 1 3.3460076502852165
1 0 33.727718982726621 1 0 
2 0 0 1 0 -0 1 3.3460076502852165
1 6.2831853071795862 -0 0 1 
1 0 -0 0 1 
1 0 0 1 0 
2 0 0 1 0 -0 1 3.3460076502852165
1 0 33.727718982726621 1 0 
2 0 0 1 0 -0 1 3.3460076502852165
1 6.2831853071795862 -0 0 1 
1 0 -0 0 1 
1 0 0 1 0 
2 0 0 1 0 -0 1 3.3460076502852165
1 0 33.727718982726621 1 0 
2 0 0 1 0 -0 1 3.3460076502852165
1 6.2831853071795862 -0 0 1 
1 0 -0 0 1 
1 0 0 1 0 
2 0 0 1 0 -0 1 3.3460076502852165
1 0 33.727718982726621 1 0 
2 0 0 1 0 -0 1 3.3460076502852165
1 6.2831853071795862 -0 0 1 
1 0 -0 0 1 
1 0 0 1 0 
2 0 0 1 0 -0 1 3.3460076502852165
1 0 33.727718982726621 1 0 
2 0 0 1 0 -0 1 3.3460076502852165
1 6.2831853071795862 -0 0 1 
1 0 -0 0 1 
1 0 0 1 0 
2 0 0 1 0 -0 1 3.3460076502852165
1 0 33.727718982726621 1 0 
2 0 0 1 0 -0 1 3.3460076502852165
1 6.2831853071795862 -0 0 1 
1 0 -0 0 1 
1 0 0 1 0 
2 0 0 1 0 -0 1 3.3460076502852165
1 0 33.727718982726621 1 0 
2 0 0 1 0 -0 1 3.3460076502852165
1 6.2831853071795862 -0 0 1 
1 0 -0 0 1 
1 0 0 1 0 
2 0 0 1 0 -0 1 3.3460076502852165
1 0 33.727718982726621 1 0 
2 0 0 1 0 -0 1 3.3460076502852165
1 6.2831853071795862 -0 0 1 
1 0 -0 0 1 
1 0 0 1 0 
2 0 0 1 0 -0 1 3.3460076502852165
1 0 33.727718982726621 1 0 
2 0 0 1 0 -0 1 3.3460076502852165
1 6.2831853071795862 -0 0 1 
1 0 -0 0 1 
1 0 0 1 0 
2 0 0 1 0 -0 1 3.3460076502852165
1 0 33.727718982726621 1 0 
2 0 0 1 0 -0 1 3.3460076502852165
1 6.2831853071795862 -0 0 1 
1 0 -0 0 1 
1 0 0 1 0 
2 0 0 1 0 -0 1 3.3460076502852165
1 0 33.727718982726621 1 0 
2 0 0 1 0 -0 1 3.3460076502852165
1 6.2831853071795862 -0 0 1 
1 0 -0 0 1 
1 0 0 1 0 
2 0 0 1 0 -0 1 3.3460076502852165
1 0 33.727718982726621 1 0 
2 0 0 1 0 -0 1 3.3460076502852165
1 6.2831853071795862 -0 0 1 
1 0 -0 0 1 
1 0 0 1 0 
2 0 0 1 0 -0 1 3.3460076502852165
1 0 33.769186688114353 1 0 
2 0 0 1 0 -0 1 1.673003825142608
1 6.2831853071795862 -0 0 1 
1 0 -0 0 1 
1 0 0 1 0 
2 0 0 1 0 -0 1 3.3460076502852165
1 0 33.727718982726614 1 0 
2 0 0 1 0 -0 1 3.3460076502852165
1 6.2831853071795862 -0 0 1 
1 0 -0 0 1 
1 0 0 1 0 
2 0 0 1 0 -0 1 3.3460076502852165
1 0 33.738228791927455 1 0 
2 0 0 1 0 -0 1 2.5039540660842858
1 6.2831853071795862 -0 0 1 
1 0 -0 0 1 
1 0 0 1 0 
2 0 0 1 0 -0 1 3.3460076502852165
1 0 33.727776043748499 1 0 
2 0 0 1 0 -0 1 3.2839667002754847
1 6.2831853071795862 -0 0 1 
1 0 -0 0 1 
1 0 0 1 0 
2 0 0 1 0 -0 1 3.3460076502852165
1 0 33.751009143379186 1 0 
2 0 0 1 0 -0 1 2.0923767561668036
1 6.2831853071795862 -0 0 1 
1 0 -0 0 1 
1 0 0 1 0 
2 0 0 1 0 -0 1 3.3460076502852165
1 0 33.727718982726614 1 0 
2 0 0 1 0 -0 1 3.3460076502852165
1 6.2831853071795862 -0 0 1 
1 0 -0 0 1 
1 0 0 1 0 
2 0 0 1 0 -0 1 3.3460076502852165
1 0 33.727718982726614 1 0 
2 0 0 1 0 -0 1 3.3460076502852165
1 6.2831853071795862 -0 0 1 
1 0 -0 0 1 
1 0 0 1 0 
2 0 0 1 0 -0 1 3.3460076502852165
1 0 33.738228791927455 1 0 
2 0 0 1 0 -0 1 2.5039540660842858
1 6.2831853071795862 -0 0 1 
1 0 -0 0 1 
1 0 0 1 0 
2 0 0 1 0 -0 1 3.3460076502852165
1 0 33.727718982726614 1 0 
2 0 0 1 0 -0 1 3.3460076502852165
1 6.2831853071795862 -0 0 1 
1 0 -0 0 1 
1 0 0 1 0 
2 0 0 1 0 -0 1 3.3460076502852165
1 0 33.727776043748499 1 0 
2 0 0 1 0 -0 1 3.2839667002754847
1 6.2831853071795862 -0 0 1 
1 0 -0 0 1 
1 0 0 1 0 
2 0 0 1 0 -0 1 3.3460076502852165
1 0 33.727718982726614 1 0 
2 0 0 1 0 -0 1 3.3460076502852165
1 6.2831853071795862 -0 0 1 
1 0 -0 0 1 
1 0 0 1 0 
2 0 0 1 0 -0 1 3.3460076502852165
1 0 33.751009143379186 1 0 
2 0 0 1 0 -0 1 3.346007650285217
1 6.2831853071795862 -0 0 1 
1 0 -0 0 1 
1 0 0 1 0 
2 0 0 1 0 -0 1 2.0923767561668036
1 0 33.750988277685053 1 0 
2 0 0 1 0 -0 1 2.0929386407504169
1 6.2831853071795862 -0 0 1 
1 0 -0 0 1 
1 0 0 1 0 
2 0 0 1 0 -0 1 3.3460076502852165
1 0 33.727718982726614 1 0 
2 0 0 1 0 -0 1 3.3460076502852165
1 6.2831853071795862 -0 0 1 
1 0 -0 0 1 
1 0 0 1 0 
2 0 0 1 0 -0 1 3.3460076502852165
1 0 33.727718982726614 1 0 
2 0 0 1 0 -0 1 3.3460076502852165
1 6.2831853071795862 -0 0 1 
1 0 -0 0 1 
1 0 0 1 0 
2 0 0 1 0 -0 1 3.3460076502852165
1 0 33.727718982726614 1 0 
2 0 0 1 0 -0 1 3.3460076502852165
1 6.2831853071795862 -0 0 1 
1 0 -0 0 1 
1 0 0 1 0 
2 0 0 1 0 -0 1 3.3460076502852165
1 0 33.727718982726614 1 0 
2 0 0 1 0 -0 1 3.3460076502852165
1 6.2831853071795862 -0 0 1 
1 0 -0 0 1 
1 0 0 1 0 
2 0 0 1 0 -0 1 3.3460076502852165
1 0 33.727718982726614 1 0 
2 0 0 1 0 -0 1 3.3460076502852165
1 6.2831853071795862 -0 0 1 
1 0 -0 0 1 
1 0 0 1 0 
2 0 0 1 0 -0 1 3.3460076502852165
1 0 33.727718982726614 1 0 
2 0 0 1 0 -0 1 3.3460076502852165
1 6.2831853071795862 -0 0 1 
1 0 -0 0 1 
1 0 0 1 0 
2 0 0 1 0 -0 1 3.3460076502852165
1 0 33.750988277685053 1 0 
2 0 0 1 0 -0 1 3.3460076502852165
1 6.2831853071795862 -0 0 1 
1 0 -0 0 1 
1 0 0 1 0 
2 0 0 1 0 -0 1 2.0929386407504169
1 0 33.727718982726614 1 0 
2 0 0 1 0 -0 1 3.3460076502852165
1 6.2831853071795862 -0 0 1 
1 0 -0 0 1 
1 0 0 1 0 
2 0 0 1 0 -0 1 3.3460076502852165
1 0 33.727718982726614 1 0 
2 0 0 1 0 -0 1 3.3460076502852165
1 6.2831853071795862 -0 0 1 
1 0 -0 0 1 
1 0 0 1 0 
2 0 0 1 0 -0 1 3.3460076502852165
1 0 33.727718982726614 1 0 
2 0 0 1 0 -0 1 3.3460076502852165
1 6.2831853071795862 -0 0 1 
1 0 -0 0 1 
1 0 0 1 0 
2 0 0 1 0 -0 1 3.3460076502852165
1 0 33.738233038421349 1 0 
2 0 0 1 0 -0 1 2.5037839406638009
1 6.2831853071795862 -0 0 1 
1 0 -0 0 1 
1 0 0 1 0 
2 0 0 1 0 -0 1 3.3460076502852165
1 0 33.727718982726614 1 0 
2 0 0 1 0 -0 1 3.3460076502852165
1 6.2831853071795862 -0 0 1 
1 0 -0 0 1 
1 0 0 1 0 
2 0 0 1 0 -0 1 3.3460076502852165
1 0 33.727775866952292 1 0 
2 0 0 1 0 -0 1 3.284062887857877
1 6.2831853071795862 -0 0 1 
1 0 -0 0 1 
1 0 0 1 0 
2 0 0 1 0 -0 1 3.3460076502852165
1 0 33.727718982726614 1 0 
2 0 0 1 0 -0 1 3.3460076502852165
1 6.2831853071795862 -0 0 1 
1 0 -0 0 1 
1 0 0 1 0 
2 0 0 1 0 -0 1 3.3460076502852165
1 0 33.738233038421349 1 0 
2 0 0 1 0 -0 1 2.5037839406638009
1 6.2831853071795862 -0 0 1 
1 0 -0 0 1 
1 0 0 1 0 
2 0 0 1 0 -0 1 3.3460076502852165
1 0 33.727775866952292 1 0 
2 0 0 1 0 -0 1 3.284062887857877
1 6.2831853071795862 -0 0 1 
1 0 -0 0 1 
1 0 0 1 0 
2 0 0 1 0 -0 1 3.3460076502852165
1 0 33.766343534968833 1 0 
2 0 0 1 0 -0 1 3.3460076502852165
1 6.2831853071795862 -0 0 1 
1 0 -0 0 1 
1 0 0 1 0 
2 0 0 1 0 -0 1 1.731409265622893
1 0 33.728344061025176 1 0 
2 0 0 1 0 -0 1 3.1406656888766711
1 6.2831853071795862 -0 0 1 
1 0 -0 0 1 
1 0 0 1 0 
2 0 0 1 0 -0 1 3.3460076502852165
1 0 33.728344061025176 1 0 
2 0 0 1 0 -0 1 3.3460076502852165
1 6.2831853071795862 -0 0 1 
1 0 -0 0 1 
1 0 0 1 0 
2 0 0 1 0 -0 1 3.1406656888766711
1 0 33.728344061025176 1 0 
2 0 0 1 0 -0 1 3.3460076502852165
1 6.2831853071795862 -0 0 1 
1 0 -0 0 1 
1 0 0 1 0 
2 0 0 1 0 -0 1 3.1406656888766711
1 0 33.728344061025176 1 0 
2 0 0 1 0 -0 1 3.3460076502852165
1 6.2831853071795862 -0 0 1 
1 0 -0 0 1 
1 0 0 1 0 
2 0 0 1 0 -0 1 3.1406656888766711
1 0 33.766248227128557 1 0 
2 0 0 1 0 -0 1 1.7334036820756282
1 6.2831853071795862 -0 0 1 
1 0 -0 0 1 
1 0 0 1 0 
2 0 0 1 0 -0 1 3.3460076502852165
1 0 33.733313380301453 1 0 
2 0 0 1 0 -0 1 3.3460076502852165
1 6.2831853071795862 -0 0 1 
1 0 -0 0 1 
1 0 0 1 0 
2 0 0 1 0 -0 1 2.7316756261759099
1 0 33.733313380301453 1 0 
2 0 0 1 0 -0 1 3.3460076502852165
1 6.2831853071795862 -0 0 1 
1 0 -0 0 1 
1 0 0 1 0 
2 0 0 1 0 -0 1 2.7316756261759099
1 0 33.733313380301432 1 0 
2 0 0 1 0 -0 1 3.3460076502852165
1 6.2831853071795862 -0 0 1 
1 0 -0 0 1 
1 0 0 1 0 
2 0 0 1 0 -0 1 2.7316756261759099
1 0 33.733313380301432 1 0 
2 0 0 1 0 -0 1 3.3460076502852165
1 6.2831853071795862 -0 0 1 
1 0 -0 0 1 
1 0 0 1 0 
2 0 0 1 0 -0 1 2.7316756261759099
1 0 33.728376314086681 1 0 
2 0 0 1 0 -0 1 2.2933810220712796
1 6.2831853071795862 -0 0 1 
1 0 -0 0 1 
1 0 0 1 0 
2 0 0 1 0 -0 1 2.5039540660842858
1 0 33.738228791927483 1 0 
2 0 0 1 0 -0 1 3.346007650285217
1 6.2831853071795862 -0 0 1 
1 0 -0 0 1 
1 0 0 1 0 
2 0 0 1 0 -0 1 2.5039540660842858
1 0 33.742262635508631 1 0 
2 0 0 1 0 -0 1 3.2839667002754847
1 6.2831853071795862 -0 0 1 
1 0 -0 0 1 
1 0 0 1 0 
2 0 0 1 0 -0 1 2.2933810220712796
1 0 33.744140981749737 1 0 
2 0 0 1 0 -0 1 3.3460076502852165
1 6.2831853071795862 -0 0 1 
1 0 -0 0 1 
1 0 0 1 0 
2 0 0 1 0 -0 1 2.2933810220712796
1 0 33.727718982726635 1 0 
2 0 0 1 0 -0 1 3.3460076502852165
1 6.2831853071795862 -0 0 1 
1 0 -0 0 1 
1 0 0 1 0 
2 0 0 1 0 -0 1 3.3460076502852165
1 0 33.727776043748527 1 0 
2 0 0 1 0 -0 1 3.2839667002754847
1 6.2831853071795862 -0 0 1 
1 0 -0 0 1 
1 0 0 1 0 
2 0 0 1 0 -0 1 3.3460076502852165
1 0 33.727718982726635 1 0 
2 0 0 1 0 -0 1 3.3460076502852165
1 6.2831853071795862 -0 0 1 
1 0 -0 0 1 
1 0 0 1 0 
2 0 0 1 0 -0 1 3.3460076502852165
1 0 33.727718982726614 1 0 
2 0 0 1 0 -0 1 3.3460076502852165
1 6.2831853071795862 -0 0 1 
1 0 -0 0 1 
1 0 0 1 0 
2 0 0 1 0 -0 1 3.3460076502852165
1 0 33.727718982726614 1 0 
2 0 0 1 0 -0 1 3.3460076502852165
1 6.2831853071795862 -0 0 1 
1 0 -0 0 1 
1 0 0 1 0 
2 0 0 1 0 -0 1 3.3460076502852165
1 0 33.758581542497389 1 0 
2 0 0 1 0 -0 1 1.902816746881214
1 6.2831853071795862 -0 0 1 
1 0 -0 0 1 
1 0 0 1 0 
2 0 0 1 0 -0 1 3.3460076502852165
1 0 33.727718982726614 1 0 
2 0 0 1 0 -0 1 3.3460076502852165
1 6.2831853071795862 -0 0 1 
1 0 -0 0 1 
1 0 0 1 0 
2 0 0 1 0 -0 1 3.3460076502852165
1 0 33.727718982726635 1 0 
2 0 0 1 0 -0 1 3.3460076502852165
1 6.2831853071795862 -0 0 1 
1 0 -0 0 1 
1 0 0 1 0 
2 0 0 1 0 -0 1 3.3460076502852165
1 0 33.727718982726635 1 0 
2 0 0 1 0 -0 1 3.3460076502852165
1 6.2831853071795862 -0 0 1 
1 0 -0 0 1 
1 0 0 1 0 
2 0 0 1 0 -0 1 3.3460076502852165
1 0 33.727718982726635 1 0 
2 0 0 1 0 -0 1 3.3460076502852165
1 6.2831853071795862 -0 0 1 
1 0 -0 0 1 
1 0 0 1 0 
2 0 0 1 0 -0 1 3.3460076502852165
1 0 33.727718982726635 1 0 
2 0 0 1 0 -0 1 3.3460076502852165
1 6.2831853071795862 -0 0 1 
1 0 -0 0 1 
1 0 0 1 0 
2 0 0 1 0 -0 1 3.3460076502852165
1 0 33.727718982726614 1 0 
2 0 0 1 0 -0 1 3.3460076502852165
1 6.2831853071795862 -0 0 1 
1 0 -0 0 1 
1 0 0 1 0 
2 0 0 1 0 -0 1 3.3460076502852165
1 0 33.727718982726614 1 0 
2 0 0 1 0 -0 1 3.3460076502852165
1 6.2831853071795862 -0 0 1 
1 0 -0 0 1 
1 0 0 1 0 
2 0 0 1 0 -0 1 3.3460076502852165
1 0 33.727718982726614 1 0 
2 0 0 1 0 -0 1 3.3460076502852165
1 6.2831853071795862 -0 0 1 
1 0 -0 0 1 
1 0 0 1 0 
2 0 0 1 0 -0 1 3.3460076502852165
1 0 33.727718982726614 1 0 
2 0 0 1 0 -0 1 3.3460076502852165
1 6.2831853071795862 -0 0 1 
1 0 -0 0 1 
1 0 0 1 0 
2 0 0 1 0 -0 1 3.3460076502852165
1 0 33.727718982726635 1 0 
2 0 0 1 0 -0 1 3.3460076502852165
1 6.2831853071795862 -0 0 1 
1 0 -0 0 1 
1 0 0 1 0 
2 0 0 1 0 -0 1 3.3460076502852165
1 0 33.73823303842137 1 0 
2 0 0 1 0 -0 1 2.5037839406638009
1 6.2831853071795862 -0 0 1 
1 0 -0 0 1 
1 0 0 1 0 
2 0 0 1 0 -0 1 3.3460076502852165
1 0 33.727718982726635 1 0 
2 0 0 1 0 -0 1 3.3460076502852165
1 6.2831853071795862 -0 0 1 
1 0 -0 0 1 
1 0 0 1 0 
2 0 0 1 0 -0 1 3.3460076502852165
1 0 33.727775866952314 1 0 
2 0 0 1 0 -0 1 3.284062887857877
1 6.2831853071795862 -0 0 1 
1 0 -0 0 1 
1 0 0 1 0 
2 0 0 1 0 -0 1 3.3460076502852165
1 0 33.727718982726614 1 0 
2 0 0 1 0 -0 1 3.3460076502852165
1 6.2831853071795862 -0 0 1 
1 0 -0 0 1 
1 0 0 1 0 
2 0 0 1 0 -0 1 3.3460076502852165
1 0 33.727718982726614 1 0 
2 0 0 1 0 -0 1 3.3460076502852165
1 6.2831853071795862 -0 0 1 
1 0 -0 0 1 
1 0 0 1 0 
2 0 0 1 0 -0 1 3.3460076502852165
1 0 33.727718982726614 1 0 
2 0 0 1 0 -0 1 3.3460076502852165
1 6.2831853071795862 -0 0 1 
1 0 -0 0 1 
1 0 0 1 0 
2 0 0 1 0 -0 1 3.3460076502852165
1 0 33.758566545821964 1 0 
2 0 0 1 0 -0 1 1.9031675860672388
1 6.2831853071795862 -0 0 1 
1 0 -0 0 1 
1 0 0 1 0 
2 0 0 1 0 -0 1 3.3460076502852165
1 0 33.728359656469543 1 0 
2 0 0 1 0 -0 1 2.2958961382714205
1 6.2831853071795862 -0 0 1 
1 0 -0 0 1 
1 0 0 1 0 
2 0 0 1 0 -0 1 2.5037839406638009
1 0 33.742191708642267 1 0 
2 0 0 1 0 -0 1 3.284062887857877
1 6.2831853071795862 -0 0 1 
1 0 -0 0 1 
1 0 0 1 0 
2 0 0 1 0 -0 1 2.2958961382714205
1 0 33.744062617969419 1 0 
2 0 0 1 0 -0 1 3.346007650285217
1 6.2831853071795862 -0 0 1 
1 0 -0 0 1 
1 0 0 1 0 
2 0 0 1 0 -0 1 2.2958961382714205
1 0 33.727718982726614 1 0 
2 0 0 1 0 -0 1 3.3460076502852165
1 6.2831853071795862 -0 0 1 
1 0 -0 0 1 
1 0 0 1 0 
2 0 0 1 0 -0 1 3.3460076502852165
1 0 33.727718982726614 1 0 
2 0 0 1 0 -0 1 3.3460076502852165
1 6.2831853071795862 -0 0 1 
1 0 -0 0 1 
1 0 0 1 0 
2 0 0 1 0 -0 1 3.3460076502852165
1 0 33.740523332252145 1 0 
2 0 0 1 0 -0 1 2.416552456920523
1 6.2831853071795862 -0 0 1 
1 0 -0 0 1 
1 0 0 1 0 
2 0 0 1 0 -0 1 3.3460076502852165
1 0 33.727718982726635 1 0 
2 0 0 1 0 -0 1 3.3460076502852165
1 6.2831853071795862 -0 0 1 
1 0 -0 0 1 
1 0 0 1 0 
2 0 0 1 0 -0 1 3.3460076502852165
1 0 33.727718982726635 1 0 
2 0 0 1 0 -0 1 3.3460076502852165
1 6.2831853071795862 -0 0 1 
1 0 -0 0 1 
1 0 0 1 0 
2 0 0 1 0 -0 1 3.3460076502852165
1 0 33.727718982726614 1 0 
2 0 0 1 0 -0 1 3.3460076502852165
1 6.2831853071795862 -0 0 1 
1 0 -0 0 1 
1 0 0 1 0 
2 0 0 1 0 -0 1 3.3460076502852165
1 0 33.727718982726614 1 0 
2 0 0 1 0 -0 1 3.3460076502852165
1 6.2831853071795862 -0 0 1 
1 0 -0 0 1 
1 0 0 1 0 
2 0 0 1 0 -0 1 3.3460076502852165
1 0 33.740523332252145 1 0 
2 0 0 1 0 -0 1 2.416552456920523
1 6.2831853071795862 -0 0 1 
1 0 -0 0 1 
1 0 0 1 0 
2 0 0 1 0 -0 1 3.3460076502852165
1 0 33.740487501701942 1 0 
2 0 0 1 0 -0 1 2.4178540666978439
1 6.2831853071795862 -0 0 1 
1 0 -0 0 1 
1 0 0 1 0 
2 0 0 1 0 -0 1 3.3460076502852165
1 0 33.727718982726635 1 0 
2 0 0 1 0 -0 1 3.3460076502852165
1 6.2831853071795862 -0 0 1 
1 0 -0 0 1 
1 0 0 1 0 
2 0 0 1 0 -0 1 3.3460076502852165
1 0 33.727718982726635 1 0 
2 0 0 1 0 -0 1 3.3460076502852165
1 6.2831853071795862 -0 0 1 
1 0 -0 0 1 
1 0 0 1 0 
2 0 0 1 0 -0 1 3.3460076502852165
1 0 33.727718982726614 1 0 
2 0 0 1 0 -0 1 3.3460076502852165
1 6.2831853071795862 -0 0 1 
1 0 -0 0 1 
1 0 0 1 0 
2 0 0 1 0 -0 1 3.3460076502852165
1 0 33.727718982726614 1 0 
2 0 0 1 0 -0 1 3.3460076502852165
1 6.2831853071795862 -0 0 1 
1 0 -0 0 1 
1 0 0 1 0 
2 0 0 1 0 -0 1 3.3460076502852165
1 0 33.740487501701942 1 0 
2 0 0 1 0 -0 1 2.4178540666978439
1 6.2831853071795862 -0 0 1 
1 0 -0 0 1 
1 0 0 1 0 
2 0 0 1 0 -0 1 3.3460076502852165
1 0 33.727718982726635 1 0 
2 0 0 1 0 -0 1 3.3460076502852165
1 6.2831853071795862 -0 0 1 
1 0 -0 0 1 
1 0 0 1 0 
2 0 0 1 0 -0 1 3.3460076502852165
1 0 33.727718982726635 1 0 
2 0 0 1 0 -0 1 3.3460076502852165
1 6.2831853071795862 -0 0 1 
1 0 -0 0 1 
1 0 0 1 0 
2 0 0 1 0 -0 1 3.3460076502852165
1 0 33.727718982726614 1 0 
2 0 0 1 0 -0 1 3.3460076502852165
1 6.2831853071795862 -0 0 1 
1 0 -0 0 1 
1 0 0 1 0 
2 0 0 1 0 -0 1 3.3460076502852165
1 0 33.727718982726614 1 0 
2 0 0 1 0 -0 1 3.3460076502852165
1 6.2831853071795862 -0 0 1 
1 0 -0 0 1 
1 0 0 1 0 
2 0 0 1 0 -0 1 3.3460076502852165
1 0 33.758581542497389 1 0 
2 0 0 1 0 -0 1 1.902816746881214
1 6.2831853071795862 -0 0 1 
1 0 -0 0 1 
1 0 0 1 0 
2 0 0 1 0 -0 1 3.3460076502852165
1 0 33.727718982726614 1 0 
2 0 0 1 0 -0 1 3.3460076502852165
1 6.2831853071795862 -0 0 1 
1 0 -0 0 1 
1 0 0 1 0 
2 0 0 1 0 -0 1 3.3460076502852165
1 0 33.727718982726635 1 0 
2 0 0 1 0 -0 1 3.3460076502852165
1 6.2831853071795862 -0 0 1 
1 0 -0 0 1 
1 0 0 1 0 
2 0 0 1 0 -0 1 3.3460076502852165
1 0 33.727718982726635 1 0 
2 0 0 1 0 -0 1 3.3460076502852165
1 6.2831853071795862 -0 0 1 
1 0 -0 0 1 
1 0 0 1 0 
2 0 0 1 0 -0 1 3.3460076502852165
1 0 33.737291052583672 1 0 
2 0 0 1 0 -0 1 2.5424034013148038
1 6.2831853071795862 -0 0 1 
1 0 -0 0 1 
1 0 0 1 0 
2 0 0 1 0 -0 1 3.3460076502852165
1 0 33.727718982726614 1 0 
2 0 0 1 0 -0 1 3.3460076502852165
1 6.2831853071795862 -0 0 1 
1 0 -0 0 1 
1 0 0 1 0 
2 0 0 1 0 -0 1 3.3460076502852165
1 0 33.727718982726614 1 0 
2 0 0 1 0 -0 1 3.3460076502852165
1 6.2831853071795862 -0 0 1 
1 0 -0 0 1 
1 0 0 1 0 
2 0 0 1 0 -0 1 3.3460076502852165
1 0 33.727718982726614 1 0 
2 0 0 1 0 -0 1 3.3460076502852165
1 6.2831853071795862 -0 0 1 
1 0 -0 0 1 
1 0 0 1 0 
2 0 0 1 0 -0 1 3.3460076502852165
1 0 33.727718982726614 1 0 
2 0 0 1 0 -0 1 3.3460076502852165
1 6.2831853071795862 -0 0 1 
1 0 -0 0 1 
1 0 0 1 0 
2 0 0 1 0 -0 1 3.3460076502852165
1 0 33.727718982726635 1 0 
2 0 0 1 0 -0 1 3.3460076502852165
1 6.2831853071795862 -0 0 1 
1 0 -0 0 1 
1 0 0 1 0 
2 0 0 1 0 -0 1 3.3460076502852165
1 0 33.727718982726635 1 0 
2 0 0 1 0 -0 1 3.3460076502852165
1 6.2831853071795862 -0 0 1 
1 0 -0 0 1 
1 0 0 1 0 
2 0 0 1 0 -0 1 3.3460076502852165
1 0 33.737291052583672 1 0 
2 0 0 1 0 -0 1 2.5424034013148038
1 6.2831853071795862 -0 0 1 
1 0 -0 0 1 
1 0 0 1 0 
2 0 0 1 0 -0 1 3.3460076502852165
1 0 33.737287408022866 1 0 
2 0 0 1 0 -0 1 2.5425564235393572
1 6.2831853071795862 -0 0 1 
1 0 -0 0 1 
1 0 0 1 0 
2 0 0 1 0 -0 1 3.3460076502852165
1 0 33.727718982726614 1 0 
2 0 0 1 0 -0 1 3.3460076502852165
1 6.2831853071795862 -0 0 1 
1 0 -0 0 1 
1 0 0 1 0 
2 0 0 1 0 -0 1 3.3460076502852165
1 0 33.727718982726614 1 0 
2 0 0 1 0 -0 1 3.3460076502852165
1 6.2831853071795862 -0 0 1 
1 0 -0 0 1 
1 0 0 1 0 
2 0 0 1 0 -0 1 3.3460076502852165
1 0 33.727718982726614 1 0 
2 0 0 1 0 -0 1 3.3460076502852165
1 6.2831853071795862 -0 0 1 
1 0 -0 0 1 
1 0 0 1 0 
2 0 0 1 0 -0 1 3.3460076502852165
1 0 33.758566545821964 1 0 
2 0 0 1 0 -0 1 1.9031675860672388
1 6.2831853071795862 -0 0 1 
1 0 -0 0 1 
1 0 0 1 0 
2 0 0 1 0 -0 1 3.3460076502852165
1 0 33.727718982726635 1 0 
2 0 0 1 0 -0 1 3.3460076502852165
1 6.2831853071795862 -0 0 1 
1 0 -0 0 1 
1 0 0 1 0 
2 0 0 1 0 -0 1 3.3460076502852165
1 0 33.727718982726635 1 0 
2 0 0 1 0 -0 1 3.3460076502852165
1 6.2831853071795862 -0 0 1 
1 0 -0 0 1 
1 0 0 1 0 
2 0 0 1 0 -0 1 3.3460076502852165
1 0 33.737287408022866 1 0 
2 0 0 1 0 -0 1 2.5425564235393572
1 6.2831853071795862 -0 0 1 
1 0 -0 0 1 
1 0 0 1 0 
2 0 0 1 0 -0 1 3.3460076502852165
1 0 33.740523332252124 1 0 
2 0 0 1 0 -0 1 2.416552456920523
1 6.2831853071795862 -0 0 1 
1 0 -0 0 1 
1 0 0 1 0 
2 0 0 1 0 -0 1 3.3460076502852165
1 0 33.727718982726614 1 0 
2 0 0 1 0 -0 1 3.3460076502852165
1 6.2831853071795862 -0 0 1 
1 0 -0 0 1 
1 0 0 1 0 
2 0 0 1 0 -0 1 3.3460076502852165
1 0 33.727718982726614 1 0 
2 0 0 1 0 -0 1 3.3460076502852165
1 6.2831853071795862 -0 0 1 
1 0 -0 0 1 
1 0 0 1 0 
2 0 0 1 0 -0 1 3.3460076502852165
1 0 33.733361789605432 1 0 
2 0 0 1 0 -0 1 2.7290231686046762
1 6.2831853071795862 -0 0 1 
1 0 -0 0 1 
1 0 0 1 0 
2 0 0 1 0 -0 1 3.3460076502852165
1 0 33.727718982726614 1 0 
2 0 0 1 0 -0 1 3.3460076502852165
1 6.2831853071795862 -0 0 1 
1 0 -0 0 1 
1 0 0 1 0 
2 0 0 1 0 -0 1 3.3460076502852165
1 0 33.728157978862498 1 0 
2 0 0 1 0 -0 1 3.1739237482808642
1 6.2831853071795862 -0 0 1 
1 0 -0 0 1 
1 0 0 1 0 
2 0 0 1 0 -0 1 3.3460076502852165
1 0 33.729301481483198 1 0 
2 0 0 1 0 -0 1 3.0192804689740775
1 6.2831853071795862 -0 0 1 
1 0 -0 0 1 
1 0 0 1 0 
2 0 0 1 0 -0 1 3.3460076502852165
1 0 33.740523332252124 1 0 
2 0 0 1 0 -0 1 3.3460076502852165
1 6.2831853071795862 -0 0 1 
1 0 -0 0 1 
1 0 0 1 0 
2 0 0 1 0 -0 1 2.416552456920523
1 0 33.740487501701914 1 0 
2 0 0 1 0 -0 1 2.4178540666978439
1 6.2831853071795862 -0 0 1 
1 0 -0 0 1 
1 0 0 1 0 
2 0 0 1 0 -0 1 3.3460076502852165
1 0 33.727718982726614 1 0 
2 0 0 1 0 -0 1 3.3460076502852165
1 6.2831853071795862 -0 0 1 
1 0 -0 0 1 
1 0 0 1 0 
2 0 0 1 0 -0 1 3.3460076502852165
1 0 33.727718982726614 1 0 
2 0 0 1 0 -0 1 3.3460076502852165
1 6.2831853071795862 -0 0 1 
1 0 -0 0 1 
1 0 0 1 0 
2 0 0 1 0 -0 1 3.3460076502852165
1 0 33.727718982726614 1 0 
2 0 0 1 0 -0 1 3.3460076502852165
1 6.2831853071795862 -0 0 1 
1 0 -0 0 1 
1 0 0 1 0 
2 0 0 1 0 -0 1 3.3460076502852165
1 0 33.727718982726614 1 0 
2 0 0 1 0 -0 1 3.3460076502852165
1 6.2831853071795862 -0 0 1 
1 0 -0 0 1 
1 0 0 1 0 
2 0 0 1 0 -0 1 3.3460076502852165
1 0 33.729301481483198 1 0 
2 0 0 1 0 -0 1 3.0192804689740775
1 6.2831853071795862 -0 0 1 
1 0 -0 0 1 
1 0 0 1 0 
2 0 0 1 0 -0 1 3.3460076502852165
1 0 33.72942656242089 1 0 
2 0 0 1 0 -0 1 3.0066134076011086
1 6.2831853071795862 -0 0 1 
1 0 -0 0 1 
1 0 0 1 0 
2 0 0 1 0 -0 1 3.3460076502852165
1 0 33.740487501701914 1 0 
2 0 0 1 0 -0 1 3.3460076502852165
1 6.2831853071795862 -0 0 1 
1 0 -0 0 1 
1 0 0 1 0 
2 0 0 1 0 -0 1 2.4178540666978439
1 0 33.727718982726614 1 0 
2 0 0 1 0 -0 1 3.3460076502852165
1 6.2831853071795862 -0 0 1 
1 0 -0 0 1 
1 0 0 1 0 
2 0 0 1 0 -0 1 3.3460076502852165
1 0 33.727718982726614 1 0 
2 0 0 1 0 -0 1 3.3460076502852165
1 6.2831853071795862 -0 0 1 
1 0 -0 0 1 
1 0 0 1 0 
2 0 0 1 0 -0 1 3.3460076502852165
1 0 33.727718982726614 1 0 
2 0 0 1 0 -0 1 3.3460076502852165
1 6.2831853071795862 -0 0 1 
1 0 -0 0 1 
1 0 0 1 0 
2 0 0 1 0 -0 1 3.3460076502852165
1 0 33.733334999316433 1 0 
2 0 0 1 0 -0 1 2.7304896584035085
1 6.2831853071795862 -0 0 1 
1 0 -0 0 1 
1 0 0 1 0 
2 0 0 1 0 -0 1 3.3460076502852165
1 0 33.72942656242089 1 0 
2 0 0 1 0 -0 1 3.0066134076011086
1 6.2831853071795862 -0 0 1 
1 0 -0 0 1 
1 0 0 1 0 
2 0 0 1 0 -0 1 3.3460076502852165
1 0 33.72814563270731 1 0 
2 0 0 1 0 -0 1 3.1763608308751499
1 6.2831853071795862 -0 0 1 
1 0 -0 0 1 
1 0 0 1 0 
2 0 0 1 0 -0 1 3.3460076502852165
1 0 33.727718982726614 1 0 
2 0 0 1 0 -0 1 3.3460076502852165
1 6.2831853071795862 -0 0 1 
1 0 -0 0 1 
1 0 0 1 0 
2 0 0 1 0 -0 1 3.3460076502852165
1 0 33.727718982726614 1 0 
2 0 0 1 0 -0 1 3.3460076502852165
1 6.2831853071795862 -0 0 1 
1 0 -0 0 1 
1 0 0 1 0 
2 0 0 1 0 -0 1 3.3460076502852165
1 0 33.737291052583643 1 0 
2 0 0 1 0 -0 1 2.5424034013148038
1 6.2831853071795862 -0 0 1 
1 0 -0 0 1 
1 0 0 1 0 
2 0 0 1 0 -0 1 3.3460076502852165
1 0 33.728157978862498 1 0 
2 0 0 1 0 -0 1 3.1739237482808642
1 6.2831853071795862 -0 0 1 
1 0 -0 0 1 
1 0 0 1 0 
2 0 0 1 0 -0 1 3.3460076502852165
1 0 33.729301481483198 1 0 
2 0 0 1 0 -0 1 3.0192804689740775
1 6.2831853071795862 -0 0 1 
1 0 -0 0 1 
1 0 0 1 0 
2 0 0 1 0 -0 1 3.3460076502852165
1 0 33.738425065073109 1 0 
2 0 0 1 0 -0 1 2.4961264269509011
1 6.2831853071795862 -0 0 1 
1 0 -0 0 1 
1 0 0 1 0 
2 0 0 1 0 -0 1 3.3460076502852165
1 0 33.727718982726614 1 0 
2 0 0 1 0 -0 1 3.3460076502852165
1 6.2831853071795862 -0 0 1 
1 0 -0 0 1 
1 0 0 1 0 
2 0 0 1 0 -0 1 3.3460076502852165
1 0 33.727718982726614 1 0 
2 0 0 1 0 -0 1 3.3460076502852165
1 6.2831853071795862 -0 0 1 
1 0 -0 0 1 
1 0 0 1 0 
2 0 0 1 0 -0 1 3.3460076502852165
1 0 33.737291052583643 1 0 
2 0 0 1 0 -0 1 2.5424034013148038
1 6.2831853071795862 -0 0 1 
1 0 -0 0 1 
1 0 0 1 0 
2 0 0 1 0 -0 1 3.3460076502852165
1 0 33.737287408022844 1 0 
2 0 0 1 0 -0 1 2.5425564235393572
1 6.2831853071795862 -0 0 1 
1 0 -0 0 1 
1 0 0 1 0 
2 0 0 1 0 -0 1 3.3460076502852165
1 0 33.729301481483198 1 0 
2 0 0 1 0 -0 1 3.0192804689740775
1 6.2831853071795862 -0 0 1 
1 0 -0 0 1 
1 0 0 1 0 
2 0 0 1 0 -0 1 3.3460076502852165
1 0 33.72942656242089 1 0 
2 0 0 1 0 -0 1 3.0066134076011086
1 6.2831853071795862 -0 0 1 
1 0 -0 0 1 
1 0 0 1 0 
2 0 0 1 0 -0 1 3.3460076502852165
1 0 33.738425065073109 1 0 
2 0 0 1 0 -0 1 2.4961264269509011
1 6.2831853071795862 -0 0 1 
1 0 -0 0 1 
1 0 0 1 0 
2 0 0 1 0 -0 1 3.3460076502852165
1 0 33.738401689742282 1 0 
2 0 0 1 0 -0 1 2.4970548832672614
1 6.2831853071795862 -0 0 1 
1 0 -0 0 1 
1 0 0 1 0 
2 0 0 1 0 -0 1 3.3460076502852165
1 0 33.727718982726614 1 0 
2 0 0 1 0 -0 1 3.3460076502852165
1 6.2831853071795862 -0 0 1 
1 0 -0 0 1 
1 0 0 1 0 
2 0 0 1 0 -0 1 3.3460076502852165
1 0 33.727718982726614 1 0 
2 0 0 1 0 -0 1 3.3460076502852165
1 6.2831853071795862 -0 0 1 
1 0 -0 0 1 
1 0 0 1 0 
2 0 0 1 0 -0 1 3.3460076502852165
1 0 33.737287408022844 1 0 
2 0 0 1 0 -0 1 2.5425564235393572
1 6.2831853071795862 -0 0 1 
1 0 -0 0 1 
1 0 0 1 0 
2 0 0 1 0 -0 1 3.3460076502852165
1 0 33.72942656242089 1 0 
2 0 0 1 0 -0 1 3.0066134076011086
1 6.2831853071795862 -0 0 1 
1 0 -0 0 1 
1 0 0 1 0 
2 0 0 1 0 -0 1 3.3460076502852165
1 0 33.72814563270731 1 0 
2 0 0 1 0 -0 1 3.1763608308751499
1 6.2831853071795862 -0 0 1 
1 0 -0 0 1 
1 0 0 1 0 
2 0 0 1 0 -0 1 3.3460076502852165
1 0 33.738401689742282 1 0 
2 0 0 1 0 -0 1 2.4970548832672614
1 6.2831853071795862 -0 0 1 
1 0 -0 0 1 
1 0 0 1 0 
2 0 0 1 0 -0 1 3.3460076502852165
1 0 33.733361789605453 1 0 
2 0 0 1 0 -0 1 2.7290231686046762
1 6.2831853071795862 -0 0 1 
1 0 -0 0 1 
1 0 0 1 0 
2 0 0 1 0 -0 1 3.3460076502852165
1 0 33.727718982726635 1 0 
2 0 0 1 0 -0 1 3.3460076502852165
1 6.2831853071795862 -0 0 1 
1 0 -0 0 1 
1 0 0 1 0 
2 0 0 1 0 -0 1 3.3460076502852165
1 0 33.7277189827266 1 0 
2 0 0 1 0 -0 1 3.3460076502852165
1 6.2831853071795862 -0 0 1 
1 0 -0 0 1 
1 0 0 1 0 
2 0 0 1 0 -0 1 3.3460076502852165
1 0 33.72973779885109 1 0 
2 0 0 1 0 -0 1 2.9769762133212465
1 6.2831853071795862 -0 0 1 
1 0 -0 0 1 
1 0 0 1 0 
2 0 0 1 0 -0 1 3.3460076502852165
1 0 33.7277189827266 1 0 
2 0 0 1 0 -0 1 3.3460076502852165
1 6.2831853071795862 -0 0 1 
1 0 -0 0 1 
1 0 0 1 0 
2 0 0 1 0 -0 1 3.3460076502852165
1 0 33.7277189827266 1 0 
2 0 0 1 0 -0 1 3.3460076502852165
1 6.2831853071795862 -0 0 1 
1 0 -0 0 1 
1 0 0 1 0 
2 0 0 1 0 -0 1 3.3460076502852165
1 0 33.727718982726635 1 0 
2 0 0 1 0 -0 1 3.3460076502852165
1 6.2831853071795862 -0 0 1 
1 0 -0 0 1 
1 0 0 1 0 
2 0 0 1 0 -0 1 3.3460076502852165
1 0 33.727718982726635 1 0 
2 0 0 1 0 -0 1 3.3460076502852165
1 6.2831853071795862 -0 0 1 
1 0 -0 0 1 
1 0 0 1 0 
2 0 0 1 0 -0 1 3.3460076502852165
1 0 33.72973779885109 1 0 
2 0 0 1 0 -0 1 2.9769762133212465
1 6.2831853071795862 -0 0 1 
1 0 -0 0 1 
1 0 0 1 0 
2 0 0 1 0 -0 1 3.3460076502852165
1 0 33.729740039327908 1 0 
2 0 0 1 0 -0 1 2.9767714889138874
1 6.2831853071795862 -0 0 1 
1 0 -0 0 1 
1 0 0 1 0 
2 0 0 1 0 -0 1 3.3460076502852165
1 0 33.7277189827266 1 0 
2 0 0 1 0 -0 1 3.3460076502852165
1 6.2831853071795862 -0 0 1 
1 0 -0 0 1 
1 0 0 1 0 
2 0 0 1 0 -0 1 3.3460076502852165
1 0 33.7277189827266 1 0 
2 0 0 1 0 -0 1 3.3460076502852165
1 6.2831853071795862 -0 0 1 
1 0 -0 0 1 
1 0 0 1 0 
2 0 0 1 0 -0 1 3.3460076502852165
1 0 33.727718982726635 1 0 
2 0 0 1 0 -0 1 3.3460076502852165
1 6.2831853071795862 -0 0 1 
1 0 -0 0 1 
1 0 0 1 0 
2 0 0 1 0 -0 1 3.3460076502852165
1 0 33.733334999316462 1 0 
2 0 0 1 0 -0 1 2.7304896584035085
1 6.2831853071795862 -0 0 1 
1 0 -0 0 1 
1 0 0 1 0 
2 0 0 1 0 -0 1 3.3460076502852165
1 0 33.729740039327908 1 0 
2 0 0 1 0 -0 1 2.9767714889138874
1 6.2831853071795862 -0 0 1 
1 0 -0 0 1 
1 0 0 1 0 
2 0 0 1 0 -0 1 3.3460076502852165
1 0 33.7277189827266 1 0 
2 0 0 1 0 -0 1 3.3460076502852165
1 6.2831853071795862 -0 0 1 
1 0 -0 0 1 
1 0 0 1 0 
2 0 0 1 0 -0 1 3.3460076502852165
1 0 33.7277189827266 1 0 
2 0 0 1 0 -0 1 3.3460076502852165
1 6.2831853071795862 -0 0 1 
1 0 -0 0 1 
1 0 0 1 0 
2 0 0 1 0 -0 1 3.3460076502852165
1 0 33.7277189827266 1 0 
2 0 0 1 0 -0 1 3.3460076502852165
1 6.2831853071795862 -0 0 1 
1 0 -0 0 1 
1 0 0 1 0 
2 0 0 1 0 -0 1 3.3460076502852165
1 0 33.733361789605453 1 0 
2 0 0 1 0 -0 1 3.3460076502852165
1 6.2831853071795862 -0 0 1 
1 0 -0 0 1 
1 0 0 1 0 
2 0 0 1 0 -0 1 2.7290231686046762
1 0 33.727718982726635 1 0 
2 0 0 1 0 -0 1 3.3460076502852165
1 6.2831853071795862 -0 0 1 
1 0 -0 0 1 
1 0 0 1 0 
2 0 0 1 0 -0 1 3.3460076502852165
1 0 33.728157978862527 1 0 
2 0 0 1 0 -0 1 3.1739237482808642
1 6.2831853071795862 -0 0 1 
1 0 -0 0 1 
1 0 0 1 0 
2 0 0 1 0 -0 1 3.3460076502852165
1 0 33.729301481483226 1 0 
2 0 0 1 0 -0 1 3.0192804689740775
1 6.2831853071795862 -0 0 1 
1 0 -0 0 1 
1 0 0 1 0 
2 0 0 1 0 -0 1 3.3460076502852165
1 0 33.7277189827266 1 0 
2 0 0 1 0 -0 1 3.3460076502852165
1 6.2831853071795862 -0 0 1 
1 0 -0 0 1 
1 0 0 1 0 
2 0 0 1 0 -0 1 3.3460076502852165
1 0 33.7277189827266 1 0 
2 0 0 1 0 -0 1 3.3460076502852165
1 6.2831853071795862 -0 0 1 
1 0 -0 0 1 
1 0 0 1 0 
2 0 0 1 0 -0 1 3.3460076502852165
1 0 33.7277189827266 1 0 
2 0 0 1 0 -0 1 3.3460076502852165
1 6.2831853071795862 -0 0 1 
1 0 -0 0 1 
1 0 0 1 0 
2 0 0 1 0 -0 1 3.3460076502852165
1 0 33.756828469663397 1 0 
2 0 0 1 0 -0 1 1.9444226359171066
1 6.2831853071795862 -0 0 1 
1 0 -0 0 1 
1 0 0 1 0 
2 0 0 1 0 -0 1 3.3460076502852165
1 0 33.769186688114367 1 0 
2 0 0 1 0 -0 1 1.673003825142608
1 6.2831853071795862 -0 0 1 
1 0 -0 0 1 
1 0 0 1 0 
2 0 0 1 0 -0 1 3.3460076502852165
1 0 33.769186688114367 1 0 
2 0 0 1 0 -0 1 3.346007650285217
1 6.2831853071795862 -0 0 1 
1 0 -0 0 1 
1 0 0 1 0 
2 0 0 1 0 -0 1 1.6730038251426083
1 0 33.727718982726635 1 0 
2 0 0 1 0 -0 1 3.3460076502852165
1 6.2831853071795862 -0 0 1 
1 0 -0 0 1 
1 0 0 1 0 
2 0 0 1 0 -0 1 3.3460076502852165
1 0 33.733334999316462 1 0 
2 0 0 1 0 -0 1 2.7304896584035085
1 6.2831853071795862 -0 0 1 
1 0 -0 0 1 
1 0 0 1 0 
2 0 0 1 0 -0 1 3.3460076502852165
1 0 33.729426562420919 1 0 
2 0 0 1 0 -0 1 3.0066134076011086
1 6.2831853071795862 -0 0 1 
1 0 -0 0 1 
1 0 0 1 0 
2 0 0 1 0 -0 1 3.3460076502852165
1 0 33.728145632707331 1 0 
2 0 0 1 0 -0 1 3.1763608308751499
1 6.2831853071795862 -0 0 1 
1 0 -0 0 1 
1 0 0 1 0 
2 0 0 1 0 -0 1 3.3460076502852165
1 0 33.7277189827266 1 0 
2 0 0 1 0 -0 1 3.3460076502852165
1 6.2831853071795862 -0 0 1 
1 0 -0 0 1 
1 0 0 1 0 
2 0 0 1 0 -0 1 3.3460076502852165
1 0 33.7277189827266 1 0 
2 0 0 1 0 -0 1 3.3460076502852165
1 6.2831853071795862 -0 0 1 
1 0 -0 0 1 
1 0 0 1 0 
2 0 0 1 0 -0 1 3.3460076502852165
1 0 33.75747985603951 1 0 
2 0 0 1 0 -0 1 1.928820840744113
1 6.2831853071795862 -0 0 1 
1 0 -0 0 1 
1 0 0 1 0 
2 0 0 1 0 -0 1 3.3460076502852165
1 0 33.7277189827266 1 0 
2 0 0 1 0 -0 1 3.3460076502852165
1 6.2831853071795862 -0 0 1 
1 0 -0 0 1 
1 0 0 1 0 
2 0 0 1 0 -0 1 3.3460076502852165
1 0 33.728157978862527 1 0 
2 0 0 1 0 -0 1 3.3460076502852165
1 6.2831853071795862 -0 0 1 
1 0 -0 0 1 
1 0 0 1 0 
2 0 0 1 0 -0 1 3.1739237482808642
1 0 33.729301481483226 1 0 
2 0 0 1 0 -0 1 3.0192804689740775
1 6.2831853071795862 -0 0 1 
1 0 -0 0 1 
1 0 0 1 0 
2 0 0 1 0 -0 1 3.3460076502852165
1 0 33.769186688114367 1 0 
2 0 0 1 0 -0 1 1.673003825142608
1 6.2831853071795862 -0 0 1 
1 0 -0 0 1 
1 0 0 1 0 
2 0 0 1 0 -0 1 3.3460076502852165
1 0 33.73842506507313 1 0 
2 0 0 1 0 -0 1 2.4961264269509011
1 6.2831853071795862 -0 0 1 
1 0 -0 0 1 
1 0 0 1 0 
2 0 0 1 0 -0 1 3.3460076502852165
1 0 33.7277189827266 1 0 
2 0 0 1 0 -0 1 3.3460076502852165
1 6.2831853071795862 -0 0 1 
1 0 -0 0 1 
1 0 0 1 0 
2 0 0 1 0 -0 1 3.3460076502852165
1 0 33.756828469663397 1 0 
2 0 0 1 0 -0 1 1.9444226359171066
1 6.2831853071795862 -0 0 1 
1 0 -0 0 1 
1 0 0 1 0 
2 0 0 1 0 -0 1 3.3460076502852165
1 0 33.7277189827266 1 0 
2 0 0 1 0 -0 1 3.3460076502852165
1 6.2831853071795862 -0 0 1 
1 0 -0 0 1 
1 0 0 1 0 
2 0 0 1 0 -0 1 3.3460076502852165
1 0 33.7277189827266 1 0 
2 0 0 1 0 -0 1 3.3460076502852165
1 6.2831853071795862 -0 0 1 
1 0 -0 0 1 
1 0 0 1 0 
2 0 0 1 0 -0 1 3.3460076502852165
1 0 33.729301481483226 1 0 
2 0 0 1 0 -0 1 3.3460076502852165
1 6.2831853071795862 -0 0 1 
1 0 -0 0 1 
1 0 0 1 0 
2 0 0 1 0 -0 1 3.0192804689740775
1 0 33.729426562420919 1 0 
2 0 0 1 0 -0 1 3.0066134076011086
1 6.2831853071795862 -0 0 1 
1 0 -0 0 1 
1 0 0 1 0 
2 0 0 1 0 -0 1 3.3460076502852165
1 0 33.73842506507313 1 0 
2 0 0 1 0 -0 1 2.4961264269509011
1 6.2831853071795862 -0 0 1 
1 0 -0 0 1 
1 0 0 1 0 
2 0 0 1 0 -0 1 3.3460076502852165
1 0 33.738401689742304 1 0 
2 0 0 1 0 -0 1 2.4970548832672614
1 6.2831853071795862 -0 0 1 
1 0 -0 0 1 
1 0 0 1 0 
2 0 0 1 0 -0 1 3.3460076502852165
1 0 33.756828469663397 1 0 
2 0 0 1 0 -0 1 1.9444226359171066
1 6.2831853071795862 -0 0 1 
1 0 -0 0 1 
1 0 0 1 0 
2 0 0 1 0 -0 1 3.3460076502852165
1 0 33.75747985603951 1 0 
2 0 0 1 0 -0 1 1.928820840744113
1 6.2831853071795862 -0 0 1 
1 0 -0 0 1 
1 0 0 1 0 
2 0 0 1 0 -0 1 3.3460076502852165
1 0 33.7277189827266 1 0 
2 0 0 1 0 -0 1 3.3460076502852165
1 6.2831853071795862 -0 0 1 
1 0 -0 0 1 
1 0 0 1 0 
2 0 0 1 0 -0 1 3.3460076502852165
1 0 33.7277189827266 1 0 
2 0 0 1 0 -0 1 3.3460076502852165
1 6.2831853071795862 -0 0 1 
1 0 -0 0 1 
1 0 0 1 0 
2 0 0 1 0 -0 1 3.3460076502852165
1 0 33.729426562420919 1 0 
2 0 0 1 0 -0 1 3.3460076502852165
1 6.2831853071795862 -0 0 1 
1 0 -0 0 1 
1 0 0 1 0 
2 0 0 1 0 -0 1 3.0066134076011086
1 0 33.728145632707331 1 0 
2 0 0 1 0 -0 1 3.1763608308751499
1 6.2831853071795862 -0 0 1 
1 0 -0 0 1 
1 0 0 1 0 
2 0 0 1 0 -0 1 3.3460076502852165
1 0 33.738401689742304 1 0 
2 0 0 1 0 -0 1 2.4970548832672614
1 6.2831853071795862 -0 0 1 
1 0 -0 0 1 
1 0 0 1 0 
2 0 0 1 0 -0 1 3.3460076502852165
1 0 33.769186688114367 1 0 
2 0 0 1 0 -0 1 1.673003825142608
1 6.2831853071795862 -0 0 1 
1 0 -0 0 1 
1 0 0 1 0 
2 0 0 1 0 -0 1 3.3460076502852165
1 0 33.75747985603951 1 0 
2 0 0 1 0 -0 1 1.928820840744113
1 6.2831853071795862 -0 0 1 
1 0 -0 0 1 
1 0 0 1 0 
2 0 0 1 0 -0 1 3.3460076502852165
1 0 33.7277189827266 1 0 
2 0 0 1 0 -0 1 3.3460076502852165
1 6.2831853071795862 -0 0 1 
1 0 -0 0 1 
1 0 0 1 0 
2 0 0 1 0 -0 1 3.3460076502852165
1 0 33.7277189827266 1 0 
2 0 0 1 0 -0 1 3.3460076502852165
1 6.2831853071795862 -0 0 1 
1 0 -0 0 1 
1 0 0 1 0 
2 0 0 1 0 -0 1 3.3460076502852165
1 0 33.7277189827266 1 0 
2 0 0 1 0 -0 1 3.3460076502852165
1 6.2831853071795862 -0 0 1 
1 0 -0 0 1 
1 0 0 1 0 
2 0 0 1 0 -0 1 3.3460076502852165
1 0 33.727718982726635 1 0 
2 0 0 1 0 -0 1 3.3460076502852165
1 6.2831853071795862 -0 0 1 
1 0 -0 0 1 
1 0 0 1 0 
2 0 0 1 0 -0 1 3.3460076502852165
1 0 33.727718982726635 1 0 
2 0 0 1 0 -0 1 3.3460076502852165
1 6.2831853071795862 -0 0 1 
1 0 -0 0 1 
1 0 0 1 0 
2 0 0 1 0 -0 1 3.3460076502852165
1 0 33.727718982726635 1 0 
2 0 0 1 0 -0 1 3.3460076502852165
1 6.2831853071795862 -0 0 1 
1 0 -0 0 1 
1 0 0 1 0 
2 0 0 1 0 -0 1 3.3460076502852165
1 0 33.727718982726635 1 0 
2 0 0 1 0 -0 1 3.3460076502852165
1 6.2831853071795862 -0 0 1 
1 0 -0 0 1 
1 0 0 1 0 
2 0 0 1 0 -0 1 3.3460076502852165
1 0 33.729737798851126 1 0 
2 0 0 1 0 -0 1 2.9769762133212465
1 6.2831853071795862 -0 0 1 
1 0 -0 0 1 
1 0 0 1 0 
2 0 0 1 0 -0 1 3.3460076502852165
1 0 33.727718982726635 1 0 
2 0 0 1 0 -0 1 3.3460076502852165
1 6.2831853071795862 -0 0 1 
1 0 -0 0 1 
1 0 0 1 0 
2 0 0 1 0 -0 1 3.3460076502852165
1 0 33.729737798851126 1 0 
2 0 0 1 0 -0 1 2.9769762133212465
1 6.2831853071795862 -0 0 1 
1 0 -0 0 1 
1 0 0 1 0 
2 0 0 1 0 -0 1 3.3460076502852165
1 0 33.727718982726635 1 0 
2 0 0 1 0 -0 1 3.3460076502852165
1 6.2831853071795862 -0 0 1 
1 0 -0 0 1 
1 0 0 1 0 
2 0 0 1 0 -0 1 3.3460076502852165
1 0 33.727718982726635 1 0 
2 0 0 1 0 -0 1 3.3460076502852165
1 6.2831853071795862 -0 0 1 
1 0 -0 0 1 
1 0 0 1 0 
2 0 0 1 0 -0 1 3.3460076502852165
1 0 33.729737798851126 1 0 
2 0 0 1 0 -0 1 3.3460076502852165
1 6.2831853071795862 -0 0 1 
1 0 -0 0 1 
1 0 0 1 0 
2 0 0 1 0 -0 1 2.9769762133212465
1 0 33.729737798851126 1 0 
2 0 0 1 0 -0 1 3.3460076502852165
1 6.2831853071795862 -0 0 1 
1 0 -0 0 1 
1 0 0 1 0 
2 0 0 1 0 -0 1 2.9769762133212465
1 0 33.72974003932795 1 0 
2 0 0 1 0 -0 1 2.9767714889138874
1 6.2831853071795862 -0 0 1 
1 0 -0 0 1 
1 0 0 1 0 
2 0 0 1 0 -0 1 3.3460076502852165
1 0 33.72974003932795 1 0 
2 0 0 1 0 -0 1 2.9767714889138874
1 6.2831853071795862 -0 0 1 
1 0 -0 0 1 
1 0 0 1 0 
2 0 0 1 0 -0 1 3.3460076502852165
1 0 33.727718982726635 1 0 
2 0 0 1 0 -0 1 3.3460076502852165
1 6.2831853071795862 -0 0 1 
1 0 -0 0 1 
1 0 0 1 0 
2 0 0 1 0 -0 1 3.3460076502852165
1 0 33.727718982726635 1 0 
2 0 0 1 0 -0 1 3.3460076502852165
1 6.2831853071795862 -0 0 1 
1 0 -0 0 1 
1 0 0 1 0 
2 0 0 1 0 -0 1 3.3460076502852165
1 0 33.72974003932795 1 0 
2 0 0 1 0 -0 1 3.3460076502852165
1 6.2831853071795862 -0 0 1 
1 0 -0 0 1 
1 0 0 1 0 
2 0 0 1 0 -0 1 2.9767714889138874
1 0 33.72974003932795 1 0 
2 0 0 1 0 -0 1 3.3460076502852165
1 6.2831853071795862 -0 0 1 
1 0 -0 0 1 
1 0 0 1 0 
2 0 0 1 0 -0 1 2.9767714889138874
1 0 33.727718982726635 1 0 
2 0 0 1 0 -0 1 3.3460076502852165
1 6.2831853071795862 -0 0 1 
1 0 -0 0 1 
1 0 0 1 0 
2 0 0 1 0 -0 1 3.3460076502852165
1 0 33.727718982726635 1 0 
2 0 0 1 0 -0 1 3.3460076502852165
1 6.2831853071795862 -0 0 1 
1 0 -0 0 1 
1 0 0 1 0 
2 0 0 1 0 -0 1 3.3460076502852165
1 0 33.727718982726635 1 0 
2 0 0 1 0 -0 1 3.3460076502852165
1 6.2831853071795862 -0 0 1 
1 0 -0 0 1 
1 0 0 1 0 
2 0 0 1 0 -0 1 3.3460076502852165
1 0 33.727718982726635 1 0 
2 0 0 1 0 -0 1 3.3460076502852165
1 6.2831853071795862 -0 0 1 
1 0 -0 0 1 
1 0 0 1 0 
2 0 0 1 0 -0 1 3.3460076502852165
1 0 33.727718982726635 1 0 
2 0 0 1 0 -0 1 3.3460076502852165
1 6.2831853071795862 -0 0 1 
1 0 -0 0 1 
1 0 0 1 0 
2 0 0 1 0 -0 1 3.3460076502852165
1 0 33.727718982726635 1 0 
2 0 0 1 0 -0 1 3.3460076502852165
1 6.2831853071795862 -0 0 1 
1 0 -0 0 1 
1 0 0 1 0 
2 0 0 1 0 -0 1 3.3460076502852165
1 0 33.727718982726635 1 0 
2 0 0 1 0 -0 1 3.3460076502852165
1 6.2831853071795862 -0 0 1 
1 0 -0 0 1 
1 0 0 1 0 
2 0 0 1 0 -0 1 3.3460076502852165
1 0 33.727718982726635 1 0 
2 0 0 1 0 -0 1 3.3460076502852165
1 6.2831853071795862 -0 0 1 
1 0 -0 0 1 
1 0 0 1 0 
2 0 0 1 0 -0 1 3.3460076502852165
1 0 33.727718982726635 1 0 
2 0 0 1 0 -0 1 3.3460076502852165
1 6.2831853071795862 -0 0 1 
1 0 -0 0 1 
1 0 0 1 0 
2 0 0 1 0 -0 1 3.3460076502852165
1 0 33.727718982726635 1 0 
2 0 0 1 0 -0 1 3.3460076502852165
1 6.2831853071795862 -0 0 1 
1 0 -0 0 1 
1 0 0 1 0 
2 0 0 1 0 -0 1 3.3460076502852165
1 0 33.727718982726635 1 0 
2 0 0 1 0 -0 1 3.3460076502852165
1 6.2831853071795862 -0 0 1 
1 0 -0 0 1 
1 0 0 1 0 
2 0 0 1 0 -0 1 3.3460076502852165
1 0 33.727718982726635 1 0 
2 0 0 1 0 -0 1 3.3460076502852165
1 6.2831853071795862 -0 0 1 
1 0 -0 0 1 
1 0 0 1 0 
2 0 0 1 0 -0 1 3.3460076502852165
1 0 33.756828469663439 1 0 
2 0 0 1 0 -0 1 1.9444226359171064
1 6.2831853071795862 -0 0 1 
1 0 -0 0 1 
1 0 0 1 0 
2 0 0 1 0 -0 1 3.3460076502852165
1 0 33.727718982726635 1 0 
2 0 0 1 0 -0 1 3.3460076502852165
1 6.2831853071795862 -0 0 1 
1 0 -0 0 1 
1 0 0 1 0 
2 0 0 1 0 -0 1 3.3460076502852165
1 0 33.727718982726635 1 0 
2 0 0 1 0 -0 1 3.3460076502852165
1 6.2831853071795862 -0 0 1 
1 0 -0 0 1 
1 0 0 1 0 
2 0 0 1 0 -0 1 3.3460076502852165
1 0 33.727718982726635 1 0 
2 0 0 1 0 -0 1 3.3460076502852165
1 6.2831853071795862 -0 0 1 
1 0 -0 0 1 
1 0 0 1 0 
2 0 0 1 0 -0 1 3.3460076502852165
1 0 33.727718982726635 1 0 
2 0 0 1 0 -0 1 3.3460076502852165
1 6.2831853071795862 -0 0 1 
1 0 -0 0 1 
1 0 0 1 0 
2 0 0 1 0 -0 1 3.3460076502852165
1 0 33.757479856039552 1 0 
2 0 0 1 0 -0 1 1.928820840744113
1 6.2831853071795862 -0 0 1 
1 0 -0 0 1 
1 0 0 1 0 
2 0 0 1 0 -0 1 3.3460076502852165
1 0 33.727718982726635 1 0 
2 0 0 1 0 -0 1 3.3460076502852165
1 6.2831853071795862 -0 0 1 
1 0 -0 0 1 
1 0 0 1 0 
2 0 0 1 0 -0 1 3.3460076502852165
1 0 33.727718982726635 1 0 
2 0 0 1 0 -0 1 3.3460076502852165
1 6.2831853071795862 -0 0 1 
1 0 -0 0 1 
1 0 0 1 0 
2 0 0 1 0 -0 1 3.3460076502852165
1 0 33.727718982726635 1 0 
2 0 0 1 0 -0 1 3.3460076502852165
1 6.2831853071795862 -0 0 1 
1 0 -0 0 1 
1 0 0 1 0 
2 0 0 1 0 -0 1 3.3460076502852165
1 0 33.727718982726635 1 0 
2 0 0 1 0 -0 1 3.3460076502852165
1 6.2831853071795862 -0 0 1 
1 0 -0 0 1 
1 0 0 1 0 
2 0 0 1 0 -0 1 3.3460076502852165
1 0 33.727718982726635 1 0 
2 0 0 1 0 -0 1 3.3460076502852165
1 6.2831853071795862 -0 0 1 
1 0 -0 0 1 
1 0 0 1 0 
2 0 0 1 0 -0 1 3.3460076502852165
1 0 33.727718982726635 1 0 
2 0 0 1 0 -0 1 3.3460076502852165
1 6.2831853071795862 -0 0 1 
1 0 -0 0 1 
1 0 0 1 0 
2 0 0 1 0 -0 1 3.3460076502852165
1 0 33.756828469663439 1 0 
2 0 0 1 0 -0 1 1.9444226359171064
1 6.2831853071795862 -0 0 1 
1 0 -0 0 1 
1 0 0 1 0 
2 0 0 1 0 -0 1 3.3460076502852165
1 0 33.727718982726635 1 0 
2 0 0 1 0 -0 1 3.3460076502852165
1 6.2831853071795862 -0 0 1 
1 0 -0 0 1 
1 0 0 1 0 
2 0 0 1 0 -0 1 3.3460076502852165
1 0 33.727718982726635 1 0 
2 0 0 1 0 -0 1 3.3460076502852165
1 6.2831853071795862 -0 0 1 
1 0 -0 0 1 
1 0 0 1 0 
2 0 0 1 0 -0 1 3.3460076502852165
1 0 33.756828469663439 1 0 
2 0 0 1 0 -0 1 3.346007650285217
1 6.2831853071795862 -0 0 1 
1 0 -0 0 1 
1 0 0 1 0 
2 0 0 1 0 -0 1 1.9444226359171066
1 0 33.757479856039552 1 0 
2 0 0 1 0 -0 1 1.928820840744113
1 6.2831853071795862 -0 0 1 
1 0 -0 0 1 
1 0 0 1 0 
2 0 0 1 0 -0 1 3.3460076502852165
1 0 33.727718982726635 1 0 
2 0 0 1 0 -0 1 3.3460076502852165
1 6.2831853071795862 -0 0 1 
1 0 -0 0 1 
1 0 0 1 0 
2 0 0 1 0 -0 1 3.3460076502852165
1 0 33.727718982726635 1 0 
2 0 0 1 0 -0 1 3.3460076502852165
1 6.2831853071795862 -0 0 1 
1 0 -0 0 1 
1 0 0 1 0 
2 0 0 1 0 -0 1 3.3460076502852165
1 0 33.757479856039552 1 0 
2 0 0 1 0 -0 1 3.3460076502852165
1 6.2831853071795862 -0 0 1 
1 0 -0 0 1 
1 0 0 1 0 
2 0 0 1 0 -0 1 1.928820840744113
1 0 33.727718982726635 1 0 
2 0 0 1 0 -0 1 3.3460076502852165
1 6.2831853071795862 -0 0 1 
1 0 -0 0 1 
1 0 0 1 0 
2 0 0 1 0 -0 1 3.3460076502852165
1 0 33.727718982726635 1 0 
2 0 0 1 0 -0 1 3.3460076502852165
1 6.2831853071795862 -0 0 1 
1 0 -0 0 1 
1 0 0 1 0 
2 0 0 1 0 -0 1 3.3460076502852165
1 0 33.727718982726635 1 0 
2 0 0 1 0 -0 1 3.3460076502852165
1 6.2831853071795862 -0 0 1 
1 0 -0 0 1 
1 0 0 1 0 
2 0 0 1 0 -0 1 3.3460076502852165
1 0 33.727718982726635 1 0 
2 0 0 1 0 -0 1 3.3460076502852165
1 6.2831853071795862 -0 0 1 
1 0 -0 0 1 
1 0 0 1 0 
2 0 0 1 0 -0 1 3.3460076502852165
1 0 33.727718982726635 1 0 
2 0 0 1 0 -0 1 3.3460076502852165
1 6.2831853071795862 -0 0 1 
1 0 -0 0 1 
1 0 0 1 0 
2 0 0 1 0 -0 1 3.3460076502852165
1 0 33.727718982726635 1 0 
2 0 0 1 0 -0 1 3.3460076502852165
1 6.2831853071795862 -0 0 1 
1 0 -0 0 1 
1 0 0 1 0 
2 0 0 1 0 -0 1 3.3460076502852165
1 0 33.727718982726635 1 0 
2 0 0 1 0 -0 1 3.3460076502852165
1 6.2831853071795862 -0 0 1 
1 0 -0 0 1 
1 0 0 1 0 
2 0 0 1 0 -0 1 3.3460076502852165
1 0 33.727718982726635 1 0 
2 0 0 1 0 -0 1 3.3460076502852165
1 6.2831853071795862 -0 0 1 
1 0 -0 0 1 
1 0 0 1 0 
2 0 0 1 0 -0 1 3.3460076502852165
1 0 33.727718982726635 1 0 
2 0 0 1 0 -0 1 3.3460076502852165
1 6.2831853071795862 -0 0 1 
1 0 -0 0 1 
1 0 0 1 0 
2 0 0 1 0 -0 1 3.3460076502852165
1 0 33.727718982726635 1 0 
2 0 0 1 0 -0 1 3.3460076502852165
1 6.2831853071795862 -0 0 1 
1 0 -0 0 1 
1 0 0 1 0 
2 0 0 1 0 -0 1 3.3460076502852165
1 0 33.727718982726635 1 0 
2 0 0 1 0 -0 1 3.3460076502852165
1 6.2831853071795862 -0 0 1 
1 0 -0 0 1 
1 0 0 1 0 
2 0 0 1 0 -0 1 3.3460076502852165
1 0 33.727718982726635 1 0 
2 0 0 1 0 -0 1 3.3460076502852165
1 6.2831853071795862 -0 0 1 
1 0 -0 0 1 
1 0 0 1 0 
2 0 0 1 0 -0 1 3.3460076502852165
1 0 33.727718982726635 1 0 
2 0 0 1 0 -0 1 3.3460076502852165
1 6.2831853071795862 -0 0 1 
1 0 -0 0 1 
1 0 0 1 0 
2 0 0 1 0 -0 1 3.3460076502852165
1 0 1.5707963267948966 1 0 
1 6.2831853071795862 -6.2831853071795862 0 1 
1 0 -6.2831853071795862 0 1 
1 0 -1.5707963267948966 1 0 
1 0 1.5707963267948966 1 0 
1 6.2831853071795862 -6.2831853071795862 0 1 
1 0 -6.2831853071795862 0 1 
1 0 -1.5707963267948966 1 0 
1 0 1.5707963267948966 1 0 
1 6.2831853071795862 -6.2831853071795862 0 1 
1 0 -6.2831853071795862 0 1 
1 0 -1.5707963267948966 1 0 
1 0 1.5707963267948966 1 0 
1 6.2831853071795862 -6.2831853071795862 0 1 
1 0 -6.2831853071795862 0 1 
1 0 -1.5707963267948966 1 0 
1 0 1.5707963267948966 1 0 
1 6.2831853071795862 -6.2831853071795862 0 1 
1 0 -6.2831853071795862 0 1 
1 0 -1.5707963267948966 1 0 
1 0 1.5707963267948966 1 0 
1 6.2831853071795862 -6.2831853071795862 0 1 
1 0 -6.2831853071795862 0 1 
1 0 -1.5707963267948966 1 0 
1 0 1.5707963267948966 1 0 
1 6.2831853071795862 -6.2831853071795862 0 1 
1 0 -6.2831853071795862 0 1 
1 0 -1.5707963267948966 1 0 
1 0 1.5707963267948966 1 0 
1 6.2831853071795862 -6.2831853071795862 0 1 
1 0 -6.2831853071795862 0 1 
1 0 -1.5707963267948966 1 0 
1 0 1.5707963267948966 1 0 
1 6.2831853071795862 -6.2831853071795862 0 1 
1 0 -6.2831853071795862 0 1 
1 0 -1.5707963267948966 1 0 
1 0 1.5707963267948966 1 0 
1 6.2831853071795862 -6.2831853071795862 0 1 
1 0 -6.2831853071795862 0 1 
1 0 -1.5707963267948966 1 0 
1 0 1.5707963267948966 1 0 
1 6.2831853071795862 -6.2831853071795862 0 1 
1 0 -6.2831853071795862 0 1 
1 0 -1.5707963267948966 1 0 
1 0 1.5707963267948966 1 0 
1 6.2831853071795862 -6.2831853071795862 0 1 
1 0 -6.2831853071795862 0 1 
1 0 -1.5707963267948966 1 0 
1 0 1.5707963267948966 1 0 
1 6.2831853071795862 -6.2831853071795862 0 1 
1 0 -6.2831853071795862 0 1 
1 0 -1.5707963267948966 1 0 
1 0 1.5707963267948966 1 0 
1 6.2831853071795862 -6.2831853071795862 0 1 
1 0 -6.2831853071795862 0 1 
1 0 -1.5707963267948966 1 0 
1 0 1.5707963267948966 1 0 
1 6.2831853071795862 -6.2831853071795862 0 1 
1 0 -6.2831853071795862 0 1 
1 0 -1.5707963267948966 1 0 
1 0 1.5707963267948966 1 0 
1 6.2831853071795862 -6.2831853071795862 0 1 
1 0 -6.2831853071795862 0 1 
1 0 -1.5707963267948966 1 0 
1 0 1.5707963267948966 1 0 
1 6.2831853071795862 -6.2831853071795862 0 1 
1 0 -6.2831853071795862 0 1 
1 0 -1.5707963267948966 1 0 
1 0 1.5707963267948966 1 0 
1 6.2831853071795862 -6.2831853071795862 0 1 
1 0 -6.2831853071795862 0 1 
1 0 -1.5707963267948966 1 0 
1 0 1.5707963267948966 1 0 
1 6.2831853071795862 -6.2831853071795862 0 1 
1 0 -6.2831853071795862 0 1 
1 0 -1.5707963267948966 1 0 
1 0 1.5707963267948966 1 0 
1 6.2831853071795862 -6.2831853071795862 0 1 
1 0 -6.2831853071795862 0 1 
1 0 -1.5707963267948966 1 0 
1 0 1.5707963267948966 1 0 
1 6.2831853071795862 -6.2831853071795862 0 1 
1 0 -6.2831853071795862 0 1 
1 0 -1.5707963267948966 1 0 
1 0 1.5707963267948966 1 0 
1 6.2831853071795862 -6.2831853071795862 0 1 
1 0 -6.2831853071795862 0 1 
1 0 -1.5707963267948966 1 0 
1 0 1.5707963267948966 1 0 
1 6.2831853071795862 -6.2831853071795862 0 1 
1 0 -6.2831853071795862 0 1 
1 0 -1.5707963267948966 1 0 
1 0 1.5707963267948966 1 0 
1 6.2831853071795862 -6.2831853071795862 0 1 
1 0 -6.2831853071795862 0 1 
1 0 -1.5707963267948966 1 0 
1 0 1.5707963267948966 1 0 
1 6.2831853071795862 -6.2831853071795862 0 1 
1 0 -6.2831853071795862 0 1 
1 0 -1.5707963267948966 1 0 
1 0 1.5707963267948966 1 0 
1 6.2831853071795862 -6.2831853071795862 0 1 
1 0 -6.2831853071795862 0 1 
1 0 -1.5707963267948966 1 0 
1 0 1.5707963267948966 1 0 
1 6.2831853071795862 -6.2831853071795862 0 1 
1 0 -6.2831853071795862 0 1 
1 0 -1.5707963267948966 1 0 
1 0 1.5707963267948966 1 0 
1 6.2831853071795862 -6.2831853071795862 0 1 
1 0 -6.2831853071795862 0 1 
1 0 -1.5707963267948966 1 0 
1 0 1.5707963267948966 1 0 
1 6.2831853071795862 -6.2831853071795862 0 1 
1 0 -6.2831853071795862 0 1 
1 0 -1.5707963267948966 1 0 
1 0 1.5707963267948966 1 0 
1 6.2831853071795862 -6.2831853071795862 0 1 
1 0 -6.2831853071795862 0 1 
1 0 -1.5707963267948966 1 0 
1 0 1.5707963267948966 1 0 
1 6.2831853071795862 -6.2831853071795862 0 1 
1 0 -6.2831853071795862 0 1 
1 0 -1.5707963267948966 1 0 
1 0 1.5707963267948966 1 0 
1 6.2831853071795862 -6.2831853071795862 0 1 
1 0 -6.2831853071795862 0 1 
1 0 -1.5707963267948966 1 0 
1 0 1.5707963267948966 1 0 
1 6.2831853071795862 -6.2831853071795862 0 1 
1 0 -6.2831853071795862 0 1 
1 0 -1.5707963267948966 1 0 
1 0 1.5707963267948966 1 0 
1 6.2831853071795862 -6.2831853071795862 0 1 
1 0 -6.2831853071795862 0 1 
1 0 -1.5707963267948966 1 0 
1 0 1.5707963267948966 1 0 
1 6.2831853071795862 -6.2831853071795862 0 1 
1 0 -6.2831853071795862 0 1 
1 0 -1.5707963267948966 1 0 
1 0 1.5707963267948966 1 0 
1 6.2831853071795862 -6.2831853071795862 0 1 
1 0 -6.2831853071795862 0 1 
1 0 -1.5707963267948966 1 0 
1 0 1.5707963267948966 1 0 
1 6.2831853071795862 -6.2831853071795862 0 1 
1 0 -6.2831853071795862 0 1 
1 0 -1.5707963267948966 1 0 
1 0 1.5707963267948966 1 0 
1 6.2831853071795862 -6.2831853071795862 0 1 
1 0 -6.2831853071795862 0 1 
1 0 -1.5707963267948966 1 0 
1 0 1.5707963267948966 1 0 
1 6.2831853071795862 -6.2831853071795862 0 1 
1 0 -6.2831853071795862 0 1 
1 0 -1.5707963267948966 1 0 
1 0 1.5707963267948966 1 0 
1 6.2831853071795862 -6.2831853071795862 0 1 
1 0 -6.2831853071795862 0 1 
1 0 -1.5707963267948966 1 0 
1 0 1.5707963267948966 1 0 
1 6.2831853071795862 -6.2831853071795862 0 1 
1 0 -6.2831853071795862 0 1 
1 0 -1.5707963267948966 1 0 
1 0 1.5707963267948966 1 0 
1 6.2831853071795862 -6.2831853071795862 0 1 
1 0 -6.2831853071795862 0 1 
1 0 -1.5707963267948966 1 0 
1 0 1.5707963267948966 1 0 
1 6.2831853071795862 -6.2831853071795862 0 1 
1 0 -6.2831853071795862 0 1 
1 0 -1.5707963267948966 1 0 
1 0 1.5707963267948966 1 0 
1 6.2831853071795862 -6.2831853071795862 0 1 
1 0 -6.2831853071795862 0 1 
1 0 -1.5707963267948966 1 0 
1 0 1.5707963267948966 1 0 
1 6.2831853071795862 -6.2831853071795862 0 1 
1 0 -6.2831853071795862 0 1 
1 0 -1.5707963267948966 1 0 
1 0 1.5707963267948966 1 0 
1 6.2831853071795862 -6.2831853071795862 0 1 
1 0 -6.2831853071795862 0 1 
1 0 -1.5707963267948966 1 0 
1 0 1.5707963267948966 1 0 
1 6.2831853071795862 -6.2831853071795862 0 1 
1 0 -6.2831853071795862 0 1 
1 0 -1.5707963267948966 1 0 
1 0 1.5707963267948966 1 0 
1 6.2831853071795862 -6.2831853071795862 0 1 
1 0 -6.2831853071795862 0 1 
1 0 -1.5707963267948966 1 0 
1 0 1.5707963267948966 1 0 
1 6.2831853071795862 -6.2831853071795862 0 1 
1 0 -6.2831853071795862 0 1 
1 0 -1.5707963267948966 1 0 
1 0 1.5707963267948966 1 0 
1 6.2831853071795862 -6.2831853071795862 0 1 
1 0 -6.2831853071795862 0 1 
1 0 -1.5707963267948966 1 0 
1 0 1.5707963267948966 1 0 
1 6.2831853071795862 -6.2831853071795862 0 1 
1 0 -6.2831853071795862 0 1 
1 0 -1.5707963267948966 1 0 
1 0 1.5707963267948966 1 0 
1 6.2831853071795862 -6.2831853071795862 0 1 
1 0 -6.2831853071795862 0 1 
1 0 -1.5707963267948966 1 0 
1 0 1.5707963267948966 1 0 
1 6.2831853071795862 -6.2831853071795862 0 1 
1 0 -6.2831853071795862 0 1 
1 0 -1.5707963267948966 1 0 
1 0 1.5707963267948966 1 0 
1 6.2831853071795862 -6.2831853071795862 0 1 
1 0 -6.2831853071795862 0 1 
1 0 -1.5707963267948966 1 0 
1 0 1.5707963267948966 1 0 
1 6.2831853071795862 -6.2831853071795862 0 1 
1 0 -6.2831853071795862 0 1 
1 0 -1.5707963267948966 1 0 
1 0 1.5707963267948966 1 0 
1 6.2831853071795862 -6.2831853071795862 0 1 
1 0 -6.2831853071795862 0 1 
1 0 -1.5707963267948966 1 0 
1 0 1.5707963267948966 1 0 
1 6.2831853071795862 -6.2831853071795862 0 1 
1 0 -6.2831853071795862 0 1 
1 0 -1.5707963267948966 1 0 
1 0 1.5707963267948966 1 0 
1 6.2831853071795862 -6.2831853071795862 0 1 
1 0 -6.2831853071795862 0 1 
1 0 -1.5707963267948966 1 0 
1 0 1.5707963267948966 1 0 
1 6.2831853071795862 -6.2831853071795862 0 1 
1 0 -6.2831853071795862 0 1 
1 0 -1.5707963267948966 1 0 
1 0 1.5707963267948966 1 0 
1 6.2831853071795862 -6.2831853071795862 0 1 
1 0 -6.2831853071795862 0 1 
1 0 -1.5707963267948966 1 0 
1 0 1.5707963267948966 1 0 
1 6.2831853071795862 -6.2831853071795862 0 1 
1 0 -6.2831853071795862 0 1 
1 0 -1.5707963267948966 1 0 
1 0 1.5707963267948966 1 0 
1 6.2831853071795862 -6.2831853071795862 0 1 
1 0 -6.2831853071795862 0 1 
1 0 -1.5707963267948966 1 0 
1 0 1.5707963267948966 1 0 
1 6.2831853071795862 -6.2831853071795862 0 1 
1 0 -6.2831853071795862 0 1 
1 0 -1.5707963267948966 1 0 
1 0 1.5707963267948966 1 0 
1 6.2831853071795862 -6.2831853071795862 0 1 
1 0 -6.2831853071795862 0 1 
1 0 -1.5707963267948966 1 0 
1 0 1.5707963267948966 1 0 
1 6.2831853071795862 -6.2831853071795862 0 1 
1 0 -6.2831853071795862 0 1 
1 0 -1.5707963267948966 1 0 
1 0 1.5707963267948966 1 0 
1 6.2831853071795862 -6.2831853071795862 0 1 
1 0 -6.2831853071795862 0 1 
1 0 -1.5707963267948966 1 0 
1 0 1.5707963267948966 1 0 
1 6.2831853071795862 -6.2831853071795862 0 1 
1 0 -6.2831853071795862 0 1 
1 0 -1.5707963267948966 1 0 
1 0 1.5707963267948966 1 0 
1 6.2831853071795862 -6.2831853071795862 0 1 
1 0 -6.2831853071795862 0 1 
1 0 -1.5707963267948966 1 0 
1 0 1.5707963267948966 1 0 
1 6.2831853071795862 -6.2831853071795862 0 1 
1 0 -6.2831853071795862 0 1 
1 0 -1.5707963267948966 1 0 
1 0 1.5707963267948966 1 0 
1 6.2831853071795862 -6.2831853071795862 0 1 
1 0 -6.2831853071795862 0 1 
1 0 -1.5707963267948966 1 0 
1 0 1.5707963267948966 1 0 
1 6.2831853071795862 -6.2831853071795862 0 1 
1 0 -6.2831853071795862 0 1 
1 0 -1.5707963267948966 1 0 
1 0 1.5707963267948966 1 0 
1 6.2831853071795862 -6.2831853071795862 0 1 
1 0 -6.2831853071795862 0 1 
1 0 -1.5707963267948966 1 0 
1 0 1.5707963267948966 1 0 
1 6.2831853071795862 -6.2831853071795862 0 1 
1 0 -6.2831853071795862 0 1 
1 0 -1.5707963267948966 1 0 
1 0 1.5707963267948966 1 0 
1 6.2831853071795862 -6.2831853071795862 0 1 
1 0 -6.2831853071795862 0 1 
1 0 -1.5707963267948966 1 0 
1 0 1.5707963267948966 1 0 
1 6.2831853071795862 -6.2831853071795862 0 1 
1 0 -6.2831853071795862 0 1 
1 0 -1.5707963267948966 1 0 
1 0 1.5707963267948966 1 0 
1 6.2831853071795862 -6.2831853071795862 0 1 
1 0 -6.2831853071795862 0 1 
1 0 -1.5707963267948966 1 0 
1 0 1.5707963267948966 1 0 
1 6.2831853071795862 -6.2831853071795862 0 1 
1 0 -6.2831853071795862 0 1 
1 0 -1.5707963267948966 1 0 
1 0 1.5707963267948966 1 0 
1 6.2831853071795862 -6.2831853071795862 0 1 
1 0 -6.2831853071795862 0 1 
1 0 -1.5707963267948966 1 0 
1 0 1.5707963267948966 1 0 
1 6.2831853071795862 -6.2831853071795862 0 1 
1 0 -6.2831853071795862 0 1 
1 0 -1.5707963267948966 1 0 
1 0 1.5707963267948966 1 0 
1 6.2831853071795862 -6.2831853071795862 0 1 
1 0 -6.2831853071795862 0 1 
1 0 -1.5707963267948966 1 0 
1 0 1.5707963267948966 1 0 
1 6.2831853071795862 -6.2831853071795862 0 1 
1 0 -6.2831853071795862 0 1 
1 0 -1.5707963267948966 1 0 
1 0 1.5707963267948966 1 0 
1 6.2831853071795862 -6.2831853071795862 0 1 
1 0 -6.2831853071795862 0 1 
1 0 -1.5707963267948966 1 0 
1 0 1.5707963267948966 1 0 
1 6.2831853071795862 -6.2831853071795862 0 1 
1 0 -6.2831853071795862 0 1 
1 0 -1.5707963267948966 1 0 
1 0 1.5707963267948966 1 0 
1 6.2831853071795862 -6.2831853071795862 0 1 
1 0 -6.2831853071795862 0 1 
1 0 -1.5707963267948966 1 0 
1 0 1.5707963267948966 1 0 
1 6.2831853071795862 -6.2831853071795862 0 1 
1 0 -6.2831853071795862 0 1 
1 0 -1.5707963267948966 1 0 
1 0 1.5707963267948966 1 0 
1 6.2831853071795862 -6.2831853071795862 0 1 
1 0 -6.2831853071795862 0 1 
1 0 -1.5707963267948966 1 0 
1 0 1.5707963267948966 1 0 
1 6.2831853071795862 -6.2831853071795862 0 1 
1 0 -6.2831853071795862 0 1 
1 0 -1.5707963267948966 1 0 
1 0 1.5707963267948966 1 0 
1 6.2831853071795862 -6.2831853071795862 0 1 
1 0 -6.2831853071795862 0 1 
1 0 -1.5707963267948966 1 0 
1 0 1.5707963267948966 1 0 
1 6.2831853071795862 -6.2831853071795862 0 1 
1 0 -6.2831853071795862 0 1 
1 0 -1.5707963267948966 1 0 
1 0 1.5707963267948966 1 0 
1 6.2831853071795862 -6.2831853071795862 0 1 
1 0 -6.2831853071795862 0 1 
1 0 -1.5707963267948966 1 0 
1 0 1.5707963267948966 1 0 
1 6.2831853071795862 -6.2831853071795862 0 1 
1 0 -6.2831853071795862 0 1 
1 0 -1.5707963267948966 1 0 
1 0 1.5707963267948966 1 0 
1 6.2831853071795862 -6.2831853071795862 0 1 
1 0 -6.2831853071795862 0 1 
1 0 -1.5707963267948966 1 0 
1 0 1.5707963267948966 1 0 
1 6.2831853071795862 -6.2831853071795862 0 1 
1 0 -6.2831853071795862 0 1 
1 0 -1.5707963267948966 1 0 
1 0 1.5707963267948966 1 0 
1 6.2831853071795862 -6.2831853071795862 0 1 
1 0 -6.2831853071795862 0 1 
1 0 -1.5707963267948966 1 0 
1 0 1.5707963267948966 1 0 
1 6.2831853071795862 -6.2831853071795862 0 1 
1 0 -6.2831853071795862 0 1 
1 0 -1.5707963267948966 1 0 
1 0 1.5707963267948966 1 0 
1 6.2831853071795862 -6.2831853071795862 0 1 
1 0 -6.2831853071795862 0 1 
1 0 -1.5707963267948966 1 0 
1 0 1.5707963267948966 1 0 
1 6.2831853071795862 -6.2831853071795862 0 1 
1 0 -6.2831853071795862 0 1 
1 0 -1.5707963267948966 1 0 
1 0 1.5707963267948966 1 0 
1 6.2831853071795862 -6.2831853071795862 0 1 
1 0 -6.2831853071795862 0 1 
1 0 -1.5707963267948966 1 0 
1 0 1.5707963267948966 1 0 
1 6.2831853071795862 -6.2831853071795862 0 1 
1 0 -6.2831853071795862 0 1 
1 0 -1.5707963267948966 1 0 
1 0 1.5707963267948966 1 0 
1 6.2831853071795862 -6.2831853071795862 0 1 
1 0 -6.2831853071795862 0 1 
1 0 -1.5707963267948966 1 0 
1 0 1.5707963267948966 1 0 
1 6.2831853071795862 -6.2831853071795862 0 1 
1 0 -6.2831853071795862 0 1 
1 0 -1.5707963267948966 1 0 
1 0 1.5707963267948966 1 0 
1 6.2831853071795862 -6.2831853071795862 0 1 
1 0 -6.2831853071795862 0 1 
1 0 -1.5707963267948966 1 0 
1 0 1.5707963267948966 1 0 
1 6.2831853071795862 -6.2831853071795862 0 1 
1 0 -6.2831853071795862 0 1 
1 0 -1.5707963267948966 1 0 
1 0 1.5707963267948966 1 0 
1 6.2831853071795862 -6.2831853071795862 0 1 
1 0 -6.2831853071795862 0 1 
1 0 -1.5707963267948966 1 0 
1 0 1.5707963267948966 1 0 
1 6.2831853071795862 -6.2831853071795862 0 1 
1 0 -6.2831853071795862 0 1 
1 0 -1.5707963267948966 1 0 
1 0 1.5707963267948966 1 0 
1 6.2831853071795862 -6.2831853071795862 0 1 
1 0 -6.2831853071795862 0 1 
1 0 -1.5707963267948966 1 0 
1 0 1.5707963267948966 1 0 
1 6.2831853071795862 -6.2831853071795862 0 1 
1 0 -6.2831853071795862 0 1 
1 0 -1.5707963267948966 1 0 
1 0 1.5707963267948966 1 0 
1 6.2831853071795862 -6.2831853071795862 0 1 
1 0 -6.2831853071795862 0 1 
1 0 -1.5707963267948966 1 0 
1 0 1.5707963267948966 1 0 
1 6.2831853071795862 -6.2831853071795862 0 1 
1 0 -6.2831853071795862 0 1 
1 0 -1.5707963267948966 1 0 
1 0 1.5707963267948966 1 0 
1 6.2831853071795862 -6.2831853071795862 0 1 
1 0 -6.2831853071795862 0 1 
1 0 -1.5707963267948966 1 0 
1 0 1.5707963267948966 1 0 
1 6.2831853071795862 -6.2831853071795862 0 1 
1 0 -6.2831853071795862 0 1 
1 0 -1.5707963267948966 1 0 
1 0 1.5707963267948966 1 0 
1 6.2831853071795862 -6.2831853071795862 0 1 
1 0 -6.2831853071795862 0 1 
1 0 -1.5707963267948966 1 0 
1 0 1.5707963267948966 1 0 
1 6.2831853071795862 -6.2831853071795862 0 1 
1 0 -6.2831853071795862 0 1 
1 0 -1.5707963267948966 1 0 
1 0 1.5707963267948966 1 0 
1 6.2831853071795862 -6.2831853071795862 0 1 
1 0 -6.2831853071795862 0 1 
1 0 -1.5707963267948966 1 0 
1 0 1.5707963267948966 1 0 
1 6.2831853071795862 -6.2831853071795862 0 1 
1 0 -6.2831853071795862 0 1 
1 0 -1.5707963267948966 1 0 
1 0 1.5707963267948966 1 0 
1 6.2831853071795862 -6.2831853071795862 0 1 
1 0 -6.2831853071795862 0 1 
1 0 -1.5707963267948966 1 0 
1 0 1.5707963267948966 1 0 
1 6.2831853071795862 -6.2831853071795862 0 1 
1 0 -6.2831853071795862 0 1 
1 0 -1.5707963267948966 1 0 
1 0 1.5707963267948966 1 0 
1 6.2831853071795862 -6.2831853071795862 0 1 
1 0 -6.2831853071795862 0 1 
1 0 -1.5707963267948966 1 0 
1 0 1.5707963267948966 1 0 
1 6.2831853071795862 -6.2831853071795862 0 1 
1 0 -6.2831853071795862 0 1 
1 0 -1.5707963267948966 1 0 
1 0 1.5707963267948966 1 0 
1 6.2831853071795862 -6.2831853071795862 0 1 
1 0 -6.2831853071795862 0 1 
1 0 -1.5707963267948966 1 0 
1 0 1.5707963267948966 1 0 
1 6.2831853071795862 -6.2831853071795862 0 1 
1 0 -6.2831853071795862 0 1 
1 0 -1.5707963267948966 1 0 
1 0 1.5707963267948966 1 0 
1 6.2831853071795862 -6.2831853071795862 0 1 
1 0 -6.2831853071795862 0 1 
1 0 -1.5707963267948966 1 0 
1 0 1.5707963267948966 1 0 
1 6.2831853071795862 -6.2831853071795862 0 1 
1 0 -6.2831853071795862 0 1 
1 0 -1.5707963267948966 1 0 
1 0 1.5707963267948966 1 0 
1 6.2831853071795862 -6.2831853071795862 0 1 
1 0 -6.2831853071795862 0 1 
1 0 -1.5707963267948966 1 0 
1 0 1.5707963267948966 1 0 
1 6.2831853071795862 -6.2831853071795862 0 1 
1 0 -6.2831853071795862 0 1 
1 0 -1.5707963267948966 1 0 
1 0 1.5707963267948966 1 0 
1 6.2831853071795862 -6.2831853071795862 0 1 
1 0 -6.2831853071795862 0 1 
1 0 -1.5707963267948966 1 0 
1 0 1.5707963267948966 1 0 
1 6.2831853071795862 -6.2831853071795862 0 1 
1 0 -6.2831853071795862 0 1 
1 0 -1.5707963267948966 1 0 
1 0 1.5707963267948966 1 0 
1 6.2831853071795862 -6.2831853071795862 0 1 
1 0 -6.2831853071795862 0 1 
1 0 -1.5707963267948966 1 0 
1 0 1.5707963267948966 1 0 
1 6.2831853071795862 -6.2831853071795862 0 1 
1 0 -6.2831853071795862 0 1 
1 0 -1.5707963267948966 1 0 
1 0 1.5707963267948966 1 0 
1 6.2831853071795862 -6.2831853071795862 0 1 
1 0 -6.2831853071795862 0 1 
1 0 -1.5707963267948966 1 0 
1 0 1.5707963267948966 1 0 
1 6.2831853071795862 -6.2831853071795862 0 1 
1 0 -6.2831853071795862 0 1 
1 0 -1.5707963267948966 1 0 
1 0 1.5707963267948966 1 0 
1 6.2831853071795862 -6.2831853071795862 0 1 
1 0 -6.2831853071795862 0 1 
1 0 -1.5707963267948966 1 0 
1 0 1.5707963267948966 1 0 
1 6.2831853071795862 -6.2831853071795862 0 1 
1 0 -6.2831853071795862 0 1 
1 0 -1.5707963267948966 1 0 
1 0 1.5707963267948966 1 0 
1 6.2831853071795862 -6.2831853071795862 0 1 
1 0 -6.2831853071795862 0 1 
1 0 -1.5707963267948966 1 0 
1 0 1.5707963267948966 1 0 
1 6.2831853071795862 -6.2831853071795862 0 1 
1 0 -6.2831853071795862 0 1 
1 0 -1.5707963267948966 1 0 
1 0 1.5707963267948966 1 0 
1 6.2831853071795862 -6.2831853071795862 0 1 
1 0 -6.2831853071795862 0 1 
1 0 -1.5707963267948966 1 0 
1 0 1.5707963267948966 1 0 
1 6.2831853071795862 -6.2831853071795862 0 1 
1 0 -6.2831853071795862 0 1 
1 0 -1.5707963267948966 1 0 
1 0 1.5707963267948966 1 0 
1 6.2831853071795862 -6.2831853071795862 0 1 
1 0 -6.2831853071795862 0 1 
1 0 -1.5707963267948966 1 0 
1 0 1.5707963267948966 1 0 
1 6.2831853071795862 -6.2831853071795862 0 1 
1 0 -6.2831853071795862 0 1 
1 0 -1.5707963267948966 1 0 
1 0 1.5707963267948966 1 0 
1 6.2831853071795862 -6.2831853071795862 0 1 
1 0 -6.2831853071795862 0 1 
1 0 -1.5707963267948966 1 0 
1 0 1.5707963267948966 1 0 
1 6.2831853071795862 -6.2831853071795862 0 1 
1 0 -6.2831853071795862 0 1 
1 0 -1.5707963267948966 1 0 
1 0 1.5707963267948966 1 0 
1 6.2831853071795862 -6.2831853071795862 0 1 
1 0 -6.2831853071795862 0 1 
1 0 -1.5707963267948966 1 0 
1 0 1.5707963267948966 1 0 
1 6.2831853071795862 -6.2831853071795862 0 1 
1 0 -6.2831853071795862 0 1 
1 0 -1.5707963267948966 1 0 
1 0 1.5707963267948966 1 0 
1 6.2831853071795862 -6.2831853071795862 0 1 
1 0 -6.2831853071795862 0 1 
1 0 -1.5707963267948966 1 0 
1 0 1.5707963267948966 1 0 
1 6.2831853071795862 -6.2831853071795862 0 1 
1 0 -6.2831853071795862 0 1 
1 0 -1.5707963267948966 1 0 
1 0 1.5707963267948966 1 0 
1 6.2831853071795862 -6.2831853071795862 0 1 
1 0 -6.2831853071795862 0 1 
1 0 -1.5707963267948966 1 0 
1 0 1.5707963267948966 1 0 
1 6.2831853071795862 -6.2831853071795862 0 1 
1 0 -6.2831853071795862 0 1 
1 0 -1.5707963267948966 1 0 
1 0 1.5707963267948966 1 0 
1 6.2831853071795862 -6.2831853071795862 0 1 
1 0 -6.2831853071795862 0 1 
1 0 -1.5707963267948966 1 0 
1 0 1.5707963267948966 1 0 
1 6.2831853071795862 -6.2831853071795862 0 1 
1 0 -6.2831853071795862 0 1 
1 0 -1.5707963267948966 1 0 
1 0 1.5707963267948966 1 0 
1 6.2831853071795862 -6.2831853071795862 0 1 
1 0 -6.2831853071795862 0 1 
1 0 -1.5707963267948966 1 0 
1 0 1.5707963267948966 1 0 
1 6.2831853071795862 -6.2831853071795862 0 1 
1 0 -6.2831853071795862 0 1 
1 0 -1.5707963267948966 1 0 
1 0 1.5707963267948966 1 0 
1 6.2831853071795862 -6.2831853071795862 0 1 
1 0 -6.2831853071795862 0 1 
1 0 -1.5707963267948966 1 0 
1 0 1.5707963267948966 1 0 
1 6.2831853071795862 -6.2831853071795862 0 1 
1 0 -6.2831853071795862 0 1 
1 0 -1.5707963267948966 1 0 
1 0 1.5707963267948966 1 0 
1 6.2831853071795862 -6.2831853071795862 0 1 
1 0 -6.2831853071795862 0 1 
1 0 -1.5707963267948966 1 0 
1 0 1.5707963267948966 1 0 
1 6.2831853071795862 -6.2831853071795862 0 1 
1 0 -6.2831853071795862 0 1 
1 0 -1.5707963267948966 1 0 
1 0 1.5707963267948966 1 0 
1 6.2831853071795862 -6.2831853071795862 0 1 
1 0 -6.2831853071795862 0 1 
1 0 -1.5707963267948966 1 0 
1 0 0 1 0 
1 0 0 1 0 
1 160 0 0 -1 
1 0 0 0 1 
1 0 -160 1 0 
1 0 0 1 0 
1 0 0 0 -1 
1 0 0 0 1 
1 0 0 1 0 
1 0 10.217459098580719 1 0 
1 160 0 0 -1 
1 10.217459098580719 0 0 1 
1 0 -160 1 0 
1 0 10.217459098580719 1 0 
1 0 0 0 -1 
1 10.217459098580719 0 0 1 
1 0 0 0 1 
1 0 0 1 0 
1 160 0 0 1 
1 0 0 1 0 
1 0 0 0 1 
1 0 160 1 0 
1 160 0 0 1 
1 0 160 1 0 
1 0 0 1 0 
1 0 0 1 0 
1 160 0 0 -1 
1 0 0 0 1 
1 0 -160 1 0 
1 0 0 1 0 
1 0 0 0 -1 
1 0 0 0 1 
1 0 0 1 0 
1 0 10.217459098580662 1 0 
1 160 0 0 -1 
1 10.217459098580662 0 0 1 
1 0 -160 1 0 
1 0 10.217459098580662 1 0 
1 0 0 0 -1 
1 10.217459098580662 0 0 1 
1 0 0 0 1 
1 0 0 1 0 
1 160 0 0 1 
1 0 0 1 0 
1 0 0 0 1 
1 0 160 1 0 
1 160 0 0 1 
1 0 160 1 0 
Curves 1236
2 -137.66666666666666 58.125 -58.125 0.58310100000355214 0.57445331568146496 0.57445331568146496 -0.70180464938939457 2.7755575615628914e-17 0.71236945056299905 0.40922299286609815 -0.81853734679767132 0.40315400780240562 3.3460076502852165
1 -159.681577059196 38.75 -75.116406368586723 0.58310100000355214 0.57445331568146496 0.57445331568146496 
2 -157.33333333333334 38.75 -77.5 0.58310100000355214 0.57445331568146496 0.57445331568146496 -0.70180464938939457 2.7755575615628914e-17 0.71236945056299905 0.40922299286609815 -0.81853734679767132 0.40315400780240562 3.3460076502852165
2 -137.66666666666666 58.125 -58.125 0.58310100000355214 0.57445331568146496 -0.57445331568146496 0.70180464938939457 -2.7755575615628914e-17 0.71236945056299905 0.40922299286609815 -0.81853734679767132 -0.40315400780240562 3.3460076502852165
1 -154.98508960747068 38.75 -36.36640636858673 0.58310100000355214 0.57445331568146496 -0.57445331568146496 
2 -157.33333333333334 38.75 -38.75 0.58310100000355214 0.57445331568146496 -0.57445331568146496 0.70180464938939457 -2.7755575615628914e-17 0.71236945056299905 0.40922299286609815 -0.81853734679767132 -0.40315400780240562 3.3460076502852165
2 -137.66666666666666 58.125 -19.374999999999996 0.58310100000355214 0.57445331568146496 0.57445331568146496 -0.70180464938939457 2.7755575615628914e-17 0.71236945056299905 0.40922299286609815 -0.81853734679767132 0.40315400780240562 3.3460076502852165
1 -159.681577059196 38.75 -36.36640636858673 0.58310100000355214 0.57445331568146496 0.57445331568146496 
2 -157.33333333333334 38.75 -38.75 0.58310100000355214 0.57445331568146496 0.57445331568146496 -0.70180464938939457 2.7755575615628914e-17 0.71236945056299905 0.40922299286609815 -0.81853734679767132 0.40315400780240562 3.3460076502852165
2 -137.66666666666666 58.125 -58.125 -0.58310100000355147 0.57445331568146518 0.57445331568146518 -0.70180464938939502 2.7755575615628914e-17 -0.7123694505629985 -0.40922299286609809 -0.81853734679767109 0.40315400780240612 3.3460076502852165
1 -119.17412186293133 38.75 -78.691796815706638 -0.6171539966917019 0.5737479015690764 0.53845546687961132 
2 -118 38.75 -77.5 -0.58310100000355147 0.57445331568146518 0.57445331568146518 -0.70180464938939502 2.7755575615628914e-17 -0.7123694505629985 -0.40922299286609809 -0.81853734679767109 0.40315400780240612 1.6730038251426083
2 -98.333333333333343 58.125 -58.125 0.58310100000355147 0.57445331568146518 0.57445331568146518 -0.70180464938939502 -2.7755575615628914e-17 0.7123694505629985 0.40922299286609809 -0.81853734679767109 0.40315400780240612 3.3460076502852165
1 -119.17412186293133 38.75 -76.308203184293362 0.54761593681627252 0.57374790156907651 0.60904033625854193 
2 -118 38.75 -77.5 0.58310100000355147 0.57445331568146518 0.57445331568146518 -0.70180464938939502 -2.7755575615628914e-17 0.7123694505629985 0.40922299286609809 -0.81853734679767109 0.40315400780240612 1.6730038251426083
2 -137.66666666666666 58.125 -58.125 -0.58310100000355147 0.57445331568146518 -0.57445331568146518 0.70180464938939502 -2.7755575615628914e-17 -0.7123694505629985 -0.40922299286609809 -0.81853734679767109 -0.40315400780240612 3.3460076502852165
1 -116.24682166243159 38.75 -40.52957026953181 -0.56527918285083834 0.57427187197726803 -0.59217502690607671 
2 -118 38.75 -38.75 -0.58310100000355147 0.57445331568146518 -0.57445331568146518 0.70180464938939502 -2.7755575615628914e-17 -0.7123694505629985 -0.40922299286609809 -0.81853734679767109 -0.40315400780240612 2.4981002036589097
2 -137.66666666666666 58.125 -19.375000000000004 -0.58310100000355147 0.57445331568146518 0.57445331568146518 -0.70180464938939502 2.7755575615628914e-17 -0.7123694505629985 -0.40922299286609809 -0.81853734679767109 0.40315400780240612 3.3460076502852165
1 -119.75317833756841 38.75 -40.52957026953181 -0.60055446692666903 0.57427187197726814 0.55636871704845947 
2 -118 38.75 -38.75 -0.58310100000355147 0.57445331568146518 0.57445331568146518 -0.70180464938939502 2.7755575615628914e-17 -0.7123694505629985 -0.40922299286609809 -0.81853734679767109 0.40315400780240612 2.4981002036589097
2 -98.333333333333343 58.125 -58.125 0.58310100000355147 0.57445331568146518 -0.57445331568146518 0.70180464938939502 2.7755575615628914e-17 0.7123694505629985 0.40922299286609809 -0.81853734679767109 -0.40315400780240612 3.3460076502852165
1 -116.24682166243159 38.75 -36.97042973046819 0.60055446692666903 0.57427187197726814 -0.55636871704845947 
2 -118 38.75 -38.75 0.58310100000355147 0.57445331568146518 -0.57445331568146518 0.70180464938939502 2.7755575615628914e-17 0.7123694505629985 0.40922299286609809 -0.81853734679767109 -0.40315400780240612 2.4981002036589097
2 -98.333333333333343 58.125 -19.375000000000004 0.58310100000355147 0.57445331568146518 0.57445331568146518 -0.70180464938939502 -2.7755575615628914e-17 0.7123694505629985 0.40922299286609809 -0.81853734679767109 0.40315400780240612 3.3460076502852165
1 -119.75317833756841 38.75 -36.97042973046819 0.56527918285083834 0.57427187197726803 0.59217502690607671 
2 -118 38.75 -38.75 0.58310100000355147 0.57445331568146518 0.57445331568146518 -0.70180464938939502 -2.7755575615628914e-17 0.7123694505629985 0.40922299286609809 -0.81853734679767109 0.40315400780240612 2.4981002036589097
2 -137.66666666666666 58.125 -19.375000000000004 0.58310100000355214 0.57445331568146496 -0.57445331568146496 0.70180464938939457 -2.7755575615628914e-17 0.71236945056299905 0.40922299286609815 -0.81853734679767132 -0.40315400780240562 3.3460076502852165
1 -154.98508960747068 38.75 2.3835936314132709 0.58310100000355214 0.57445331568146496 -0.57445331568146496 
2 -157.33333333333334 38.75 0 0.58310100000355214 0.57445331568146496 -0.57445331568146496 0.70180464938939457 -2.7755575615628914e-17 0.71236945056299905 0.40922299286609815 -0.81853734679767132 -0.40315400780240562 3.3460076502852165
2 -137.66666666666666 58.125 19.375000000000004 0.58310100000355214 0.57445331568146496 0.57445331568146496 -0.70180464938939457 2.7755575615628914e-17 0.71236945056299905 0.40922299286609815 -0.81853734679767132 0.40315400780240562 3.3460076502852165
1 -159.681577059196 38.75 2.3835936314132704 0.58310100000355214 0.57445331568146496 0.57445331568146496 
2 -157.33333333333334 38.75 0 0.58310100000355214 0.57445331568146496 0.57445331568146496 -0.70180464938939457 2.7755575615628914e-17 0.71236945056299905 0.40922299286609815 -0.81853734679767132 0.40315400780240562 3.3460076502852165
2 -137.66666666666666 58.125 -19.374999999999996 -0.58310100000355147 0.57445331568146518 -0.57445331568146518 0.70180464938939502 -2.7755575615628914e-17 -0.7123694505629985 -0.40922299286609809 -0.81853734679767109 -0.40315400780240612 3.3460076502852165
1 -116.11083493017077 38.75 -1.9176041138911724 -0.5693826053384865 0.57434530417489305 -0.58815892436501138 
2 -118 38.75 0 -0.58310100000355147 0.57445331568146518 -0.57445331568146518 0.70180464938939502 -2.7755575615628914e-17 -0.7123694505629985 -0.40922299286609809 -0.81853734679767109 -0.40315400780240612 2.6918674184801934
2 -137.66666666666666 58.125 19.374999999999996 -0.58310100000355147 0.57445331568146518 0.57445331568146518 -0.70180464938939502 2.7755575615628914e-17 -0.7123694505629985 -0.40922299286609809 -0.81853734679767109 0.40315400780240612 3.3460076502852165
1 -119.88916506982923 38.75 -1.9176041138911728 -0.59660011969613469 0.57434530417489305 0.56053168398477482 
2 -118 38.75 0 -0.58310100000355147 0.57445331568146518 0.57445331568146518 -0.70180464938939502 2.7755575615628914e-17 -0.7123694505629985 -0.40922299286609809 -0.81853734679767109 0.40315400780240612 2.6918674184801934
2 -98.333333333333343 58.125 -19.374999999999996 0.58310100000355147 0.57445331568146518 -0.57445331568146518 0.70180464938939502 2.7755575615628914e-17 0.7123694505629985 0.40922299286609809 -0.81853734679767109 -0.40315400780240612 3.3460076502852165
1 -116.11083493017077 38.75 1.917604113891173 0.59660011969613469 0.57434530417489305 -0.56053168398477482 
2 -118 38.75 0 0.58310100000355147 0.57445331568146518 -0.57445331568146518 0.70180464938939502 2.7755575615628914e-17 0.7123694505629985 0.40922299286609809 -0.81853734679767109 -0.40315400780240612 2.6918674184801934
2 -98.333333333333343 58.125 19.374999999999996 0.58310100000355147 0.57445331568146518 0.57445331568146518 -0.70180464938939502 -2.7755575615628914e-17 0.7123694505629985 0.40922299286609809 -0.81853734679767109 0.40315400780240612 3.3460076502852165
1 -119.88916506982923 38.75 1.9176041138911724 0.5693826053384865 0.57434530417489305 0.58815892436501138 
2 -118 38.75 0 0.58310100000355147 0.57445331568146518 0.57445331568146518 -0.70180464938939502 -2.7755575615628914e-17 0.7123694505629985 0.40922299286609809 -0.81853734679767109 0.40315400780240612 2.6918674184801934
2 -137.66666666666666 58.125 19.374999999999996 0.58310100000355214 0.57445331568146496 -0.57445331568146496 0.70180464938939457 -2.7755575615628914e-17 0.71236945056299905 0.40922299286609815 -0.81853734679767132 -0.40315400780240562 3.3460076502852165
1 -154.98508960747068 38.75 41.13359363141327 0.58310100000355214 0.57445331568146496 -0.57445331568146496 
2 -157.33333333333334 38.75 38.75 0.58310100000355214 0.57445331568146496 -0.57445331568146496 0.70180464938939457 -2.7755575615628914e-17 0.71236945056299905 0.40922299286609815 -0.81853734679767132 -0.40315400780240562 3.3460076502852165
2 -137.66666666666666 58.125 58.125 0.58310100000355214 0.57445331568146496 0.57445331568146496 -0.70180464938939457 2.7755575615628914e-17 0.71236945056299905 0.40922299286609815 -0.81853734679767132 0.40315400780240562 3.3460076502852165
1 -159.681577059196 38.75 41.13359363141327 0.58310100000355214 0.57445331568146496 0.57445331568146496 
2 -157.33333333333334 38.75 38.75 0.58310100000355214 0.57445331568146496 0.57445331568146496 -0.70180464938939457 2.7755575615628914e-17 0.71236945056299905 0.40922299286609815 -0.81853734679767132 0.40315400780240562 3.3460076502852165
2 -137.66666666666666 58.125 19.375000000000004 -0.58310100000355147 0.57445331568146518 -0.57445331568146518 0.70180464938939502 -2.7755575615628914e-17 -0.7123694505629985 -0.40922299286609809 -0.81853734679767109 -0.40315400780240612 3.3460076502852165
1 -116.24702537606153 38.75 36.970636510754936 -0.56527302256521472 0.57427174778467394 -0.59218102777471859 
2 -118 38.75 38.75 -0.58310100000355147 0.57445331568146518 -0.57445331568146518 0.70180464938939502 -2.7755575615628914e-17 -0.7123694505629985 -0.40922299286609809 -0.81853734679767109 -0.40315400780240612 2.4978099325270104
2 -137.66666666666666 58.125 58.125 -0.58310100000355147 0.57445331568146518 0.57445331568146518 -0.70180464938939502 2.7755575615628914e-17 -0.7123694505629985 -0.40922299286609809 -0.81853734679767109 0.40315400780240612 3.3460076502852165
1 -119.75297462393847 38.75 36.970636510754936 -0.60056037508797222 0.57427174778467405 0.55636246779462939 
2 -118 38.75 38.75 -0.58310100000355147 0.57445331568146518 0.57445331568146518 -0.70180464938939502 2.7755575615628914e-17 -0.7123694505629985 -0.40922299286609809 -0.81853734679767109 0.40315400780240612 2.4978099325270104
2 -98.333333333333343 58.125 19.375000000000004 0.58310100000355147 0.57445331568146518 -0.57445331568146518 0.70180464938939502 2.7755575615628914e-17 0.7123694505629985 0.40922299286609809 -0.81853734679767109 -0.40315400780240612 3.3460076502852165
1 -116.24702537606153 38.75 40.529363489245064 0.60056037508797222 0.57427174778467405 -0.55636246779462939 
2 -118 38.75 38.75 0.58310100000355147 0.57445331568146518 -0.57445331568146518 0.70180464938939502 2.7755575615628914e-17 0.7123694505629985 0.40922299286609809 -0.81853734679767109 -0.40315400780240612 2.4978099325270104
2 -98.333333333333343 58.125 58.125 0.58310100000355147 0.57445331568146518 0.57445331568146518 -0.70180464938939502 -2.7755575615628914e-17 0.7123694505629985 0.40922299286609809 -0.81853734679767109 0.40315400780240612 3.3460076502852165
1 -119.75297462393847 38.75 40.529363489245064 0.56527302256521472 0.57427174778467394 0.59218102777471859 
2 -118 38.75 38.75 0.58310100000355147 0.57445331568146518 0.57445331568146518 -0.70180464938939502 -2.7755575615628914e-17 0.7123694505629985 0.40922299286609809 -0.81853734679767109 0.40315400780240612 2.4978099325270104
2 -137.66666666666666 58.125 58.125 0.58310100000355214 0.57445331568146496 -0.57445331568146496 0.70180464938939457 -2.7755575615628914e-17 0.71236945056299905 0.40922299286609815 -0.81853734679767132 -0.40315400780240562 3.3460076502852165
1 -154.98508960747068 38.75 79.883593631413277 0.58310100000355214 0.57445331568146496 -0.57445331568146496 
2 -157.33333333333334 38.75 77.5 0.58310100000355214 0.57445331568146496 -0.57445331568146496 0.70180464938939457 -2.7755575615628914e-17 0.71236945056299905 0.40922299286609815 -0.81853734679767132 -0.40315400780240562 3.3460076502852165
2 -137.66666666666666 58.125 58.125 -0.58310100000355147 0.57445331568146518 -0.57445331568146518 0.70180464938939502 -2.7755575615628914e-17 -0.7123694505629985 -0.40922299286609809 -0.81853734679767109 -0.40315400780240612 3.3460076502852165
1 -116.82587813706867 38.75 76.308203184293362 -0.54761593681627252 0.57374790156907651 -0.60904033625854193 
2 -118 38.75 77.5 -0.58310100000355147 0.57445331568146518 -0.57445331568146518 0.70180464938939502 -2.7755575615628914e-17 -0.7123694505629985 -0.40922299286609809 -0.81853734679767109 -0.40315400780240612 1.6730038251426083
2 -98.333333333333343 58.125 58.125 0.58310100000355147 0.57445331568146518 -0.57445331568146518 0.70180464938939502 2.7755575615628914e-17 0.7123694505629985 0.40922299286609809 -0.81853734679767109 -0.40315400780240612 3.3460076502852165
1 -116.82587813706867 38.75 78.691796815706638 0.6171539966917019 0.5737479015690764 -0.53845546687961132 
2 -118 38.75 77.5 0.58310100000355147 0.57445331568146518 -0.57445331568146518 0.70180464938939502 2.7755575615628914e-17 0.7123694505629985 0.40922299286609809 -0.81853734679767109 -0.40315400780240612 1.6730038251426083
2 -157.33333333333334 77.5 -77.5 -0.58310100000355214 0.57445331568146496 -0.57445331568146496 0.70180464938939457 2.7755575615628914e-17 -0.71236945056299905 -0.40922299286609815 -0.81853734679767132 -0.40315400780240562 3.3460076502852165
1 -135.318422940804 58.125 -60.50859363141327 -0.58310100000355214 0.57445331568146496 -0.57445331568146496 
2 -137.66666666666666 58.125 -58.125 -0.58310100000355214 0.57445331568146496 -0.57445331568146496 0.70180464938939457 2.7755575615628914e-17 -0.71236945056299905 -0.40922299286609815 -0.81853734679767132 -0.40315400780240562 3.3460076502852165
2 -157.33333333333334 77.5 -38.75 -0.58310100000355214 0.57445331568146496 0.57445331568146496 -0.70180464938939457 -2.7755575615628914e-17 -0.71236945056299905 -0.40922299286609815 -0.81853734679767132 0.40315400780240562 3.3460076502852165
1 -140.01491039252932 58.125 -60.50859363141327 -0.58310100000355214 0.57445331568146496 0.57445331568146496 
2 -137.66666666666666 58.125 -58.125 -0.58310100000355214 0.57445331568146496 0.57445331568146496 -0.70180464938939457 -2.7755575615628914e-17 -0.71236945056299905 -0.40922299286609815 -0.81853734679767132 0.40315400780240562 3.3460076502852165
2 -118 77.5 -77.5 0.58310100000355147 0.57445331568146518 -0.57445331568146518 0.70180464938939502 2.7755575615628914e-17 0.7123694505629985 0.40922299286609809 -0.81853734679767109 -0.40315400780240612 3.3460076502852165
1 -135.318422940804 58.125 -55.74140636858673 0.58310100000355147 0.57445331568146518 -0.57445331568146518 
2 -137.66666666666666 58.125 -58.125 0.58310100000355147 0.57445331568146518 -0.57445331568146518 0.70180464938939502 2.7755575615628914e-17 0.7123694505629985 0.40922299286609809 -0.81853734679767109 -0.40315400780240612 3.3460076502852165
2 -118 77.5 -38.75 0.58310100000355147 0.57445331568146518 0.57445331568146518 -0.70180464938939502 -2.7755575615628914e-17 0.7123694505629985 0.40922299286609809 -0.81853734679767109 0.40315400780240612 3.3460076502852165
1 -140.01491039252932 58.125 -55.74140636858673 0.58310100000355147 0.57445331568146518 0.57445331568146518 
2 -137.66666666666666 58.125 -58.125 0.58310100000355147 0.57445331568146518 0.57445331568146518 -0.70180464938939502 -2.7755575615628914e-17 0.7123694505629985 0.40922299286609809 -0.81853734679767109 0.40315400780240612 3.3460076502852165
2 -137.66666666666666 58.125 -19.374999999999996 0.58310100000355214 -0.57445331568146496 0.57445331568146496 -0.70180464938939457 -2.7755575615628914e-17 0.71236945056299905 -0.40922299286609815 -0.81853734679767132 -0.40315400780240562 3.3460076502852165
1 -159.681577059196 77.5 -36.36640636858673 0.58310100000355214 -0.57445331568146496 0.57445331568146496 
2 -157.33333333333334 77.5 -38.75 0.58310100000355214 -0.57445331568146496 0.57445331568146496 -0.70180464938939457 -2.7755575615628914e-17 0.71236945056299905 -0.40922299286609815 -0.81853734679767132 -0.40315400780240562 3.3460076502852165
2 -98.333333333333343 58.125 -58.125 0.58310100000355147 -0.57445331568146518 0.57445331568146518 -0.70180464938939502 2.7755575615628914e-17 0.7123694505629985 -0.40922299286609809 -0.81853734679767109 -0.40315400780240612 3.3460076502852165
1 -120.34824372586264 77.5 -75.116406368586723 0.58310100000355147 -0.57445331568146518 0.57445331568146518 
2 -118 77.5 -77.5 0.58310100000355147 -0.57445331568146518 0.57445331568146518 -0.70180464938939502 2.7755575615628914e-17 0.7123694505629985 -0.40922299286609809 -0.81853734679767109 -0.40315400780240612 3.3460076502852165
2 -137.66666666666666 58.125 -19.375000000000004 -0.58310100000355147 -0.57445331568146518 0.57445331568146518 -0.70180464938939502 -2.7755575615628914e-17 -0.7123694505629985 0.40922299286609809 -0.81853734679767109 -0.40315400780240612 3.3460076502852165
1 -120.34824372586264 77.5 -41.13359363141327 -0.58310100000355147 -0.57445331568146518 0.57445331568146518 
2 -118 77.5 -38.75 -0.58310100000355147 -0.57445331568146518 0.57445331568146518 -0.70180464938939502 -2.7755575615628914e-17 -0.7123694505629985 0.40922299286609809 -0.81853734679767109 -0.40315400780240612 3.3460076502852165
2 -98.333333333333343 58.125 -58.125 0.58310100000355147 -0.57445331568146518 -0.57445331568146518 0.70180464938939502 -2.7755575615628914e-17 0.7123694505629985 -0.40922299286609809 -0.81853734679767109 0.40315400780240612 3.3460076502852165
1 -115.65175627413736 77.5 -36.36640636858673 0.58310100000355147 -0.57445331568146518 -0.57445331568146518 
2 -118 77.5 -38.75 0.58310100000355147 -0.57445331568146518 -0.57445331568146518 0.70180464938939502 -2.7755575615628914e-17 0.7123694505629985 -0.40922299286609809 -0.81853734679767109 0.40315400780240612 3.3460076502852165
2 -98.333333333333343 58.125 -19.375000000000004 0.58310100000355147 -0.57445331568146518 0.57445331568146518 -0.70180464938939502 2.7755575615628914e-17 0.7123694505629985 -0.40922299286609809 -0.81853734679767109 -0.40315400780240612 3.3460076502852165
1 -120.34824372586264 77.5 -36.36640636858673 0.58310100000355147 -0.57445331568146518 0.57445331568146518 
2 -118 77.5 -38.75 0.58310100000355147 -0.57445331568146518 0.57445331568146518 -0.70180464938939502 2.7755575615628914e-17 0.7123694505629985 -0.40922299286609809 -0.81853734679767109 -0.40315400780240612 3.3460076502852165
2 -157.33333333333334 77.5 3.5527136788005009e-15 -0.58310100000355214 0.57445331568146496 0.57445331568146496 -0.70180464938939457 -2.7755575615628914e-17 -0.71236945056299905 -0.40922299286609815 -0.81853734679767132 0.40315400780240562 3.3460076502852165
1 -140.01491039252932 58.125 -21.75859363141327 -0.58310100000355214 0.57445331568146496 0.57445331568146496 
2 -137.66666666666666 58.125 -19.375 -0.58310100000355214 0.57445331568146496 0.57445331568146496 -0.70180464938939457 -2.7755575615628914e-17 -0.71236945056299905 -0.40922299286609815 -0.81853734679767132 0.40315400780240562 3.3460076502852165
2 -118 77.5 -3.5527136788005009e-15 0.58310100000355147 0.57445331568146518 0.57445331568146518 -0.70180464938939502 -2.7755575615628914e-17 0.7123694505629985 0.40922299286609809 -0.81853734679767109 0.40315400780240612 3.3460076502852165
1 -140.01491039252932 58.125 -16.99140636858673 0.58310100000355147 0.57445331568146518 0.57445331568146518 
2 -137.66666666666666 58.125 -19.375 0.58310100000355147 0.57445331568146518 0.57445331568146518 -0.70180464938939502 -2.7755575615628914e-17 0.7123694505629985 0.40922299286609809 -0.81853734679767109 0.40315400780240612 3.3460076502852165
2 -137.66666666666666 58.125 19.375000000000004 0.58310100000355214 -0.57445331568146496 0.57445331568146496 -0.70180464938939457 -2.7755575615628914e-17 0.71236945056299905 -0.40922299286609815 -0.81853734679767132 -0.40315400780240562 3.3460076502852165
1 -159.681577059196 77.5 2.3835936314132713 0.58310100000355214 -0.57445331568146496 0.57445331568146496 
2 -157.33333333333334 77.5 0 0.58310100000355214 -0.57445331568146496 0.57445331568146496 -0.70180464938939457 -2.7755575615628914e-17 0.71236945056299905 -0.40922299286609815 -0.81853734679767132 -0.40315400780240562 3.3460076502852165
2 -137.66666666666666 58.125 19.374999999999996 -0.58310100000355147 -0.57445331568146518 0.57445331568146518 -0.70180464938939502 -2.7755575615628914e-17 -0.7123694505629985 0.40922299286609809 -0.81853734679767109 -0.40315400780240612 3.3460076502852165
1 -120.34824372586264 77.5 -2.3835936314132691 -0.58310100000355147 -0.57445331568146518 0.57445331568146518 
2 -118 77.5 0 -0.58310100000355147 -0.57445331568146518 0.57445331568146518 -0.70180464938939502 -2.7755575615628914e-17 -0.7123694505629985 0.40922299286609809 -0.81853734679767109 -0.40315400780240612 3.3460076502852165
2 -98.333333333333343 58.125 -19.374999999999996 0.58310100000355147 -0.57445331568146518 -0.57445331568146518 0.70180464938939502 -2.7755575615628914e-17 0.7123694505629985 -0.40922299286609809 -0.81853734679767109 0.40315400780240612 3.3460076502852165
1 -115.65175627413736 77.5 2.3835936314132695 0.58310100000355147 -0.57445331568146518 -0.57445331568146518 
2 -118 77.5 0 0.58310100000355147 -0.57445331568146518 -0.57445331568146518 0.70180464938939502 -2.7755575615628914e-17 0.7123694505629985 -0.40922299286609809 -0.81853734679767109 0.40315400780240612 3.3460076502852165
2 -98.333333333333343 58.125 19.374999999999996 0.58310100000355147 -0.57445331568146518 0.57445331568146518 -0.70180464938939502 2.7755575615628914e-17 0.7123694505629985 -0.40922299286609809 -0.81853734679767109 -0.40315400780240612 3.3460076502852165
1 -120.34824372586264 77.5 2.38359363141327 0.58310100000355147 -0.57445331568146518 0.57445331568146518 
2 -118 77.5 0 0.58310100000355147 -0.57445331568146518 0.57445331568146518 -0.70180464938939502 2.7755575615628914e-17 0.7123694505629985 -0.40922299286609809 -0.81853734679767109 -0.40315400780240612 3.3460076502852165
2 -157.33333333333334 77.5 38.75 -0.58310100000355214 0.57445331568146496 0.57445331568146496 -0.70180464938939457 -2.7755575615628914e-17 -0.71236945056299905 -0.40922299286609815 -0.81853734679767132 0.40315400780240562 3.3460076502852165
1 -140.01491039252932 58.125 16.99140636858673 -0.58310100000355214 0.57445331568146496 0.57445331568146496 
2 -137.66666666666666 58.125 19.375 -0.58310100000355214 0.57445331568146496 0.57445331568146496 -0.70180464938939457 -2.7755575615628914e-17 -0.71236945056299905 -0.40922299286609815 -0.81853734679767132 0.40315400780240562 3.3460076502852165
2 -118 77.5 38.75 0.58310100000355147 0.57445331568146518 0.57445331568146518 -0.70180464938939502 -2.7755575615628914e-17 0.7123694505629985 0.40922299286609809 -0.81853734679767109 0.40315400780240612 3.3460076502852165
1 -140.01491039252932 58.125 21.75859363141327 0.58310100000355147 0.57445331568146518 0.57445331568146518 
2 -137.66666666666666 58.125 19.375 0.58310100000355147 0.57445331568146518 0.57445331568146518 -0.70180464938939502 -2.7755575615628914e-17 0.7123694505629985 0.40922299286609809 -0.81853734679767109 0.40315400780240612 3.3460076502852165
2 -137.66666666666666 58.125 58.125 0.58310100000355214 -0.57445331568146496 0.57445331568146496 -0.70180464938939457 -2.7755575615628914e-17 0.71236945056299905 -0.40922299286609815 -0.81853734679767132 -0.40315400780240562 3.3460076502852165
1 -159.681577059196 77.5 41.13359363141327 0.58310100000355214 -0.57445331568146496 0.57445331568146496 
2 -157.33333333333334 77.5 38.75 0.58310100000355214 -0.57445331568146496 0.57445331568146496 -0.70180464938939457 -2.7755575615628914e-17 0.71236945056299905 -0.40922299286609815 -0.81853734679767132 -0.40315400780240562 3.3460076502852165
2 -137.66666666666666 58.125 58.125 -0.58310100000355147 -0.57445331568146518 0.57445331568146518 -0.70180464938939502 -2.7755575615628914e-17 -0.7123694505629985 0.40922299286609809 -0.81853734679767109 -0.40315400780240612 3.3460076502852165
1 -120.34824372586264 77.5 36.36640636858673 -0.58310100000355147 -0.57445331568146518 0.57445331568146518 
2 -118 77.5 38.75 -0.58310100000355147 -0.57445331568146518 0.57445331568146518 -0.70180464938939502 -2.7755575615628914e-17 -0.7123694505629985 0.40922299286609809 -0.81853734679767109 -0.40315400780240612 3.3460076502852165
2 -98.333333333333343 58.125 19.375000000000004 0.58310100000355147 -0.57445331568146518 -0.57445331568146518 0.70180464938939502 -2.7755575615628914e-17 0.7123694505629985 -0.40922299286609809 -0.81853734679767109 0.40315400780240612 3.3460076502852165
1 -115.65175627413736 77.5 41.13359363141327 0.58310100000355147 -0.57445331568146518 -0.57445331568146518 
2 -118 77.5 38.75 0.58310100000355147 -0.57445331568146518 -0.57445331568146518 0.70180464938939502 -2.7755575615628914e-17 0.7123694505629985 -0.40922299286609809 -0.81853734679767109 0.40315400780240612 3.3460076502852165
2 -98.333333333333343 58.125 58.125 0.58310100000355147 -0.57445331568146518 0.57445331568146518 -0.70180464938939502 2.7755575615628914e-17 0.7123694505629985 -0.40922299286609809 -0.81853734679767109 -0.40315400780240612 3.3460076502852165
1 -120.34824372586264 77.5 41.13359363141327 0.58310100000355147 -0.57445331568146518 0.57445331568146518 
2 -118 77.5 38.75 0.58310100000355147 -0.57445331568146518 0.57445331568146518 -0.70180464938939502 2.7755575615628914e-17 0.7123694505629985 -0.40922299286609809 -0.81853734679767109 -0.40315400780240612 3.3460076502852165
2 -157.33333333333334 77.5 77.5 -0.58310100000355214 0.57445331568146496 0.57445331568146496 -0.70180464938939457 -2.7755575615628914e-17 -0.71236945056299905 -0.40922299286609815 -0.81853734679767132 0.40315400780240562 3.3460076502852165
1 -140.01491039252932 58.125 55.74140636858673 -0.58310100000355214 0.57445331568146496 0.57445331568146496 
2 -137.66666666666666 58.125 58.125 -0.58310100000355214 0.57445331568146496 0.57445331568146496 -0.70180464938939457 -2.7755575615628914e-17 -0.71236945056299905 -0.40922299286609815 -0.81853734679767132 0.40315400780240562 3.3460076502852165
2 -118 77.5 77.5 0.58310100000355147 0.57445331568146518 0.57445331568146518 -0.70180464938939502 -2.7755575615628914e-17 0.7123694505629985 0.40922299286609809 -0.81853734679767109 0.40315400780240612 3.3460076502852165
1 -140.01491039252932 58.125 60.50859363141327 0.58310100000355147 0.57445331568146518 0.57445331568146518 
2 -137.66666666666666 58.125 58.125 0.58310100000355147 0.57445331568146518 0.57445331568146518 -0.70180464938939502 -2.7755575615628914e-17 0.7123694505629985 0.40922299286609809 -0.81853734679767109 0.40315400780240612 3.3460076502852165
2 -98.333333333333343 58.125 58.125 0.58310100000355147 -0.57445331568146518 -0.57445331568146518 0.70180464938939502 -2.7755575615628914e-17 0.7123694505629985 -0.40922299286609809 -0.81853734679767109 0.40315400780240612 3.3460076502852165
1 -115.65175627413736 77.5 79.883593631413277 0.58310100000355147 -0.57445331568146518 -0.57445331568146518 
2 -118 77.5 77.5 0.58310100000355147 -0.57445331568146518 -0.57445331568146518 0.70180464938939502 -2.7755575615628914e-17 0.7123694505629985 -0.40922299286609809 -0.81853734679767109 0.40315400780240612 3.3460076502852165
2 -98.333333333333343 58.125 -58.125 -0.58310100000355181 0.57445331568146518 0.57445331568146518 -0.70180464938939491 -2.7755575615628907e-17 -0.71236945056299883 -0.40922299286609815 -0.81853734679767121 0.40315400780240596 3.3460076502852165
1 -80.831107813133855 38.75 -79.697024131467757 -0.58853285690435631 0.57443599751597574 0.56890452722914964 
2 -78.666666666666671 38.75 -77.5 -0.58310100000355181 0.57445331568146518 0.57445331568146518 -0.70180464938939491 -2.7755575615628907e-17 -0.71236945056299883 -0.40922299286609815 -0.81853734679767121 0.40315400780240596 3.0841077333277136
2 -59 58.125 -58.125 0.58310100000355181 0.57445331568146518 0.57445331568146518 -0.70180464938939491 2.7755575615628907e-17 0.71236945056299883 0.40922299286609815 -0.81853734679767121 0.40315400780240596 3.3460076502852165
1 -80.831107813133855 38.75 -75.302975868532243 0.57763398536463539 0.57443599751597574 0.57996746780280195 
2 -78.666666666666671 38.75 -77.5 0.58310100000355181 0.57445331568146518 0.57445331568146518 -0.70180464938939491 2.7755575615628907e-17 0.71236945056299883 0.40922299286609815 -0.81853734679767121 0.40315400780240596 3.0841077333277136
2 -98.333333333333343 58.125 -58.125 -0.58310100000355181 0.57445331568146518 -0.57445331568146518 0.70180464938939491 2.7755575615628907e-17 -0.71236945056299883 -0.40922299286609815 -0.81853734679767121 -0.40315400780240596 3.3460076502852165
1 -76.318422940804027 38.75 -41.13359363141327 -0.58310100000355181 0.57445331568146518 -0.57445331568146518 
2 -78.666666666666671 38.75 -38.75 -0.58310100000355181 0.57445331568146518 -0.57445331568146518 0.70180464938939491 2.7755575615628907e-17 -0.71236945056299883 -0.40922299286609815 -0.81853734679767121 -0.40315400780240596 3.3460076502852165
2 -98.333333333333343 58.125 -19.375 -0.58310100000355181 0.57445331568146518 0.57445331568146518 -0.70180464938939491 -2.7755575615628907e-17 -0.71236945056299883 -0.40922299286609815 -0.81853734679767121 0.40315400780240596 3.3460076502852165
1 -81.014910392529316 38.75 -41.13359363141327 -0.58310100000355181 0.57445331568146518 0.57445331568146518 
2 -78.666666666666671 38.75 -38.75 -0.58310100000355181 0.57445331568146518 0.57445331568146518 -0.70180464938939491 -2.7755575615628907e-17 -0.71236945056299883 -0.40922299286609815 -0.81853734679767121 0.40315400780240596 3.3460076502852165
2 -59 19.375 -19.375 0.58310100000355181 -0.57445331568146518 0.57445331568146518 -0.70180464938939491 -2.7755575615628907e-17 0.71236945056299883 -0.40922299286609815 -0.81853734679767121 -0.40315400780240596 2.0923767561668036
1 -81.014910392529316 38.75 -36.36640636858673 0.60876611331805697 -0.57405690945986776 0.54759700873636252 
2 -78.666666666666671 38.75 -38.75 0.58310100000355181 -0.57445331568146518 0.57445331568146518 -0.70180464938939491 -2.7755575615628907e-17 0.71236945056299883 -0.40922299286609815 -0.81853734679767121 -0.40315400780240596 3.3460076502852165
2 -59 58.125 -58.125 0.58310100000355181 0.57445331568146518 -0.57445331568146518 0.70180464938939491 -2.7755575615628907e-17 0.71236945056299883 0.40922299286609815 -0.81853734679767121 -0.40315400780240596 3.3460076502852165
1 -76.318422940804027 38.75 -36.36640636858673 0.58310100000355181 0.57445331568146518 -0.57445331568146518 
2 -78.666666666666671 38.75 -38.75 0.58310100000355181 0.57445331568146518 -0.57445331568146518 0.70180464938939491 -2.7755575615628907e-17 0.71236945056299883 0.40922299286609815 -0.81853734679767121 -0.40315400780240596 3.3460076502852165
2 -59 58.125 -19.375 0.58310100000355181 0.57445331568146518 0.57445331568146518 -0.70180464938939491 2.7755575615628907e-17 0.71236945056299883 0.40922299286609815 -0.81853734679767121 0.40315400780240596 3.3460076502852165
1 -81.014910392529316 38.75 -36.36640636858673 0.58310100000355181 0.57445331568146518 0.57445331568146518 
2 -78.666666666666671 38.75 -38.75 0.58310100000355181 0.57445331568146518 0.57445331568146518 -0.70180464938939491 2.7755575615628907e-17 0.71236945056299883 0.40922299286609815 -0.81853734679767121 0.40315400780240596 3.3460076502852165
2 -98.333333333333343 58.125 -19.375 -0.58310100000355181 0.57445331568146518 -0.57445331568146518 0.70180464938939491 2.7755575615628907e-17 -0.71236945056299883 -0.40922299286609815 -0.81853734679767121 -0.40315400780240596 3.3460076502852165
1 -76.318422940804027 38.75 -2.38359363141327 -0.58310100000355181 0.57445331568146518 -0.57445331568146518 
2 -78.666666666666671 38.75 0 -0.58310100000355181 0.57445331568146518 -0.57445331568146518 0.70180464938939491 2.7755575615628907e-17 -0.71236945056299883 -0.40922299286609815 -0.81853734679767121 -0.40315400780240596 3.3460076502852165
2 -98.333333333333343 58.125 19.375 -0.58310100000355181 0.57445331568146518 0.57445331568146518 -0.70180464938939491 -2.7755575615628907e-17 -0.71236945056299883 -0.40922299286609815 -0.81853734679767121 0.40315400780240596 3.3460076502852165
1 -81.014910392529316 38.75 -2.3835936314132704 -0.58310100000355181 0.57445331568146518 0.57445331568146518 
2 -78.666666666666671 38.75 0 -0.58310100000355181 0.57445331568146518 0.57445331568146518 -0.70180464938939491 -2.7755575615628907e-17 -0.71236945056299883 -0.40922299286609815 -0.81853734679767121 0.40315400780240596 3.3460076502852165
2 -59 19.375 -19.375 0.58310100000355181 -0.57445331568146518 -0.57445331568146518 0.70180464938939491 2.7755575615628907e-17 0.71236945056299883 -0.40922299286609815 -0.81853734679767121 0.40315400780240596 2.0923767561668036
1 -76.318422940804027 38.75 2.38359363141327 0.55663113943487907 -0.57405690945986776 -0.60051681018337322 
2 -78.666666666666671 38.75 0 0.58310100000355181 -0.57445331568146518 -0.57445331568146518 0.70180464938939491 2.7755575615628907e-17 0.71236945056299883 -0.40922299286609815 -0.81853734679767121 0.40315400780240596 3.3460076502852165
2 -59 19.375 19.375 0.58310100000355181 -0.57445331568146518 0.57445331568146518 -0.70180464938939491 -2.7755575615628907e-17 0.71236945056299883 -0.40922299286609815 -0.81853734679767121 -0.40315400780240596 2.0929386407504165
1 -81.014910392529316 38.75 2.3835936314132704 0.60875480606736132 -0.57405726435602045 0.54760920676151104 
2 -78.666666666666671 38.75 0 0.58310100000355181 -0.57445331568146518 0.57445331568146518 -0.70180464938939491 -2.7755575615628907e-17 0.71236945056299883 -0.40922299286609815 -0.81853734679767121 -0.40315400780240596 3.3460076502852165
2 -59 58.125 -19.375 0.58310100000355181 0.57445331568146518 -0.57445331568146518 0.70180464938939491 -2.7755575615628907e-17 0.71236945056299883 0.40922299286609815 -0.81853734679767121 -0.40315400780240596 3.3460076502852165
1 -76.318422940804027 38.75 2.38359363141327 0.58310100000355181 0.57445331568146518 -0.57445331568146518 
2 -78.666666666666671 38.75 0 0.58310100000355181 0.57445331568146518 -0.57445331568146518 0.70180464938939491 -2.7755575615628907e-17 0.71236945056299883 0.40922299286609815 -0.81853734679767121 -0.40315400780240596 3.3460076502852165
2 -59 58.125 19.375 0.58310100000355181 0.57445331568146518 0.57445331568146518 -0.70180464938939491 2.7755575615628907e-17 0.71236945056299883 0.40922299286609815 -0.81853734679767121 0.40315400780240596 3.3460076502852165
1 -81.014910392529316 38.75 2.3835936314132695 0.58310100000355181 0.57445331568146518 0.57445331568146518 
2 -78.666666666666671 38.75 0 0.58310100000355181 0.57445331568146518 0.57445331568146518 -0.70180464938939491 2.7755575615628907e-17 0.71236945056299883 0.40922299286609815 -0.81853734679767121 0.40315400780240596 3.3460076502852165
2 -98.333333333333343 58.125 19.375 -0.58310100000355181 0.57445331568146518 -0.57445331568146518 0.70180464938939491 2.7755575615628907e-17 -0.71236945056299883 -0.40922299286609815 -0.81853734679767121 -0.40315400780240596 3.3460076502852165
1 -76.318422940804027 38.75 36.36640636858673 -0.58310100000355181 0.57445331568146518 -0.57445331568146518 
2 -78.666666666666671 38.75 38.75 -0.58310100000355181 0.57445331568146518 -0.57445331568146518 0.70180464938939491 2.7755575615628907e-17 -0.71236945056299883 -0.40922299286609815 -0.81853734679767121 -0.40315400780240596 3.3460076502852165
2 -98.333333333333343 58.125 58.125 -0.58310100000355181 0.57445331568146518 0.57445331568146518 -0.70180464938939491 -2.7755575615628907e-17 -0.71236945056299883 -0.40922299286609815 -0.81853734679767121 0.40315400780240596 3.3460076502852165
1 -81.014910392529316 38.75 36.36640636858673 -0.58310100000355181 0.57445331568146518 0.57445331568146518 
2 -78.666666666666671 38.75 38.75 -0.58310100000355181 0.57445331568146518 0.57445331568146518 -0.70180464938939491 -2.7755575615628907e-17 -0.71236945056299883 -0.40922299286609815 -0.81853734679767121 0.40315400780240596 3.3460076502852165
2 -59 19.375 19.375 0.58310100000355181 -0.57445331568146518 -0.57445331568146518 0.70180464938939491 2.7755575615628907e-17 0.71236945056299883 -0.40922299286609815 -0.81853734679767121 0.40315400780240596 2.0929386407504165
1 -76.318422940804027 38.75 41.13359363141327 0.55664316716292539 -0.57405726435602045 -0.60050532195052986 
2 -78.666666666666671 38.75 38.75 0.58310100000355181 -0.57445331568146518 -0.57445331568146518 0.70180464938939491 2.7755575615628907e-17 0.71236945056299883 -0.40922299286609815 -0.81853734679767121 0.40315400780240596 3.3460076502852165
2 -59 58.125 19.375 0.58310100000355181 0.57445331568146518 -0.57445331568146518 0.70180464938939491 -2.7755575615628907e-17 0.71236945056299883 0.40922299286609815 -0.81853734679767121 -0.40315400780240596 3.3460076502852165
1 -76.318422940804027 38.75 41.13359363141327 0.58310100000355181 0.57445331568146518 -0.57445331568146518 
2 -78.666666666666671 38.75 38.75 0.58310100000355181 0.57445331568146518 -0.57445331568146518 0.70180464938939491 -2.7755575615628907e-17 0.71236945056299883 0.40922299286609815 -0.81853734679767121 -0.40315400780240596 3.3460076502852165
2 -59 58.125 58.125 0.58310100000355181 0.57445331568146518 0.57445331568146518 -0.70180464938939491 2.7755575615628907e-17 0.71236945056299883 0.40922299286609815 -0.81853734679767121 0.40315400780240596 3.3460076502852165
1 -81.014910392529316 38.75 41.13359363141327 0.58310100000355181 0.57445331568146518 0.57445331568146518 
2 -78.666666666666671 38.75 38.75 0.58310100000355181 0.57445331568146518 0.57445331568146518 -0.70180464938939491 2.7755575615628907e-17 0.71236945056299883 0.40922299286609815 -0.81853734679767121 0.40315400780240596 3.3460076502852165
2 -98.333333333333343 58.125 58.125 -0.58310100000355181 0.57445331568146518 -0.57445331568146518 0.70180464938939491 2.7755575615628907e-17 -0.71236945056299883 -0.40922299286609815 -0.81853734679767121 -0.40315400780240596 3.3460076502852165
1 -76.502073075863976 38.75 75.302821129335754 -0.5776385339554414 0.57443602622985224 -0.57996290903734959 
2 -78.666666666666671 38.75 77.5 -0.58310100000355181 0.57445331568146518 -0.57445331568146518 0.70180464938939491 2.7755575615628907e-17 -0.71236945056299883 -0.40922299286609815 -0.81853734679767121 -0.40315400780240596 3.0843249509475301
2 -59 58.125 58.125 0.58310100000355181 0.57445331568146518 -0.57445331568146518 0.70180464938939491 -2.7755575615628907e-17 0.71236945056299883 0.40922299286609815 -0.81853734679767121 -0.40315400780240596 3.3460076502852165
1 -76.502073075863976 38.75 79.697178870664246 0.58852836660580699 0.57443602622985224 -0.56890914342235477 
2 -78.666666666666671 38.75 77.5 0.58310100000355181 0.57445331568146518 -0.57445331568146518 0.70180464938939491 -2.7755575615628907e-17 0.71236945056299883 0.40922299286609815 -0.81853734679767121 -0.40315400780240596 3.0843249509475301
2 -78.666666666666671 77.5 -77.5 0.58310100000355181 0.57445331568146518 -0.57445331568146518 0.70180464938939491 -2.7755575615628907e-17 0.71236945056299883 0.40922299286609815 -0.81853734679767121 -0.40315400780240596 1.673003825142608
1 -95.985089607470698 58.125 -55.74140636858673 0.54761593681627263 0.57374790156907629 -0.6090403362585417 
2 -98.333333333333343 58.125 -58.125 0.58310100000355181 0.57445331568146518 -0.57445331568146518 0.70180464938939491 -2.7755575615628907e-17 0.71236945056299883 0.40922299286609815 -0.81853734679767121 -0.40315400780240596 3.3460076502852165
2 -78.666666666666671 77.5 -38.75 0.58310100000355181 0.57445331568146518 0.57445331568146518 -0.70180464938939491 2.7755575615628907e-17 0.71236945056299883 0.40922299286609815 -0.81853734679767121 0.40315400780240596 3.3460076502852165
1 -100.68157705919599 58.125 -55.74140636858673 0.58310100000355181 0.57445331568146518 0.57445331568146518 
2 -98.333333333333343 58.125 -58.125 0.58310100000355181 0.57445331568146518 0.57445331568146518 -0.70180464938939491 2.7755575615628907e-17 0.71236945056299883 0.40922299286609815 -0.81853734679767121 0.40315400780240596 3.3460076502852165
2 -98.333333333333343 58.125 -19.375 -0.58310100000355181 -0.57445331568146518 0.57445331568146518 -0.70180464938939491 2.7755575615628907e-17 -0.71236945056299883 0.40922299286609815 -0.81853734679767121 -0.40315400780240596 3.3460076502852165
1 -81.014910392529316 77.5 -41.13359363141327 -0.58310100000355181 -0.57445331568146518 0.57445331568146518 
2 -78.666666666666671 77.5 -38.75 -0.58310100000355181 -0.57445331568146518 0.57445331568146518 -0.70180464938939491 2.7755575615628907e-17 -0.71236945056299883 0.40922299286609815 -0.81853734679767121 -0.40315400780240596 3.3460076502852165
2 -59 58.125 -58.125 0.58310100000355181 -0.57445331568146518 -0.57445331568146518 0.70180464938939491 2.7755575615628907e-17 0.71236945056299883 -0.40922299286609815 -0.81853734679767121 0.40315400780240596 3.3460076502852165
1 -76.318422940804027 77.5 -36.36640636858673 0.58310100000355181 -0.57445331568146518 -0.57445331568146518 
2 -78.666666666666671 77.5 -38.75 0.58310100000355181 -0.57445331568146518 -0.57445331568146518 0.70180464938939491 2.7755575615628907e-17 0.71236945056299883 -0.40922299286609815 -0.81853734679767121 0.40315400780240596 3.3460076502852165
2 -59 58.125 -19.375 0.58310100000355181 -0.57445331568146518 0.57445331568146518 -0.70180464938939491 -2.7755575615628907e-17 0.71236945056299883 -0.40922299286609815 -0.81853734679767121 -0.40315400780240596 3.3460076502852165
1 -81.014910392529316 77.5 -36.36640636858673 0.58310100000355181 -0.57445331568146518 0.57445331568146518 
2 -78.666666666666671 77.5 -38.75 0.58310100000355181 -0.57445331568146518 0.57445331568146518 -0.70180464938939491 -2.7755575615628907e-17 0.71236945056299883 -0.40922299286609815 -0.81853734679767121 -0.40315400780240596 3.3460076502852165
2 -78.666666666666671 77.5 0 0.58310100000355181 0.57445331568146518 0.57445331568146518 -0.70180464938939491 2.7755575615628907e-17 0.71236945056299883 0.40922299286609815 -0.81853734679767121 0.40315400780240596 3.3460076502852165
1 -100.68157705919599 58.125 -16.99140636858673 0.58310100000355181 0.57445331568146518 0.57445331568146518 
2 -98.333333333333343 58.125 -19.375 0.58310100000355181 0.57445331568146518 0.57445331568146518 -0.70180464938939491 2.7755575615628907e-17 0.71236945056299883 0.40922299286609815 -0.81853734679767121 0.40315400780240596 3.3460076502852165
2 -98.333333333333343 58.125 19.375 -0.58310100000355181 -0.57445331568146518 0.57445331568146518 -0.70180464938939491 2.7755575615628907e-17 -0.71236945056299883 0.40922299286609815 -0.81853734679767121 -0.40315400780240596 3.3460076502852165
1 -81.014910392529316 77.5 -2.3835936314132695 -0.58310100000355181 -0.57445331568146518 0.57445331568146518 
2 -78.666666666666671 77.5 0 -0.58310100000355181 -0.57445331568146518 0.57445331568146518 -0.70180464938939491 2.7755575615628907e-17 -0.71236945056299883 0.40922299286609815 -0.81853734679767121 -0.40315400780240596 3.3460076502852165
2 -59 58.125 -19.375 0.58310100000355181 -0.57445331568146518 -0.57445331568146518 0.70180464938939491 2.7755575615628907e-17 0.71236945056299883 -0.40922299286609815 -0.81853734679767121 0.40315400780240596 3.3460076502852165
1 -76.318422940804027 77.5 2.3835936314132695 0.58310100000355181 -0.57445331568146518 -0.57445331568146518 
2 -78.666666666666671 77.5 0 0.58310100000355181 -0.57445331568146518 -0.57445331568146518 0.70180464938939491 2.7755575615628907e-17 0.71236945056299883 -0.40922299286609815 -0.81853734679767121 0.40315400780240596 3.3460076502852165
2 -59 58.125 19.375 0.58310100000355181 -0.57445331568146518 0.57445331568146518 -0.70180464938939491 -2.7755575615628907e-17 0.71236945056299883 -0.40922299286609815 -0.81853734679767121 -0.40315400780240596 3.3460076502852165
1 -81.014910392529316 77.5 2.3835936314132704 0.58310100000355181 -0.57445331568146518 0.57445331568146518 
2 -78.666666666666671 77.5 0 0.58310100000355181 -0.57445331568146518 0.57445331568146518 -0.70180464938939491 -2.7755575615628907e-17 0.71236945056299883 -0.40922299286609815 -0.81853734679767121 -0.40315400780240596 3.3460076502852165
2 -78.666666666666671 77.5 38.75 0.58310100000355181 0.57445331568146518 0.57445331568146518 -0.70180464938939491 2.7755575615628907e-17 0.71236945056299883 0.40922299286609815 -0.81853734679767121 0.40315400780240596 3.3460076502852165
1 -100.68157705919599 58.125 21.75859363141327 0.58310100000355181 0.57445331568146518 0.57445331568146518 
2 -98.333333333333343 58.125 19.375 0.58310100000355181 0.57445331568146518 0.57445331568146518 -0.70180464938939491 2.7755575615628907e-17 0.71236945056299883 0.40922299286609815 -0.81853734679767121 0.40315400780240596 3.3460076502852165
2 -98.333333333333343 58.125 58.125 -0.58310100000355181 -0.57445331568146518 0.57445331568146518 -0.70180464938939491 2.7755575615628907e-17 -0.71236945056299883 0.40922299286609815 -0.81853734679767121 -0.40315400780240596 3.3460076502852165
1 -81.014910392529316 77.5 36.36640636858673 -0.58310100000355181 -0.57445331568146518 0.57445331568146518 
2 -78.666666666666671 77.5 38.75 -0.58310100000355181 -0.57445331568146518 0.57445331568146518 -0.70180464938939491 2.7755575615628907e-17 -0.71236945056299883 0.40922299286609815 -0.81853734679767121 -0.40315400780240596 3.3460076502852165
2 -59 58.125 19.375 0.58310100000355181 -0.57445331568146518 -0.57445331568146518 0.70180464938939491 2.7755575615628907e-17 0.71236945056299883 -0.40922299286609815 -0.81853734679767121 0.40315400780240596 3.3460076502852165
1 -76.318422940804027 77.5 41.13359363141327 0.58310100000355181 -0.57445331568146518 -0.57445331568146518 
2 -78.666666666666671 77.5 38.75 0.58310100000355181 -0.57445331568146518 -0.57445331568146518 0.70180464938939491 2.7755575615628907e-17 0.71236945056299883 -0.40922299286609815 -0.81853734679767121 0.40315400780240596 3.3460076502852165
2 -59 58.125 58.125 0.58310100000355181 -0.57445331568146518 0.57445331568146518 -0.70180464938939491 -2.7755575615628907e-17 0.71236945056299883 -0.40922299286609815 -0.81853734679767121 -0.40315400780240596 3.3460076502852165
1 -81.014910392529316 77.5 41.13359363141327 0.58310100000355181 -0.57445331568146518 0.57445331568146518 
2 -78.666666666666671 77.5 38.75 0.58310100000355181 -0.57445331568146518 0.57445331568146518 -0.70180464938939491 -2.7755575615628907e-17 0.71236945056299883 -0.40922299286609815 -0.81853734679767121 -0.40315400780240596 3.3460076502852165
2 -78.666666666666671 77.5 77.5 0.58310100000355181 0.57445331568146518 0.57445331568146518 -0.70180464938939491 2.7755575615628907e-17 0.71236945056299883 0.40922299286609815 -0.81853734679767121 0.40315400780240596 1.673003825142608
1 -100.68157705919599 58.125 60.50859363141327 0.61715399669170212 0.57374790156907629 0.53845546687961121 
2 -98.333333333333343 58.125 58.125 0.58310100000355181 0.57445331568146518 0.57445331568146518 -0.70180464938939491 2.7755575615628907e-17 0.71236945056299883 0.40922299286609815 -0.81853734679767121 0.40315400780240596 3.3460076502852165
2 -59 58.125 -58.125 -0.58310100000355147 0.57445331568146518 0.57445331568146518 -0.70180464938939502 2.7755575615628914e-17 -0.7123694505629985 -0.40922299286609809 -0.81853734679767109 0.40315400780240612 3.3460076502852165
1 -41.681577059195995 38.75 -79.883593631413277 -0.58310100000355147 0.57445331568146518 0.57445331568146518 
2 -39.333333333333343 38.75 -77.5 -0.58310100000355147 0.57445331568146518 0.57445331568146518 -0.70180464938939502 2.7755575615628914e-17 -0.7123694505629985 -0.40922299286609809 -0.81853734679767109 0.40315400780240612 3.3460076502852165
2 -19.666666666666689 19.375000000000004 -58.125 0.58310100000355147 -0.57445331568146518 0.57445331568146518 -0.70180464938939502 2.7755575615628914e-17 0.7123694505629985 -0.40922299286609809 -0.81853734679767109 -0.40315400780240612 2.5039540660842858
1 -41.681577059195988 38.75 -75.116406368586723 0.60043530773437981 -0.57427436749838667 0.55649473677677186 
2 -39.333333333333343 38.75 -77.5 0.58310100000355147 -0.57445331568146518 0.57445331568146518 -0.70180464938939502 2.7755575615628914e-17 0.7123694505629985 -0.40922299286609809 -0.81853734679767109 -0.40315400780240612 3.3460076502852165
2 -19.666666666666689 58.125 -58.125 0.58310100000355147 0.57445331568146518 0.57445331568146518 -0.70180464938939502 -2.7755575615628914e-17 0.7123694505629985 0.40922299286609809 -0.81853734679767109 0.40315400780240612 3.2839667002754847
1 -41.681577059196002 38.75 -75.116406368586723 0.58439095623351489 0.57445234381503751 0.57314196754197666 
2 -39.333333333333343 38.75 -77.5 0.58310100000355147 0.57445331568146518 0.57445331568146518 -0.70180464938939502 -2.7755575615628914e-17 0.7123694505629985 0.40922299286609809 -0.81853734679767109 0.40315400780240612 3.3460076502852165
2 -59 19.375000000000004 -19.375000000000004 -0.58310100000355147 -0.57445331568146518 0.57445331568146518 -0.70180464938939502 -2.7755575615628914e-17 -0.7123694505629985 0.40922299286609809 -0.81853734679767109 -0.40315400780240612 2.0923767561668036
1 -41.681577059195995 38.75 -41.13359363141327 -0.55663113943487885 -0.57405690945986787 0.60051681018337333 
2 -39.333333333333343 38.75 -38.75 -0.58310100000355147 -0.57445331568146518 0.57445331568146518 -0.70180464938939502 -2.7755575615628914e-17 -0.7123694505629985 0.40922299286609809 -0.81853734679767109 -0.40315400780240612 3.3460076502852165
2 -59 58.125 -58.125 -0.58310100000355147 0.57445331568146518 -0.57445331568146518 0.70180464938939502 -2.7755575615628914e-17 -0.7123694505629985 -0.40922299286609809 -0.81853734679767109 -0.40315400780240612 3.3460076502852165
1 -36.985089607470691 38.75 -41.13359363141327 -0.58310100000355147 0.57445331568146518 -0.57445331568146518 
2 -39.333333333333343 38.75 -38.75 -0.58310100000355147 0.57445331568146518 -0.57445331568146518 0.70180464938939502 -2.7755575615628914e-17 -0.7123694505629985 -0.40922299286609809 -0.81853734679767109 -0.40315400780240612 3.3460076502852165
2 -59 58.125 -19.375000000000004 -0.58310100000355147 0.57445331568146518 0.57445331568146518 -0.70180464938939502 2.7755575615628914e-17 -0.7123694505629985 -0.40922299286609809 -0.81853734679767109 0.40315400780240612 3.3460076502852165
1 -41.681577059195995 38.75 -41.13359363141327 -0.58310100000355147 0.57445331568146518 0.57445331568146518 
2 -39.333333333333343 38.75 -38.75 -0.58310100000355147 0.57445331568146518 0.57445331568146518 -0.70180464938939502 2.7755575615628914e-17 -0.7123694505629985 -0.40922299286609809 -0.81853734679767109 0.40315400780240612 3.3460076502852165
2 -19.666666666666689 19.375000000000004 -58.125 0.58310100000355147 -0.57445331568146518 -0.57445331568146518 0.70180464938939502 -2.7755575615628914e-17 0.7123694505629985 -0.40922299286609809 -0.81853734679767109 0.40315400780240612 2.5039540660842858
1 -36.985089607470691 38.75 -36.36640636858673 0.56540340821933377 -0.57427436749838667 -0.59205399822000138 
2 -39.333333333333343 38.75 -38.75 0.58310100000355147 -0.57445331568146518 -0.57445331568146518 0.70180464938939502 -2.7755575615628914e-17 0.7123694505629985 -0.40922299286609809 -0.81853734679767109 0.40315400780240612 3.3460076502852165
2 -19.666666666666689 19.375000000000004 -19.375000000000004 0.58310100000355147 -0.57445331568146518 0.57445331568146518 -0.70180464938939502 2.7755575615628914e-17 0.7123694505629985 -0.40922299286609809 -0.81853734679767109 -0.40315400780240612 3.3460076502852165
1 -41.681577059195995 38.75 -36.36640636858673 0.58310100000355147 -0.57445331568146518 0.57445331568146518 
2 -39.333333333333343 38.75 -38.75 0.58310100000355147 -0.57445331568146518 0.57445331568146518 -0.70180464938939502 2.7755575615628914e-17 0.7123694505629985 -0.40922299286609809 -0.81853734679767109 -0.40315400780240612 3.3460076502852165
2 -19.666666666666689 58.125 -58.125 0.58310100000355147 0.57445331568146518 -0.57445331568146518 0.70180464938939502 2.7755575615628914e-17 0.7123694505629985 0.40922299286609809 -0.81853734679767109 -0.40315400780240612 3.2839667002754847
1 -36.985089607470691 38.75 -36.36640636858673 0.58180907078023814 0.57445234381503751 -0.57576272008809837 
2 -39.333333333333343 38.75 -38.75 0.58310100000355147 0.57445331568146518 -0.57445331568146518 0.70180464938939502 2.7755575615628914e-17 0.7123694505629985 0.40922299286609809 -0.81853734679767109 -0.40315400780240612 3.3460076502852165
2 -19.666666666666689 58.125 -19.375000000000004 0.58310100000355147 0.57445331568146518 0.57445331568146518 -0.70180464938939502 -2.7755575615628914e-17 0.7123694505629985 0.40922299286609809 -0.81853734679767109 0.40315400780240612 3.3460076502852165
1 -41.681577059195995 38.75 -36.36640636858673 0.58310100000355147 0.57445331568146518 0.57445331568146518 
2 -39.333333333333343 38.75 -38.75 0.58310100000355147 0.57445331568146518 0.57445331568146518 -0.70180464938939502 -2.7755575615628914e-17 0.7123694505629985 0.40922299286609809 -0.81853734679767109 0.40315400780240612 3.3460076502852165
2 -39.333333333333343 38.75 -3.5527136788005009e-15 0.58310100000355147 0.57445331568146518 0.57445331568146518 -0.70180464938939502 -2.7755575615628914e-17 0.7123694505629985 0.40922299286609809 -0.81853734679767109 0.40315400780240612 3.346007650285217
1 -60.468439735752163 19.375 -17.884454719838665 0.55663113943487885 0.57405690945986787 0.60051681018337333 
2 -59 19.375 -19.375 0.58310100000355147 0.57445331568146518 0.57445331568146518 -0.70180464938939502 -2.7755575615628914e-17 0.7123694505629985 0.40922299286609809 -0.81853734679767109 0.40315400780240612 2.0923767561668036
2 -59 19.375000000000004 19.374999999999996 -0.58310100000355147 -0.57445331568146518 0.57445331568146518 -0.70180464938939502 -2.7755575615628914e-17 -0.7123694505629985 0.40922299286609809 -0.81853734679767109 -0.40315400780240612 2.0929386407504169
1 -41.681577059195995 38.75 -2.3835936314132691 -0.55664316716292517 -0.57405726435602056 0.60050532195052997 
2 -39.333333333333343 38.75 0 -0.58310100000355147 -0.57445331568146518 0.57445331568146518 -0.70180464938939502 -2.7755575615628914e-17 -0.7123694505629985 0.40922299286609809 -0.81853734679767109 -0.40315400780240612 3.3460076502852165
2 -59 58.125 -19.374999999999996 -0.58310100000355147 0.57445331568146518 -0.57445331568146518 0.70180464938939502 -2.7755575615628914e-17 -0.7123694505629985 -0.40922299286609809 -0.81853734679767109 -0.40315400780240612 3.3460076502852165
1 -36.985089607470691 38.75 -2.3835936314132691 -0.58310100000355147 0.57445331568146518 -0.57445331568146518 
2 -39.333333333333343 38.75 0 -0.58310100000355147 0.57445331568146518 -0.57445331568146518 0.70180464938939502 -2.7755575615628914e-17 -0.7123694505629985 -0.40922299286609809 -0.81853734679767109 -0.40315400780240612 3.3460076502852165
2 -59 58.125 19.374999999999996 -0.58310100000355147 0.57445331568146518 0.57445331568146518 -0.70180464938939502 2.7755575615628914e-17 -0.7123694505629985 -0.40922299286609809 -0.81853734679767109 0.40315400780240612 3.3460076502852165
1 -41.681577059195995 38.75 -2.38359363141327 -0.58310100000355147 0.57445331568146518 0.57445331568146518 
2 -39.333333333333343 38.75 0 -0.58310100000355147 0.57445331568146518 0.57445331568146518 -0.70180464938939502 2.7755575615628914e-17 -0.7123694505629985 -0.40922299286609809 -0.81853734679767109 0.40315400780240612 3.3460076502852165
2 -19.666666666666689 19.375000000000004 -19.374999999999996 0.58310100000355147 -0.57445331568146518 -0.57445331568146518 0.70180464938939502 -2.7755575615628914e-17 0.7123694505629985 -0.40922299286609809 -0.81853734679767109 0.40315400780240612 3.3460076502852165
1 -36.985089607470691 38.75 2.3835936314132691 0.58310100000355147 -0.57445331568146518 -0.57445331568146518 
2 -39.333333333333343 38.75 0 0.58310100000355147 -0.57445331568146518 -0.57445331568146518 0.70180464938939502 -2.7755575615628914e-17 0.7123694505629985 -0.40922299286609809 -0.81853734679767109 0.40315400780240612 3.3460076502852165
2 -19.666666666666689 19.375000000000004 19.374999999999996 0.58310100000355147 -0.57445331568146518 0.57445331568146518 -0.70180464938939502 2.7755575615628914e-17 0.7123694505629985 -0.40922299286609809 -0.81853734679767109 -0.40315400780240612 3.3460076502852165
1 -41.681577059195995 38.75 2.38359363141327 0.58310100000355147 -0.57445331568146518 0.57445331568146518 
2 -39.333333333333343 38.75 0 0.58310100000355147 -0.57445331568146518 0.57445331568146518 -0.70180464938939502 2.7755575615628914e-17 0.7123694505629985 -0.40922299286609809 -0.81853734679767109 -0.40315400780240612 3.3460076502852165
2 -19.666666666666689 58.125 -19.374999999999996 0.58310100000355147 0.57445331568146518 -0.57445331568146518 0.70180464938939502 2.7755575615628914e-17 0.7123694505629985 0.40922299286609809 -0.81853734679767109 -0.40315400780240612 3.3460076502852165
1 -36.985089607470691 38.75 2.38359363141327 0.58310100000355147 0.57445331568146518 -0.57445331568146518 
2 -39.333333333333343 38.75 0 0.58310100000355147 0.57445331568146518 -0.57445331568146518 0.70180464938939502 2.7755575615628914e-17 0.7123694505629985 0.40922299286609809 -0.81853734679767109 -0.40315400780240612 3.3460076502852165
2 -19.666666666666689 58.125 19.374999999999996 0.58310100000355147 0.57445331568146518 0.57445331568146518 -0.70180464938939502 -2.7755575615628914e-17 0.7123694505629985 0.40922299286609809 -0.81853734679767109 0.40315400780240612 3.3460076502852165
1 -41.681577059195995 38.75 2.3835936314132691 0.58310100000355147 0.57445331568146518 0.57445331568146518 
2 -39.333333333333343 38.75 0 0.58310100000355147 0.57445331568146518 0.57445331568146518 -0.70180464938939502 -2.7755575615628914e-17 0.7123694505629985 0.40922299286609809 -0.81853734679767109 0.40315400780240612 3.3460076502852165
2 -39.333333333333343 38.75 38.75 0.58310100000355147 0.57445331568146518 0.57445331568146518 -0.70180464938939502 -2.7755575615628914e-17 0.7123694505629985 0.40922299286609809 -0.81853734679767109 0.40315400780240612 3.3460076502852165
1 -60.468834068965364 19.375 20.865945549573443 0.55664316716292517 0.57405726435602056 0.60050532195052997 
2 -59 19.375 19.375 0.58310100000355147 0.57445331568146518 0.57445331568146518 -0.70180464938939502 -2.7755575615628914e-17 0.7123694505629985 0.40922299286609809 -0.81853734679767109 0.40315400780240612 2.0929386407504169
2 -59 58.125 19.375000000000004 -0.58310100000355147 0.57445331568146518 -0.57445331568146518 0.70180464938939502 -2.7755575615628914e-17 -0.7123694505629985 -0.40922299286609809 -0.81853734679767109 -0.40315400780240612 3.3460076502852165
1 -36.985089607470691 38.75 36.36640636858673 -0.58310100000355147 0.57445331568146518 -0.57445331568146518 
2 -39.333333333333343 38.75 38.75 -0.58310100000355147 0.57445331568146518 -0.57445331568146518 0.70180464938939502 -2.7755575615628914e-17 -0.7123694505629985 -0.40922299286609809 -0.81853734679767109 -0.40315400780240612 3.3460076502852165
2 -59 58.125 58.125 -0.58310100000355147 0.57445331568146518 0.57445331568146518 -0.70180464938939502 2.7755575615628914e-17 -0.7123694505629985 -0.40922299286609809 -0.81853734679767109 0.40315400780240612 3.3460076502852165
1 -41.681577059195995 38.75 36.36640636858673 -0.58310100000355147 0.57445331568146518 0.57445331568146518 
2 -39.333333333333343 38.75 38.75 -0.58310100000355147 0.57445331568146518 0.57445331568146518 -0.70180464938939502 2.7755575615628914e-17 -0.7123694505629985 -0.40922299286609809 -0.81853734679767109 0.40315400780240612 3.3460076502852165
2 -19.666666666666689 19.375000000000004 19.375000000000004 0.58310100000355147 -0.57445331568146518 -0.57445331568146518 0.70180464938939502 -2.7755575615628914e-17 0.7123694505629985 -0.40922299286609809 -0.81853734679767109 0.40315400780240612 3.3460076502852165
1 -36.985089607470691 38.75 41.13359363141327 0.58310100000355147 -0.57445331568146518 -0.57445331568146518 
2 -39.333333333333343 38.75 38.75 0.58310100000355147 -0.57445331568146518 -0.57445331568146518 0.70180464938939502 -2.7755575615628914e-17 0.7123694505629985 -0.40922299286609809 -0.81853734679767109 0.40315400780240612 3.3460076502852165
2 -19.666666666666686 19.375 58.125 0.58310100000355147 -0.57445331568146518 0.57445331568146518 -0.70180464938939502 2.7755575615628914e-17 0.7123694505629985 -0.40922299286609809 -0.81853734679767109 -0.40315400780240612 2.5037839406638009
1 -41.681577059195995 38.75 41.13359363141327 0.60043877101789189 -0.57427429521681261 0.55649107460206138 
2 -39.333333333333343 38.75 38.75 0.58310100000355147 -0.57445331568146518 0.57445331568146518 -0.70180464938939502 2.7755575615628914e-17 0.7123694505629985 -0.40922299286609809 -0.81853734679767109 -0.40315400780240612 3.3460076502852165
2 -19.666666666666689 58.125 19.375000000000004 0.58310100000355147 0.57445331568146518 -0.57445331568146518 0.70180464938939502 2.7755575615628914e-17 0.7123694505629985 0.40922299286609809 -0.81853734679767109 -0.40315400780240612 3.3460076502852165
1 -36.985089607470691 38.75 41.13359363141327 0.58310100000355147 0.57445331568146518 -0.57445331568146518 
2 -39.333333333333343 38.75 38.75 0.58310100000355147 0.57445331568146518 -0.57445331568146518 0.70180464938939502 2.7755575615628914e-17 0.7123694505629985 0.40922299286609809 -0.81853734679767109 -0.40315400780240612 3.3460076502852165
2 -19.666666666666689 58.125 58.125 0.58310100000355147 0.57445331568146518 0.57445331568146518 -0.70180464938939502 -2.7755575615628914e-17 0.7123694505629985 0.40922299286609809 -0.81853734679767109 0.40315400780240612 3.284062887857877
1 -41.681577059195995 38.75 41.13359363141327 0.58438895783389622 0.57445234682623503 0.57314400213876759 
2 -39.333333333333343 38.75 38.75 0.58310100000355147 0.57445331568146518 0.57445331568146518 -0.70180464938939502 -2.7755575615628914e-17 0.7123694505629985 0.40922299286609809 -0.81853734679767109 0.40315400780240612 3.3460076502852165
2 -59 58.125 58.125 -0.58310100000355147 0.57445331568146518 -0.57445331568146518 0.70180464938939502 -2.7755575615628914e-17 -0.7123694505629985 -0.40922299286609809 -0.81853734679767109 -0.40315400780240612 3.3460076502852165
1 -36.985089607470684 38.75 75.116406368586723 -0.58310100000355147 0.57445331568146518 -0.57445331568146518 
2 -39.333333333333343 38.75 77.5 -0.58310100000355147 0.57445331568146518 -0.57445331568146518 0.70180464938939502 -2.7755575615628914e-17 -0.7123694505629985 -0.40922299286609809 -0.81853734679767109 -0.40315400780240612 3.3460076502852165
2 -19.666666666666686 19.375 58.125 0.58310100000355147 -0.57445331568146518 -0.57445331568146518 0.70180464938939502 -2.7755575615628914e-17 0.7123694505629985 -0.40922299286609809 -0.81853734679767109 0.40315400780240612 2.5037839406638009
1 -36.985089607470691 38.75 79.883593631413277 0.56539979819645392 -0.57427429521681261 -0.59205751583156396 
2 -39.333333333333343 38.75 77.5 0.58310100000355147 -0.57445331568146518 -0.57445331568146518 0.70180464938939502 -2.7755575615628914e-17 0.7123694505629985 -0.40922299286609809 -0.81853734679767109 0.40315400780240612 3.3460076502852165
2 -19.666666666666689 58.125 58.125 0.58310100000355147 0.57445331568146518 -0.57445331568146518 0.70180464938939502 2.7755575615628914e-17 0.7123694505629985 0.40922299286609809 -0.81853734679767109 -0.40315400780240612 3.284062887857877
1 -36.985089607470691 38.75 79.883593631413277 0.58181107529291176 0.57445234682623503 -0.57576069151370257 
2 -39.333333333333343 38.75 77.5 0.58310100000355147 0.57445331568146518 -0.57445331568146518 0.70180464938939502 2.7755575615628914e-17 0.7123694505629985 0.40922299286609809 -0.81853734679767109 -0.40315400780240612 3.3460076502852165
2 -59 58.125 -19.375000000000004 -0.58310100000355147 -0.57445331568146518 0.57445331568146518 -0.70180464938939502 -2.7755575615628914e-17 -0.7123694505629985 0.40922299286609809 -0.81853734679767109 -0.40315400780240612 3.3460076502852165
1 -40.548444405943364 77.5 -39.983403067251466 -0.61599205428857751 -0.57379621160150251 0.53973298639707201 
2 -39.333333333333343 77.5 -38.75 -0.58310100000355147 -0.57445331568146518 0.57445331568146518 -0.70180464938939502 -2.7755575615628914e-17 -0.7123694505629985 0.40922299286609809 -0.81853734679767109 -0.40315400780240612 1.731409265622893
2 -39.333333333333343 77.5 -3.5527136788005009e-15 0.58310100000355147 0.57445331568146518 0.57445331568146518 -0.70180464938939502 -2.7755575615628914e-17 0.7123694505629985 0.40922299286609809 -0.81853734679767109 0.40315400780240612 3.1406656888766711
1 -61.348243725862652 58.125 -16.99140636858673 0.58736285938182997 0.57444266949318756 0.57010568396073846 
2 -59 58.125 -19.375 0.58310100000355147 0.57445331568146518 0.57445331568146518 -0.70180464938939502 -2.7755575615628914e-17 0.7123694505629985 0.40922299286609809 -0.81853734679767109 0.40315400780240612 3.3460076502852165
2 -59 58.125 19.374999999999996 -0.58310100000355147 -0.57445331568146518 0.57445331568146518 -0.70180464938939502 -2.7755575615628914e-17 -0.7123694505629985 0.40922299286609809 -0.81853734679767109 -0.40315400780240612 3.3460076502852165
1 -41.537467115964738 77.5 -2.2373142911871349 -0.58736285938182997 -0.57444266949318756 0.57010568396073846 
2 -39.333333333333343 77.5 0 -0.58310100000355147 -0.57445331568146518 0.57445331568146518 -0.70180464938939502 -2.7755575615628914e-17 -0.7123694505629985 0.40922299286609809 -0.81853734679767109 -0.40315400780240612 3.1406656888766711
2 -19.666666666666689 58.125 -19.374999999999996 0.58310100000355147 -0.57445331568146518 -0.57445331568146518 0.70180464938939502 -2.7755575615628914e-17 0.7123694505629985 -0.40922299286609809 -0.81853734679767109 0.40315400780240612 3.3460076502852165
1 -37.129199550701948 77.5 2.2373142911871349 0.58736285938182997 -0.57444266949318756 -0.57010568396073846 
2 -39.333333333333343 77.5 0 0.58310100000355147 -0.57445331568146518 -0.57445331568146518 0.70180464938939502 -2.7755575615628914e-17 0.7123694505629985 -0.40922299286609809 -0.81853734679767109 0.40315400780240612 3.1406656888766711
2 -19.666666666666689 58.125 19.374999999999996 0.58310100000355147 -0.57445331568146518 0.57445331568146518 -0.70180464938939502 2.7755575615628914e-17 0.7123694505629985 -0.40922299286609809 -0.81853734679767109 -0.40315400780240612 3.3460076502852165
1 -41.537467115964738 77.5 2.2373142911871353 0.57881752771831785 -0.57444266949318745 0.57877965502563666 
2 -39.333333333333343 77.5 0 0.58310100000355147 -0.57445331568146518 0.57445331568146518 -0.70180464938939502 2.7755575615628914e-17 0.7123694505629985 -0.40922299286609809 -0.81853734679767109 -0.40315400780240612 3.1406656888766711
2 -39.333333333333343 77.5 38.75 0.58310100000355147 0.57445331568146518 0.57445331568146518 -0.70180464938939502 -2.7755575615628914e-17 0.7123694505629985 0.40922299286609809 -0.81853734679767109 0.40315400780240612 1.7334036820756282
1 -61.348243725862652 58.125 21.75859363141327 0.61595234061183124 0.57379783118557104 0.53977658621094493 
2 -59 58.125 19.375 0.58310100000355147 0.57445331568146518 0.57445331568146518 -0.70180464938939502 -2.7755575615628914e-17 0.7123694505629985 0.40922299286609809 -0.81853734679767109 0.40315400780240612 3.3460076502852165
2 -19.666666666666689 19.375000000000004 -19.375000000000004 -0.58310100000355214 0.57445331568146496 -0.57445331568146496 0.70180464938939457 2.7755575615628914e-17 -0.71236945056299905 -0.40922299286609815 -0.81853734679767132 -0.40315400780240562 3.3460076502852165
1 1.9171026550739392 6.2347601673945284e-16 -1.9459622649352688 -0.57022342807008553 0.57435804723866879 -0.58733131676438222 
2 0 0 0 -0.58310100000355214 0.57445331568146496 -0.57445331568146496 0.70180464938939457 2.7755575615628914e-17 -0.71236945056299905 -0.40922299286609815 -0.81853734679767132 -0.40315400780240562 2.7316756261759099
2 -19.666666666666689 19.375000000000004 19.375000000000004 -0.58310100000355214 0.57445331568146496 0.57445331568146496 -0.70180464938939457 -2.7755575615628914e-17 -0.71236945056299905 -0.40922299286609815 -0.81853734679767132 0.40315400780240562 3.3460076502852165
1 -1.9171026550739387 4.7183755794006116e-16 -1.9459622649352692 -0.5957851667542241 0.5743580472386689 0.5613847777129557 
2 0 0 0 -0.58310100000355214 0.57445331568146496 0.57445331568146496 -0.70180464938939457 -2.7755575615628914e-17 -0.71236945056299905 -0.40922299286609815 -0.81853734679767132 0.40315400780240562 2.7316756261759099
2 19.666666666666654 19.374999999999996 -19.374999999999996 0.58310100000355147 0.57445331568146518 -0.57445331568146518 0.70180464938939502 2.7755575615628914e-17 0.7123694505629985 0.40922299286609809 -0.81853734679767109 -0.40315400780240612 3.3460076502852165
1 1.9171026550739403 6.2347601673945275e-16 1.9459622649352679 0.59578516675422344 0.57435804723866912 -0.56138477771295592 
2 0 0 0 0.58310100000355147 0.57445331568146518 -0.57445331568146518 0.70180464938939502 2.7755575615628914e-17 0.7123694505629985 0.40922299286609809 -0.81853734679767109 -0.40315400780240612 2.7316756261759099
2 19.666666666666654 19.374999999999996 19.374999999999996 0.58310100000355147 0.57445331568146518 0.57445331568146518 -0.70180464938939502 -2.7755575615628914e-17 0.7123694505629985 0.40922299286609809 -0.81853734679767109 0.40315400780240612 3.3460076502852165
1 -1.9171026550739407 4.7183755794006087e-16 1.9459622649352675 0.57022342807008497 0.57435804723866912 0.58733131676438255 
2 0 0 0 0.58310100000355147 0.57445331568146518 0.57445331568146518 -0.70180464938939502 -2.7755575615628914e-17 0.7123694505629985 0.40922299286609809 -0.81853734679767109 0.40315400780240612 2.7316756261759099
2 3.5527136788005009e-15 38.75 -77.5 0.58310100000355214 0.57445331568146496 -0.57445331568146496 0.70180464938939457 -2.7755575615628914e-17 0.71236945056299905 0.40922299286609815 -0.81853734679767132 -0.40315400780240562 2.2933810220712796
1 -17.909380061231253 19.375 -56.341259617708552 0.57870812824126983 0.57444212017724727 -0.57888958608162511 
2 -19.666666666666686 19.375 -58.125 0.58310100000355214 0.57445331568146496 -0.57445331568146496 0.70180464938939457 -2.7755575615628914e-17 0.71236945056299905 0.40922299286609815 -0.81853734679767132 -0.40315400780240562 2.5039540660842858
2 7.1054273576010019e-15 38.750000000000007 -38.749999999999993 0.58310100000355214 0.57445331568146496 0.57445331568146496 -0.70180464938939457 2.7755575615628914e-17 0.71236945056299905 0.40922299286609815 -0.81853734679767132 0.40315400780240562 3.346007650285217
1 -21.423953272102118 19.375 -56.341259617708552 0.56540340821933444 0.57427436749838645 0.59205399822000115 
2 -19.666666666666686 19.375 -58.125 0.58310100000355214 0.57445331568146496 0.57445331568146496 -0.70180464938939457 2.7755575615628914e-17 0.71236945056299905 0.40922299286609815 -0.81853734679767132 0.40315400780240562 2.5039540660842858
2 -19.666666666666689 58.125 -58.125 -0.58310100000355214 0.57445331568146496 0.57445331568146496 -0.70180464938939457 -2.7755575615628914e-17 -0.71236945056299905 -0.40922299286609815 -0.81853734679767132 0.40315400780240562 3.2839667002754847
1 -1.6095054641110254 38.75 -79.133734578624527 -0.60345284254355736 0.57420571374519336 0.55329238665327196 
2 0 38.75 -77.5 -0.58310100000355214 0.57445331568146496 0.57445331568146496 -0.70180464938939457 -2.7755575615628914e-17 -0.71236945056299905 -0.40922299286609815 -0.81853734679767132 0.40315400780240562 2.2933810220712796
2 19.666666666666654 19.375000000000004 -58.125 0.58310100000355147 -0.57445331568146518 0.57445331568146518 -0.70180464938939502 2.7755575615628914e-17 0.7123694505629985 -0.40922299286609809 -0.81853734679767109 -0.40315400780240612 3.3460076502852165
1 -1.6095054641110262 38.75 -75.866265421375473 0.56092488515716132 -0.57417375094772216 0.59639565469078371 
2 0 38.75 -77.5 0.58310100000355147 -0.57445331568146518 0.57445331568146518 -0.70180464938939502 2.7755575615628914e-17 0.7123694505629985 -0.40922299286609809 -0.81853734679767109 -0.40315400780240612 2.2933810220712796
2 -19.666666666666689 19.374999999999996 -19.374999999999996 -0.58310100000355214 -0.57445331568146496 0.57445331568146496 -0.70180464938939457 2.7755575615628914e-17 -0.71236945056299905 0.40922299286609815 -0.81853734679767132 -0.40315400780240562 3.3460076502852165
1 -2.3482437258626483 38.75 -41.13359363141327 -0.58310100000355214 -0.57445331568146496 0.57445331568146496 
2 0 38.75 -38.75 -0.58310100000355214 -0.57445331568146496 0.57445331568146496 -0.70180464938939457 2.7755575615628914e-17 -0.71236945056299905 0.40922299286609815 -0.81853734679767132 -0.40315400780240562 3.3460076502852165
2 -19.666666666666693 58.125000000000007 -58.125000000000007 -0.58310100000355214 0.57445331568146496 -0.57445331568146496 0.70180464938939457 2.7755575615628914e-17 -0.71236945056299905 -0.40922299286609815 -0.81853734679767132 -0.40315400780240562 3.2839667002754847
1 2.3482437258626483 38.75 -41.13359363141327 -0.58439095623351545 0.57445234381503718 -0.57314196754197633 
2 0 38.75 -38.75 -0.58310100000355214 0.57445331568146496 -0.57445331568146496 0.70180464938939457 2.7755575615628914e-17 -0.71236945056299905 -0.40922299286609815 -0.81853734679767132 -0.40315400780240562 3.3460076502852165
2 -19.666666666666689 58.125 -19.374999999999996 -0.58310100000355214 0.57445331568146496 0.57445331568146496 -0.70180464938939457 -2.7755575615628914e-17 -0.71236945056299905 -0.40922299286609815 -0.81853734679767132 0.40315400780240562 3.3460076502852165
1 -2.3482437258626478 38.75 -41.13359363141327 -0.58310100000355214 0.57445331568146496 0.57445331568146496 
2 0 38.75 -38.75 -0.58310100000355214 0.57445331568146496 0.57445331568146496 -0.70180464938939457 -2.7755575615628914e-17 -0.71236945056299905 -0.40922299286609815 -0.81853734679767132 0.40315400780240562 3.3460076502852165
2 19.666666666666654 19.375000000000004 -58.125 0.58310100000355147 -0.57445331568146518 -0.57445331568146518 0.70180464938939502 -2.7755575615628914e-17 0.7123694505629985 -0.40922299286609809 -0.81853734679767109 0.40315400780240612 3.3460076502852165
1 2.3482437258626501 38.75 -36.36640636858673 0.58310100000355147 -0.57445331568146518 -0.57445331568146518 
2 0 38.75 -38.75 0.58310100000355147 -0.57445331568146518 -0.57445331568146518 0.70180464938939502 -2.7755575615628914e-17 0.7123694505629985 -0.40922299286609809 -0.81853734679767109 0.40315400780240612 3.3460076502852165
2 19.666666666666654 19.375000000000004 -19.375000000000004 0.58310100000355147 -0.57445331568146518 0.57445331568146518 -0.70180464938939502 2.7755575615628914e-17 0.7123694505629985 -0.40922299286609809 -0.81853734679767109 -0.40315400780240612 3.3460076502852165
1 -2.3482437258626496 38.75 -36.36640636858673 0.58310100000355147 -0.57445331568146518 0.57445331568146518 
2 0 38.75 -38.75 0.58310100000355147 -0.57445331568146518 0.57445331568146518 -0.70180464938939502 2.7755575615628914e-17 0.7123694505629985 -0.40922299286609809 -0.81853734679767109 -0.40315400780240612 3.3460076502852165
2 19.666666666666654 58.125 -58.125 0.58310100000355147 0.57445331568146518 -0.57445331568146518 0.70180464938939502 2.7755575615628914e-17 0.7123694505629985 0.40922299286609809 -0.81853734679767109 -0.40315400780240612 1.902816746881214
1 2.3482437258626496 38.75 -36.36640636858673 0.55256553232897698 0.57392814255568037 -0.6043821801348721 
2 0 38.75 -38.75 0.58310100000355147 0.57445331568146518 -0.57445331568146518 0.70180464938939502 2.7755575615628914e-17 0.7123694505629985 0.40922299286609809 -0.81853734679767109 -0.40315400780240612 3.3460076502852165
2 19.666666666666654 58.125 -19.375000000000004 0.58310100000355147 0.57445331568146518 0.57445331568146518 -0.70180464938939502 -2.7755575615628914e-17 0.7123694505629985 0.40922299286609809 -0.81853734679767109 0.40315400780240612 3.3460076502852165
1 -2.3482437258626501 38.75 -36.36640636858673 0.58310100000355147 0.57445331568146518 0.57445331568146518 
2 0 38.75 -38.75 0.58310100000355147 0.57445331568146518 0.57445331568146518 -0.70180464938939502 -2.7755575615628914e-17 0.7123694505629985 0.40922299286609809 -0.81853734679767109 0.40315400780240612 3.3460076502852165
2 3.5527136788005009e-15 38.75 3.5527136788005009e-15 0.58310100000355214 0.57445331568146496 0.57445331568146496 -0.70180464938939457 2.7755575615628914e-17 0.71236945056299905 0.40922299286609815 -0.81853734679767132 0.40315400780240562 3.3460076502852165
1 -22.014910392529334 19.375 -16.99140636858673 0.58310100000355214 0.57445331568146496 0.57445331568146496 
2 -19.666666666666686 19.375 -19.375 0.58310100000355214 0.57445331568146496 0.57445331568146496 -0.70180464938939457 2.7755575615628914e-17 0.71236945056299905 0.40922299286609815 -0.81853734679767132 0.40315400780240562 3.3460076502852165
2 -19.666666666666689 19.374999999999996 19.375000000000004 -0.58310100000355214 -0.57445331568146496 0.57445331568146496 -0.70180464938939457 2.7755575615628914e-17 -0.71236945056299905 0.40922299286609815 -0.81853734679767132 -0.40315400780240562 3.3460076502852165
1 -2.3482437258626483 38.75 -2.3835936314132704 -0.58310100000355214 -0.57445331568146496 0.57445331568146496 
2 0 38.75 0 -0.58310100000355214 -0.57445331568146496 0.57445331568146496 -0.70180464938939457 2.7755575615628914e-17 -0.71236945056299905 0.40922299286609815 -0.81853734679767132 -0.40315400780240562 3.3460076502852165
2 -19.666666666666689 58.125 -19.375000000000004 -0.58310100000355214 0.57445331568146496 -0.57445331568146496 0.70180464938939457 2.7755575615628914e-17 -0.71236945056299905 -0.40922299286609815 -0.81853734679767132 -0.40315400780240562 3.3460076502852165
1 2.3482437258626483 38.75 -2.3835936314132704 -0.58310100000355214 0.57445331568146496 -0.57445331568146496 
2 0 38.75 0 -0.58310100000355214 0.57445331568146496 -0.57445331568146496 0.70180464938939457 2.7755575615628914e-17 -0.71236945056299905 -0.40922299286609815 -0.81853734679767132 -0.40315400780240562 3.3460076502852165
2 -19.666666666666689 58.125 19.375000000000004 -0.58310100000355214 0.57445331568146496 0.57445331568146496 -0.70180464938939457 -2.7755575615628914e-17 -0.71236945056299905 -0.40922299286609815 -0.81853734679767132 0.40315400780240562 3.3460076502852165
1 -2.3482437258626474 38.75 -2.3835936314132709 -0.58310100000355214 0.57445331568146496 0.57445331568146496 
2 0 38.75 0 -0.58310100000355214 0.57445331568146496 0.57445331568146496 -0.70180464938939457 -2.7755575615628914e-17 -0.71236945056299905 -0.40922299286609815 -0.81853734679767132 0.40315400780240562 3.3460076502852165
2 19.666666666666654 19.375000000000004 -19.374999999999996 0.58310100000355147 -0.57445331568146518 -0.57445331568146518 0.70180464938939502 -2.7755575615628914e-17 0.7123694505629985 -0.40922299286609809 -0.81853734679767109 0.40315400780240612 3.3460076502852165
1 2.3482437258626501 38.75 2.3835936314132691 0.58310100000355147 -0.57445331568146518 -0.57445331568146518 
2 0 38.75 0 0.58310100000355147 -0.57445331568146518 -0.57445331568146518 0.70180464938939502 -2.7755575615628914e-17 0.7123694505629985 -0.40922299286609809 -0.81853734679767109 0.40315400780240612 3.3460076502852165
2 19.666666666666654 19.375000000000004 19.374999999999996 0.58310100000355147 -0.57445331568146518 0.57445331568146518 -0.70180464938939502 2.7755575615628914e-17 0.7123694505629985 -0.40922299286609809 -0.81853734679767109 -0.40315400780240612 3.3460076502852165
1 -2.3482437258626492 38.75 2.3835936314132695 0.58310100000355147 -0.57445331568146518 0.57445331568146518 
2 0 38.75 0 0.58310100000355147 -0.57445331568146518 0.57445331568146518 -0.70180464938939502 2.7755575615628914e-17 0.7123694505629985 -0.40922299286609809 -0.81853734679767109 -0.40315400780240612 3.3460076502852165
2 19.666666666666654 58.125 -19.374999999999996 0.58310100000355147 0.57445331568146518 -0.57445331568146518 0.70180464938939502 2.7755575615628914e-17 0.7123694505629985 0.40922299286609809 -0.81853734679767109 -0.40315400780240612 3.3460076502852165
1 2.3482437258626492 38.75 2.3835936314132695 0.58310100000355147 0.57445331568146518 -0.57445331568146518 
2 0 38.75 0 0.58310100000355147 0.57445331568146518 -0.57445331568146518 0.70180464938939502 2.7755575615628914e-17 0.7123694505629985 0.40922299286609809 -0.81853734679767109 -0.40315400780240612 3.3460076502852165
2 19.666666666666654 58.125 19.374999999999996 0.58310100000355147 0.57445331568146518 0.57445331568146518 -0.70180464938939502 -2.7755575615628914e-17 0.7123694505629985 0.40922299286609809 -0.81853734679767109 0.40315400780240612 3.3460076502852165
1 -2.3482437258626501 38.75 2.3835936314132691 0.58310100000355147 0.57445331568146518 0.57445331568146518 
2 0 38.75 0 0.58310100000355147 0.57445331568146518 0.57445331568146518 -0.70180464938939502 -2.7755575615628914e-17 0.7123694505629985 0.40922299286609809 -0.81853734679767109 0.40315400780240612 3.3460076502852165
2 3.5527136788005009e-15 38.75 38.75 0.58310100000355214 0.57445331568146496 0.57445331568146496 -0.70180464938939457 2.7755575615628914e-17 0.71236945056299905 0.40922299286609815 -0.81853734679767132 0.40315400780240562 3.3460076502852165
1 -22.014910392529334 19.375 21.75859363141327 0.58310100000355214 0.57445331568146496 0.57445331568146496 
2 -19.666666666666686 19.375 19.375 0.58310100000355214 0.57445331568146496 0.57445331568146496 -0.70180464938939457 2.7755575615628914e-17 0.71236945056299905 0.40922299286609815 -0.81853734679767132 0.40315400780240562 3.3460076502852165
2 -19.666666666666693 19.374999999999993 58.125000000000007 -0.58310100000355214 -0.57445331568146496 0.57445331568146496 -0.70180464938939457 2.7755575615628914e-17 -0.71236945056299905 0.40922299286609815 -0.81853734679767132 -0.40315400780240562 2.5037839406638009
1 -2.3482437258626483 38.75 36.36640636858673 -0.56539979819645447 -0.57427429521681217 0.59205751583156363 
2 0 38.75 38.75 -0.58310100000355214 -0.57445331568146496 0.57445331568146496 -0.70180464938939457 2.7755575615628914e-17 -0.71236945056299905 0.40922299286609815 -0.81853734679767132 -0.40315400780240562 3.3460076502852165
2 -19.666666666666689 58.125 19.374999999999996 -0.58310100000355214 0.57445331568146496 -0.57445331568146496 0.70180464938939457 2.7755575615628914e-17 -0.71236945056299905 -0.40922299286609815 -0.81853734679767132 -0.40315400780240562 3.3460076502852165
1 2.3482437258626483 38.75 36.36640636858673 -0.58310100000355214 0.57445331568146496 -0.57445331568146496 
2 0 38.75 38.75 -0.58310100000355214 0.57445331568146496 -0.57445331568146496 0.70180464938939457 2.7755575615628914e-17 -0.71236945056299905 -0.40922299286609815 -0.81853734679767132 -0.40315400780240562 3.3460076502852165
2 -19.666666666666689 58.125 58.125 -0.58310100000355214 0.57445331568146496 0.57445331568146496 -0.70180464938939457 -2.7755575615628914e-17 -0.71236945056299905 -0.40922299286609815 -0.81853734679767132 0.40315400780240562 3.284062887857877
1 -2.3482437258626478 38.75 36.36640636858673 -0.58181107529291232 0.57445234682623469 0.57576069151370224 
2 0 38.75 38.75 -0.58310100000355214 0.57445331568146496 0.57445331568146496 -0.70180464938939457 -2.7755575615628914e-17 -0.71236945056299905 -0.40922299286609815 -0.81853734679767132 0.40315400780240562 3.3460076502852165
2 19.666666666666654 19.375000000000004 19.375000000000004 0.58310100000355147 -0.57445331568146518 -0.57445331568146518 0.70180464938939502 -2.7755575615628914e-17 0.7123694505629985 -0.40922299286609809 -0.81853734679767109 0.40315400780240612 3.3460076502852165
1 2.3482437258626501 38.75 41.13359363141327 0.58310100000355147 -0.57445331568146518 -0.57445331568146518 
2 0 38.75 38.75 0.58310100000355147 -0.57445331568146518 -0.57445331568146518 0.70180464938939502 -2.7755575615628914e-17 0.7123694505629985 -0.40922299286609809 -0.81853734679767109 0.40315400780240612 3.3460076502852165
2 19.666666666666654 19.375000000000004 58.125 0.58310100000355147 -0.57445331568146518 0.57445331568146518 -0.70180464938939502 2.7755575615628914e-17 0.7123694505629985 -0.40922299286609809 -0.81853734679767109 -0.40315400780240612 3.3460076502852165
1 -2.3482437258626496 38.75 41.13359363141327 0.58310100000355147 -0.57445331568146518 0.57445331568146518 
2 0 38.75 38.75 0.58310100000355147 -0.57445331568146518 0.57445331568146518 -0.70180464938939502 2.7755575615628914e-17 0.7123694505629985 -0.40922299286609809 -0.81853734679767109 -0.40315400780240612 3.3460076502852165
2 19.666666666666654 58.125 19.375000000000004 0.58310100000355147 0.57445331568146518 -0.57445331568146518 0.70180464938939502 2.7755575615628914e-17 0.7123694505629985 0.40922299286609809 -0.81853734679767109 -0.40315400780240612 3.3460076502852165
1 2.3482437258626496 38.75 41.13359363141327 0.58310100000355147 0.57445331568146518 -0.57445331568146518 
2 0 38.75 38.75 0.58310100000355147 0.57445331568146518 -0.57445331568146518 0.70180464938939502 2.7755575615628914e-17 0.7123694505629985 0.40922299286609809 -0.81853734679767109 -0.40315400780240612 3.3460076502852165
2 19.666666666666657 58.125 58.125 0.58310100000355147 0.57445331568146518 0.57445331568146518 -0.70180464938939502 -2.7755575615628914e-17 0.7123694505629985 0.40922299286609809 -0.81853734679767109 0.40315400780240612 1.9031675860672388
1 -2.3482437258626501 38.75 41.13359363141327 0.61256328831353879 0.57392839751360525 0.54348174977451602 
2 0 38.75 38.75 0.58310100000355147 0.57445331568146518 0.57445331568146518 -0.70180464938939502 -2.7755575615628914e-17 0.7123694505629985 0.40922299286609809 -0.81853734679767109 0.40315400780240612 3.3460076502852165
2 3.5527136788005009e-15 38.75 77.5 0.58310100000355214 0.57445331568146496 0.57445331568146496 -0.70180464938939457 2.7755575615628914e-17 0.71236945056299905 0.40922299286609815 -0.81853734679767132 0.40315400780240562 2.2958961382714205
1 -21.423833877291042 19.375 59.908619190139135 0.58741556051738475 0.57444240388024981 0.57005165019174064 
2 -19.666666666666686 19.375 58.125 0.58310100000355214 0.57445331568146496 0.57445331568146496 -0.70180464938939457 2.7755575615628914e-17 0.71236945056299905 0.40922299286609815 -0.81853734679767132 0.40315400780240562 2.5037839406638009
2 -19.666666666666689 58.125 58.125 -0.58310100000355214 0.57445331568146496 -0.57445331568146496 0.70180464938939457 2.7755575615628914e-17 -0.71236945056299905 -0.40922299286609815 -0.81853734679767132 -0.40315400780240562 3.284062887857877
1 1.6112705843540391 38.75 75.864473729429875 -0.56229799211814024 0.57420692073886692 -0.5950692230619028 
2 0 38.75 77.5 -0.58310100000355214 0.57445331568146496 -0.57445331568146496 0.70180464938939457 2.7755575615628914e-17 -0.71236945056299905 -0.40922299286609815 -0.81853734679767132 -0.40315400780240562 2.2958961382714205
2 19.666666666666654 19.375000000000004 58.125 0.58310100000355147 -0.57445331568146518 -0.57445331568146518 0.70180464938939502 -2.7755575615628914e-17 0.7123694505629985 -0.40922299286609809 -0.81853734679767109 0.40315400780240612 3.346007650285217
1 1.6112705843540402 38.75 79.135526270570125 0.6046586636343515 -0.57417508435046605 -0.55200622551113987 
2 0 38.75 77.5 0.58310100000355147 -0.57445331568146518 -0.57445331568146518 0.70180464938939502 -2.7755575615628914e-17 0.7123694505629985 -0.40922299286609809 -0.81853734679767109 0.40315400780240612 2.2958961382714205
2 19.666666666666661 19.374999999999996 -58.125 -0.58310100000355147 0.57445331568146518 -0.57445331568146518 0.70180464938939502 -2.7755575615628914e-17 -0.7123694505629985 -0.40922299286609809 -0.81853734679767109 -0.40315400780240612 3.3460076502852165
1 41.681577059195966 5.7795005506179921e-16 -41.13359363141327 -0.58310100000355147 0.57445331568146518 -0.57445331568146518 
2 39.333333333333314 0 -38.75 -0.58310100000355147 0.57445331568146518 -0.57445331568146518 0.70180464938939502 -2.7755575615628914e-17 -0.7123694505629985 -0.40922299286609809 -0.81853734679767109 -0.40315400780240612 3.3460076502852165
2 19.666666666666661 19.374999999999996 -19.375000000000004 -0.58310100000355147 0.57445331568146518 0.57445331568146518 -0.70180464938939502 2.7755575615628914e-17 -0.7123694505629985 -0.40922299286609809 -0.81853734679767109 0.40315400780240612 3.3460076502852165
1 36.985089607470663 7.636907917577267e-16 -41.13359363141327 -0.58310100000355147 0.57445331568146518 0.57445331568146518 
2 39.333333333333314 0 -38.75 -0.58310100000355147 0.57445331568146518 0.57445331568146518 -0.70180464938939502 2.7755575615628914e-17 -0.7123694505629985 -0.40922299286609809 -0.81853734679767109 0.40315400780240612 3.3460076502852165
2 59 -19.375000000000004 -19.374999999999996 0.58310100000355214 -0.57445331568146496 0.57445331568146496 -0.70180464938939457 -2.7755575615628914e-17 0.71236945056299905 -0.40922299286609815 -0.81853734679767132 -0.40315400780240562 2.416552456920523
1 36.98508960747067 5.7795005506179921e-16 -36.36640636858673 0.60221243288619974 -0.57423531369709613 0.55461156693715119 
2 39.333333333333314 0 -38.75 0.58310100000355214 -0.57445331568146496 0.57445331568146496 -0.70180464938939457 -2.7755575615628914e-17 0.71236945056299905 -0.40922299286609815 -0.81853734679767132 -0.40315400780240562 3.3460076502852165
2 59 19.375000000000004 -58.125 0.58310100000355214 0.57445331568146496 -0.57445331568146496 0.70180464938939457 -2.7755575615628914e-17 0.71236945056299905 0.40922299286609815 -0.81853734679767132 -0.40315400780240562 3.3460076502852165
1 41.681577059195959 5.7795005506179763e-16 -36.36640636858673 0.58310100000355214 0.57445331568146496 -0.57445331568146496 
2 39.333333333333314 0 -38.75 0.58310100000355214 0.57445331568146496 -0.57445331568146496 0.70180464938939457 -2.7755575615628914e-17 0.71236945056299905 0.40922299286609815 -0.81853734679767132 -0.40315400780240562 3.3460076502852165
2 59 19.375000000000004 -19.374999999999996 0.58310100000355214 0.57445331568146496 0.57445331568146496 -0.70180464938939457 2.7755575615628914e-17 0.71236945056299905 0.40922299286609815 -0.81853734679767132 0.40315400780240562 3.3460076502852165
1 36.98508960747067 7.6369079175772512e-16 -36.36640636858673 0.58310100000355214 0.57445331568146496 0.57445331568146496 
2 39.333333333333314 0 -38.75 0.58310100000355214 0.57445331568146496 0.57445331568146496 -0.70180464938939457 2.7755575615628914e-17 0.71236945056299905 0.40922299286609815 -0.81853734679767132 0.40315400780240562 3.3460076502852165
2 19.666666666666661 19.374999999999996 -19.374999999999996 -0.58310100000355147 0.57445331568146518 -0.57445331568146518 0.70180464938939502 -2.7755575615628914e-17 -0.7123694505629985 -0.40922299286609809 -0.81853734679767109 -0.40315400780240612 3.3460076502852165
1 41.681577059195966 5.7795005506179763e-16 -2.3835936314132691 -0.58310100000355147 0.57445331568146518 -0.57445331568146518 
2 39.333333333333314 0 0 -0.58310100000355147 0.57445331568146518 -0.57445331568146518 0.70180464938939502 -2.7755575615628914e-17 -0.7123694505629985 -0.40922299286609809 -0.81853734679767109 -0.40315400780240612 3.3460076502852165
2 19.666666666666661 19.374999999999996 19.374999999999996 -0.58310100000355147 0.57445331568146518 0.57445331568146518 -0.70180464938939502 2.7755575615628914e-17 -0.7123694505629985 -0.40922299286609809 -0.81853734679767109 0.40315400780240612 3.3460076502852165
1 36.985089607470663 7.636907917577267e-16 -2.3835936314132695 -0.58310100000355147 0.57445331568146518 0.57445331568146518 
2 39.333333333333314 0 0 -0.58310100000355147 0.57445331568146518 0.57445331568146518 -0.70180464938939502 2.7755575615628914e-17 -0.7123694505629985 -0.40922299286609809 -0.81853734679767109 0.40315400780240612 3.3460076502852165
2 59 -19.375000000000004 -19.375000000000004 0.58310100000355214 -0.57445331568146496 -0.57445331568146496 0.70180464938939457 2.7755575615628914e-17 0.71236945056299905 -0.40922299286609815 -0.81853734679767132 0.40315400780240562 2.416552456920523
1 41.681577059195959 7.6369079175772512e-16 2.3835936314132704 0.5635469996515623 -0.57423531369709602 -0.59385906045704118 
2 39.333333333333314 0 0 0.58310100000355214 -0.57445331568146496 -0.57445331568146496 0.70180464938939457 2.7755575615628914e-17 0.71236945056299905 -0.40922299286609815 -0.81853734679767132 0.40315400780240562 3.3460076502852165
2 59.000000000000007 -19.375000000000007 19.375000000000007 0.58310100000355214 -0.57445331568146496 0.57445331568146496 -0.70180464938939457 -2.7755575615628914e-17 0.71236945056299905 -0.40922299286609815 -0.81853734679767132 -0.40315400780240562 2.4178540666978439
1 36.98508960747067 5.7795005506179763e-16 2.3835936314132709 0.60218599882265633 -0.5742359235035559 0.55463963704370955 
2 39.333333333333314 0 0 0.58310100000355214 -0.57445331568146496 0.57445331568146496 -0.70180464938939457 -2.7755575615628914e-17 0.71236945056299905 -0.40922299286609815 -0.81853734679767132 -0.40315400780240562 3.3460076502852165
2 59 19.375000000000004 -19.375000000000004 0.58310100000355214 0.57445331568146496 -0.57445331568146496 0.70180464938939457 -2.7755575615628914e-17 0.71236945056299905 0.40922299286609815 -0.81853734679767132 -0.40315400780240562 3.3460076502852165
1 41.681577059195959 5.7795005506179763e-16 2.3835936314132713 0.58310100000355214 0.57445331568146496 -0.57445331568146496 
2 39.333333333333314 0 0 0.58310100000355214 0.57445331568146496 -0.57445331568146496 0.70180464938939457 -2.7755575615628914e-17 0.71236945056299905 0.40922299286609815 -0.81853734679767132 -0.40315400780240562 3.3460076502852165
2 59 19.375000000000004 19.375000000000004 0.58310100000355214 0.57445331568146496 0.57445331568146496 -0.70180464938939457 2.7755575615628914e-17 0.71236945056299905 0.40922299286609815 -0.81853734679767132 0.40315400780240562 3.3460076502852165
1 36.98508960747067 7.6369079175772512e-16 2.3835936314132709 0.58310100000355214 0.57445331568146496 0.57445331568146496 
2 39.333333333333314 0 0 0.58310100000355214 0.57445331568146496 0.57445331568146496 -0.70180464938939457 2.7755575615628914e-17 0.71236945056299905 0.40922299286609815 -0.81853734679767132 0.40315400780240562 3.3460076502852165
2 19.666666666666661 19.374999999999996 19.375000000000004 -0.58310100000355147 0.57445331568146518 -0.57445331568146518 0.70180464938939502 -2.7755575615628914e-17 -0.7123694505629985 -0.40922299286609809 -0.81853734679767109 -0.40315400780240612 3.3460076502852165
1 41.681577059195966 5.7795005506179763e-16 36.36640636858673 -0.58310100000355147 0.57445331568146518 -0.57445331568146518 
2 39.333333333333314 0 38.75 -0.58310100000355147 0.57445331568146518 -0.57445331568146518 0.70180464938939502 -2.7755575615628914e-17 -0.7123694505629985 -0.40922299286609809 -0.81853734679767109 -0.40315400780240612 3.3460076502852165
2 19.666666666666661 19.374999999999996 58.125 -0.58310100000355147 0.57445331568146518 0.57445331568146518 -0.70180464938939502 2.7755575615628914e-17 -0.7123694505629985 -0.40922299286609809 -0.81853734679767109 0.40315400780240612 3.3460076502852165
1 36.985089607470663 7.6369079175772512e-16 36.36640636858673 -0.58310100000355147 0.57445331568146518 0.57445331568146518 
2 39.333333333333314 0 38.75 -0.58310100000355147 0.57445331568146518 0.57445331568146518 -0.70180464938939502 2.7755575615628914e-17 -0.7123694505629985 -0.40922299286609809 -0.81853734679767109 0.40315400780240612 3.3460076502852165
2 59.000000000000007 -19.375000000000007 19.374999999999993 0.58310100000355214 -0.57445331568146496 -0.57445331568146496 0.70180464938939457 2.7755575615628914e-17 0.71236945056299905 -0.40922299286609815 -0.81853734679767132 0.40315400780240562 2.4178540666978439
1 41.681577059195959 7.6369079175772512e-16 41.13359363141327 0.56357467168778974 -0.57423592350355601 -0.59383220996340225 
2 39.333333333333314 0 38.75 0.58310100000355214 -0.57445331568146496 -0.57445331568146496 0.70180464938939457 2.7755575615628914e-17 0.71236945056299905 -0.40922299286609815 -0.81853734679767132 0.40315400780240562 3.3460076502852165
2 59 19.375000000000004 19.374999999999996 0.58310100000355214 0.57445331568146496 -0.57445331568146496 0.70180464938939457 -2.7755575615628914e-17 0.71236945056299905 0.40922299286609815 -0.81853734679767132 -0.40315400780240562 3.3460076502852165
1 41.681577059195959 5.7795005506179605e-16 41.13359363141327 0.58310100000355214 0.57445331568146496 -0.57445331568146496 
2 39.333333333333314 0 38.75 0.58310100000355214 0.57445331568146496 -0.57445331568146496 0.70180464938939457 -2.7755575615628914e-17 0.71236945056299905 0.40922299286609815 -0.81853734679767132 -0.40315400780240562 3.3460076502852165
2 59 19.375000000000004 58.125 0.58310100000355214 0.57445331568146496 0.57445331568146496 -0.70180464938939457 2.7755575615628914e-17 0.71236945056299905 0.40922299286609815 -0.81853734679767132 0.40315400780240562 3.3460076502852165
1 36.98508960747067 7.6369079175772512e-16 41.13359363141327 0.58310100000355214 0.57445331568146496 0.57445331568146496 
2 39.333333333333314 0 38.75 0.58310100000355214 0.57445331568146496 0.57445331568146496 -0.70180464938939457 2.7755575615628914e-17 0.71236945056299905 0.40922299286609815 -0.81853734679767132 0.40315400780240562 3.3460076502852165
2 39.333333333333314 38.75 -38.75 0.58310100000355147 0.57445331568146518 0.57445331568146518 -0.70180464938939502 -2.7755575615628914e-17 0.7123694505629985 0.40922299286609809 -0.81853734679767109 0.40315400780240612 3.3460076502852165
1 17.318422940804009 19.375 -55.74140636858673 0.58310100000355147 0.57445331568146518 0.57445331568146518 
2 19.666666666666657 19.375 -58.125 0.58310100000355147 0.57445331568146518 0.57445331568146518 -0.70180464938939502 -2.7755575615628914e-17 0.7123694505629985 0.40922299286609809 -0.81853734679767109 0.40315400780240612 3.3460076502852165
2 19.666666666666661 19.375000000000004 -19.375000000000004 -0.58310100000355147 -0.57445331568146518 0.57445331568146518 -0.70180464938939502 -2.7755575615628914e-17 -0.7123694505629985 0.40922299286609809 -0.81853734679767109 -0.40315400780240612 3.3460076502852165
1 36.985089607470663 38.75 -41.13359363141327 -0.58310100000355147 -0.57445331568146518 0.57445331568146518 
2 39.333333333333314 38.75 -38.75 -0.58310100000355147 -0.57445331568146518 0.57445331568146518 -0.70180464938939502 -2.7755575615628914e-17 -0.7123694505629985 0.40922299286609809 -0.81853734679767109 -0.40315400780240612 3.3460076502852165
2 19.666666666666661 58.125 -58.125 -0.58310100000355147 0.57445331568146518 -0.57445331568146518 0.70180464938939502 -2.7755575615628914e-17 -0.7123694505629985 -0.40922299286609809 -0.81853734679767109 -0.40315400780240612 1.902816746881214
1 41.681577059195966 38.75 -41.13359363141327 -0.61257030976255411 0.57392814255568037 -0.54347410497648851 
2 39.333333333333314 38.75 -38.75 -0.58310100000355147 0.57445331568146518 -0.57445331568146518 0.70180464938939502 -2.7755575615628914e-17 -0.7123694505629985 -0.40922299286609809 -0.81853734679767109 -0.40315400780240612 3.3460076502852165
2 19.666666666666661 58.125 -19.375000000000004 -0.58310100000355147 0.57445331568146518 0.57445331568146518 -0.70180464938939502 2.7755575615628914e-17 -0.7123694505629985 -0.40922299286609809 -0.81853734679767109 0.40315400780240612 3.3460076502852165
1 36.985089607470663 38.75 -41.13359363141327 -0.58310100000355147 0.57445331568146518 0.57445331568146518 
2 39.333333333333314 38.75 -38.75 -0.58310100000355147 0.57445331568146518 0.57445331568146518 -0.70180464938939502 2.7755575615628914e-17 -0.7123694505629985 -0.40922299286609809 -0.81853734679767109 0.40315400780240612 3.3460076502852165
2 59 19.374999999999996 -58.125 0.58310100000355214 -0.57445331568146496 -0.57445331568146496 0.70180464938939457 2.7755575615628914e-17 0.71236945056299905 -0.40922299286609815 -0.81853734679767132 0.40315400780240562 3.3460076502852165
1 41.681577059195959 38.75 -36.36640636858673 0.58310100000355214 -0.57445331568146496 -0.57445331568146496 
2 39.333333333333314 38.75 -38.75 0.58310100000355214 -0.57445331568146496 -0.57445331568146496 0.70180464938939457 2.7755575615628914e-17 0.71236945056299905 -0.40922299286609815 -0.81853734679767132 0.40315400780240562 3.3460076502852165
2 59 19.374999999999996 -19.374999999999996 0.58310100000355214 -0.57445331568146496 0.57445331568146496 -0.70180464938939457 -2.7755575615628914e-17 0.71236945056299905 -0.40922299286609815 -0.81853734679767132 -0.40315400780240562 3.3460076502852165
1 36.98508960747067 38.75 -36.36640636858673 0.58310100000355214 -0.57445331568146496 0.57445331568146496 
2 39.333333333333314 38.75 -38.75 0.58310100000355214 -0.57445331568146496 0.57445331568146496 -0.70180464938939457 -2.7755575615628914e-17 0.71236945056299905 -0.40922299286609815 -0.81853734679767132 -0.40315400780240562 3.3460076502852165
2 59.000000000000007 58.125000000000007 -19.374999999999993 0.58310100000355214 0.57445331568146496 0.57445331568146496 -0.70180464938939457 2.7755575615628914e-17 0.71236945056299905 0.40922299286609815 -0.81853734679767132 0.40315400780240562 2.5424034013148038
1 36.98508960747067 38.75 -36.36640636858673 0.59965217223076051 0.57429032964744298 0.55732206991322508 
2 39.333333333333314 38.75 -38.75 0.58310100000355214 0.57445331568146496 0.57445331568146496 -0.70180464938939457 2.7755575615628914e-17 0.71236945056299905 0.40922299286609815 -0.81853734679767132 0.40315400780240562 3.3460076502852165
2 39.333333333333314 38.75 -3.5527136788005009e-15 0.58310100000355147 0.57445331568146518 0.57445331568146518 -0.70180464938939502 -2.7755575615628914e-17 0.7123694505629985 0.40922299286609809 -0.81853734679767109 0.40315400780240612 3.3460076502852165
1 17.318422940804009 19.375 -16.99140636858673 0.58310100000355147 0.57445331568146518 0.57445331568146518 
2 19.666666666666657 19.375 -19.375 0.58310100000355147 0.57445331568146518 0.57445331568146518 -0.70180464938939502 -2.7755575615628914e-17 0.7123694505629985 0.40922299286609809 -0.81853734679767109 0.40315400780240612 3.3460076502852165
2 19.666666666666661 19.375000000000004 19.374999999999996 -0.58310100000355147 -0.57445331568146518 0.57445331568146518 -0.70180464938939502 -2.7755575615628914e-17 -0.7123694505629985 0.40922299286609809 -0.81853734679767109 -0.40315400780240612 3.3460076502852165
1 36.985089607470663 38.75 -2.3835936314132691 -0.58310100000355147 -0.57445331568146518 0.57445331568146518 
2 39.333333333333314 38.75 0 -0.58310100000355147 -0.57445331568146518 0.57445331568146518 -0.70180464938939502 -2.7755575615628914e-17 -0.7123694505629985 0.40922299286609809 -0.81853734679767109 -0.40315400780240612 3.3460076502852165
2 19.666666666666661 58.125 -19.374999999999996 -0.58310100000355147 0.57445331568146518 -0.57445331568146518 0.70180464938939502 -2.7755575615628914e-17 -0.7123694505629985 -0.40922299286609809 -0.81853734679767109 -0.40315400780240612 3.3460076502852165
1 41.681577059195966 38.75 -2.3835936314132691 -0.58310100000355147 0.57445331568146518 -0.57445331568146518 
2 39.333333333333314 38.75 0 -0.58310100000355147 0.57445331568146518 -0.57445331568146518 0.70180464938939502 -2.7755575615628914e-17 -0.7123694505629985 -0.40922299286609809 -0.81853734679767109 -0.40315400780240612 3.3460076502852165
2 19.666666666666661 58.125 19.374999999999996 -0.58310100000355147 0.57445331568146518 0.57445331568146518 -0.70180464938939502 2.7755575615628914e-17 -0.7123694505629985 -0.40922299286609809 -0.81853734679767109 0.40315400780240612 3.3460076502852165
1 36.985089607470663 38.75 -2.38359363141327 -0.58310100000355147 0.57445331568146518 0.57445331568146518 
2 39.333333333333314 38.75 0 -0.58310100000355147 0.57445331568146518 0.57445331568146518 -0.70180464938939502 2.7755575615628914e-17 -0.7123694505629985 -0.40922299286609809 -0.81853734679767109 0.40315400780240612 3.3460076502852165
2 59 19.374999999999996 -19.375000000000004 0.58310100000355214 -0.57445331568146496 -0.57445331568146496 0.70180464938939457 2.7755575615628914e-17 0.71236945056299905 -0.40922299286609815 -0.81853734679767132 0.40315400780240562 3.3460076502852165
1 41.681577059195959 38.75 2.3835936314132704 0.58310100000355214 -0.57445331568146496 -0.57445331568146496 
2 39.333333333333314 38.75 0 0.58310100000355214 -0.57445331568146496 -0.57445331568146496 0.70180464938939457 2.7755575615628914e-17 0.71236945056299905 -0.40922299286609815 -0.81853734679767132 0.40315400780240562 3.3460076502852165
2 59 19.374999999999996 19.375000000000004 0.58310100000355214 -0.57445331568146496 0.57445331568146496 -0.70180464938939457 -2.7755575615628914e-17 0.71236945056299905 -0.40922299286609815 -0.81853734679767132 -0.40315400780240562 3.3460076502852165
1 36.98508960747067 38.75 2.3835936314132713 0.58310100000355214 -0.57445331568146496 0.57445331568146496 
2 39.333333333333314 38.75 0 0.58310100000355214 -0.57445331568146496 0.57445331568146496 -0.70180464938939457 -2.7755575615628914e-17 0.71236945056299905 -0.40922299286609815 -0.81853734679767132 -0.40315400780240562 3.3460076502852165
2 59.000000000000007 58.125000000000007 -19.375000000000007 0.58310100000355214 0.57445331568146496 -0.57445331568146496 0.70180464938939457 -2.7755575615628914e-17 0.71236945056299905 0.40922299286609815 -0.81853734679767132 -0.40315400780240562 2.5424034013148038
1 41.681577059195959 38.75 2.3835936314132713 0.56621894860189903 0.57429032964744298 -0.59125858938166087 
2 39.333333333333314 38.75 0 0.58310100000355214 0.57445331568146496 -0.57445331568146496 0.70180464938939457 -2.7755575615628914e-17 0.71236945056299905 0.40922299286609815 -0.81853734679767132 -0.40315400780240562 3.3460076502852165
2 59.000000000000007 58.125000000000007 19.375000000000007 0.58310100000355214 0.57445331568146496 0.57445331568146496 -0.70180464938939457 2.7755575615628914e-17 0.71236945056299905 0.40922299286609815 -0.81853734679767132 0.40315400780240562 2.5425564235393572
1 36.98508960747067 38.75 2.3835936314132704 0.5996490538342345 0.57429039168669349 0.55732536121376308 
2 39.333333333333314 38.75 0 0.58310100000355214 0.57445331568146496 0.57445331568146496 -0.70180464938939457 2.7755575615628914e-17 0.71236945056299905 0.40922299286609815 -0.81853734679767132 0.40315400780240562 3.3460076502852165
2 39.333333333333314 38.75 38.75 0.58310100000355147 0.57445331568146518 0.57445331568146518 -0.70180464938939502 -2.7755575615628914e-17 0.7123694505629985 0.40922299286609809 -0.81853734679767109 0.40315400780240612 3.3460076502852165
1 17.318422940804009 19.375 21.75859363141327 0.58310100000355147 0.57445331568146518 0.57445331568146518 
2 19.666666666666657 19.375 19.375 0.58310100000355147 0.57445331568146518 0.57445331568146518 -0.70180464938939502 -2.7755575615628914e-17 0.7123694505629985 0.40922299286609809 -0.81853734679767109 0.40315400780240612 3.3460076502852165
2 19.666666666666661 19.375000000000004 58.125 -0.58310100000355147 -0.57445331568146518 0.57445331568146518 -0.70180464938939502 -2.7755575615628914e-17 -0.7123694505629985 0.40922299286609809 -0.81853734679767109 -0.40315400780240612 3.3460076502852165
1 36.985089607470663 38.75 36.36640636858673 -0.58310100000355147 -0.57445331568146518 0.57445331568146518 
2 39.333333333333314 38.75 38.75 -0.58310100000355147 -0.57445331568146518 0.57445331568146518 -0.70180464938939502 -2.7755575615628914e-17 -0.7123694505629985 0.40922299286609809 -0.81853734679767109 -0.40315400780240612 3.3460076502852165
2 19.666666666666661 58.125 19.375000000000004 -0.58310100000355147 0.57445331568146518 -0.57445331568146518 0.70180464938939502 -2.7755575615628914e-17 -0.7123694505629985 -0.40922299286609809 -0.81853734679767109 -0.40315400780240612 3.3460076502852165
1 41.681577059195966 38.75 36.36640636858673 -0.58310100000355147 0.57445331568146518 -0.57445331568146518 
2 39.333333333333314 38.75 38.75 -0.58310100000355147 0.57445331568146518 -0.57445331568146518 0.70180464938939502 -2.7755575615628914e-17 -0.7123694505629985 -0.40922299286609809 -0.81853734679767109 -0.40315400780240612 3.3460076502852165
2 19.666666666666657 58.125 58.125 -0.58310100000355147 0.57445331568146518 0.57445331568146518 -0.70180464938939502 2.7755575615628914e-17 -0.7123694505629985 -0.40922299286609809 -0.81853734679767109 0.40315400780240612 1.9031675860672388
1 36.985089607470663 38.75 36.36640636858673 -0.55257307136999445 0.57392839751360514 0.60437504525269425 
2 39.333333333333314 38.75 38.75 -0.58310100000355147 0.57445331568146518 0.57445331568146518 -0.70180464938939502 2.7755575615628914e-17 -0.7123694505629985 -0.40922299286609809 -0.81853734679767109 0.40315400780240612 3.3460076502852165
2 59 19.374999999999996 19.374999999999996 0.58310100000355214 -0.57445331568146496 -0.57445331568146496 0.70180464938939457 2.7755575615628914e-17 0.71236945056299905 -0.40922299286609815 -0.81853734679767132 0.40315400780240562 3.3460076502852165
1 41.681577059195959 38.75 41.13359363141327 0.58310100000355214 -0.57445331568146496 -0.57445331568146496 
2 39.333333333333314 38.75 38.75 0.58310100000355214 -0.57445331568146496 -0.57445331568146496 0.70180464938939457 2.7755575615628914e-17 0.71236945056299905 -0.40922299286609815 -0.81853734679767132 0.40315400780240562 3.3460076502852165
2 59 19.374999999999996 58.125 0.58310100000355214 -0.57445331568146496 0.57445331568146496 -0.70180464938939457 -2.7755575615628914e-17 0.71236945056299905 -0.40922299286609815 -0.81853734679767132 -0.40315400780240562 3.3460076502852165
1 36.98508960747067 38.75 41.13359363141327 0.58310100000355214 -0.57445331568146496 0.57445331568146496 
2 39.333333333333314 38.75 38.75 0.58310100000355214 -0.57445331568146496 0.57445331568146496 -0.70180464938939457 -2.7755575615628914e-17 0.71236945056299905 -0.40922299286609815 -0.81853734679767132 -0.40315400780240562 3.3460076502852165
2 59.000000000000007 58.125000000000007 19.374999999999993 0.58310100000355214 0.57445331568146496 -0.57445331568146496 0.70180464938939457 -2.7755575615628914e-17 0.71236945056299905 0.40922299286609815 -0.81853734679767132 -0.40315400780240562 2.5425564235393572
1 41.681577059195959 38.75 41.13359363141327 0.56622219294477449 0.57429039168669349 -0.59125542215962379 
2 39.333333333333314 38.75 38.75 0.58310100000355214 0.57445331568146496 -0.57445331568146496 0.70180464938939457 -2.7755575615628914e-17 0.71236945056299905 0.40922299286609815 -0.81853734679767132 -0.40315400780240562 3.3460076502852165
2 59 -19.374999999999996 -19.375000000000004 -0.58310100000355147 -0.57445331568146518 0.57445331568146518 -0.70180464938939502 -2.7755575615628914e-17 -0.7123694505629985 0.40922299286609809 -0.81853734679767109 -0.40315400780240612 2.416552456920523
1 76.318422940804012 5.7795005506179684e-16 -41.13359363141327 -0.56354699965156174 -0.57423531369709635 0.59385906045704151 
2 78.666666666666657 0 -38.75 -0.58310100000355147 -0.57445331568146518 0.57445331568146518 -0.70180464938939502 -2.7755575615628914e-17 -0.7123694505629985 0.40922299286609809 -0.81853734679767109 -0.40315400780240612 3.3460076502852165
2 59 19.374999999999996 -58.125 -0.58310100000355147 0.57445331568146518 -0.57445331568146518 0.70180464938939502 -2.7755575615628914e-17 -0.7123694505629985 -0.40922299286609809 -0.81853734679767109 -0.40315400780240612 3.3460076502852165
1 81.014910392529302 5.7795005506179605e-16 -41.13359363141327 -0.58310100000355147 0.57445331568146518 -0.57445331568146518 
2 78.666666666666657 0 -38.75 -0.58310100000355147 0.57445331568146518 -0.57445331568146518 0.70180464938939502 -2.7755575615628914e-17 -0.7123694505629985 -0.40922299286609809 -0.81853734679767109 -0.40315400780240612 3.3460076502852165
2 59 19.374999999999996 -19.375000000000004 -0.58310100000355147 0.57445331568146518 0.57445331568146518 -0.70180464938939502 2.7755575615628914e-17 -0.7123694505629985 -0.40922299286609809 -0.81853734679767109 0.40315400780240612 3.3460076502852165
1 76.318422940804012 7.6369079175772591e-16 -41.13359363141327 -0.58310100000355147 0.57445331568146518 0.57445331568146518 
2 78.666666666666657 0 -38.75 -0.58310100000355147 0.57445331568146518 0.57445331568146518 -0.70180464938939502 2.7755575615628914e-17 -0.7123694505629985 -0.40922299286609809 -0.81853734679767109 0.40315400780240612 3.3460076502852165
2 98.333333333333314 -19.374999999999996 -58.125 0.58310100000355147 -0.57445331568146518 -0.57445331568146518 0.70180464938939502 -2.7755575615628914e-17 0.7123694505629985 -0.40922299286609809 -0.81853734679767109 0.40315400780240612 2.7290231686046762
1 81.014910392529302 5.7795005506179605e-16 -36.36640636858673 0.57016742679790644 -0.57435722300201331 -0.5873864875906406 
2 78.666666666666657 0 -38.75 0.58310100000355147 -0.57445331568146518 -0.57445331568146518 0.70180464938939502 -2.7755575615628914e-17 0.7123694505629985 -0.40922299286609809 -0.81853734679767109 0.40315400780240612 3.3460076502852165
2 98.333333333333314 -19.374999999999996 -19.375000000000004 0.58310100000355147 -0.57445331568146518 0.57445331568146518 -0.70180464938939502 2.7755575615628914e-17 0.7123694505629985 -0.40922299286609809 -0.81853734679767109 -0.40315400780240612 3.3460076502852165
1 76.318422940804012 7.6369079175772512e-16 -36.36640636858673 0.58310100000355147 -0.57445331568146518 0.57445331568146518 
2 78.666666666666657 0 -38.75 0.58310100000355147 -0.57445331568146518 0.57445331568146518 -0.70180464938939502 2.7755575615628914e-17 0.7123694505629985 -0.40922299286609809 -0.81853734679767109 -0.40315400780240612 3.3460076502852165
2 98.333333333333314 19.374999999999996 -58.125 0.58310100000355147 0.57445331568146518 -0.57445331568146518 0.70180464938939502 2.7755575615628914e-17 0.7123694505629985 0.40922299286609809 -0.81853734679767109 -0.40315400780240612 3.1739237482808642
1 81.014910392529302 7.6369079175772512e-16 -36.36640636858673 0.57951274411144493 0.57444583876007549 -0.578080407680157 
2 78.666666666666657 0 -38.75 0.58310100000355147 0.57445331568146518 -0.57445331568146518 0.70180464938939502 2.7755575615628914e-17 0.7123694505629985 0.40922299286609809 -0.81853734679767109 -0.40315400780240612 3.3460076502852165
2 98.333333333333314 19.374999999999996 -19.375000000000004 0.58310100000355147 0.57445331568146518 0.57445331568146518 -0.70180464938939502 -2.7755575615628914e-17 0.7123694505629985 0.40922299286609809 -0.81853734679767109 0.40315400780240612 3.0192804689740775
1 76.318422940804012 5.7795005506179605e-16 -36.36640636858673 0.58987184577526008 0.5744263636955701 0.56752582166203913 
2 78.666666666666657 0 -38.75 0.58310100000355147 0.57445331568146518 0.57445331568146518 -0.70180464938939502 -2.7755575615628914e-17 0.7123694505629985 0.40922299286609809 -0.81853734679767109 0.40315400780240612 3.3460076502852165
2 78.666666666666657 -3.5527136788005009e-15 -3.5527136788005009e-15 0.58310100000355147 0.57445331568146518 0.57445331568146518 -0.70180464938939502 -2.7755575615628914e-17 0.7123694505629985 0.40922299286609809 -0.81853734679767109 0.40315400780240612 3.3460076502852165
1 57.304052250239813 -19.375 -17.653521854006861 0.56354699965156174 0.57423531369709635 0.59385906045704151 
2 59 -19.375 -19.375 0.58310100000355147 0.57445331568146518 0.57445331568146518 -0.70180464938939502 -2.7755575615628914e-17 0.7123694505629985 0.40922299286609809 -0.81853734679767109 0.40315400780240612 2.416552456920523
2 59 -19.374999999999996 19.374999999999996 -0.58310100000355147 -0.57445331568146518 0.57445331568146518 -0.70180464938939502 -2.7755575615628914e-17 -0.7123694505629985 0.40922299286609809 -0.81853734679767109 -0.40315400780240612 2.4178540666978439
1 76.318422940804012 5.7795005506179605e-16 -2.3835936314132691 -0.56357467168778919 -0.57423592350355634 0.59383220996340258 
2 78.666666666666657 0 0 -0.58310100000355147 -0.57445331568146518 0.57445331568146518 -0.70180464938939502 -2.7755575615628914e-17 -0.7123694505629985 0.40922299286609809 -0.81853734679767109 -0.40315400780240612 3.3460076502852165
2 59 19.374999999999996 -19.374999999999996 -0.58310100000355147 0.57445331568146518 -0.57445331568146518 0.70180464938939502 -2.7755575615628914e-17 -0.7123694505629985 -0.40922299286609809 -0.81853734679767109 -0.40315400780240612 3.3460076502852165
1 81.014910392529302 5.7795005506179605e-16 -2.3835936314132691 -0.58310100000355147 0.57445331568146518 -0.57445331568146518 
2 78.666666666666657 0 0 -0.58310100000355147 0.57445331568146518 -0.57445331568146518 0.70180464938939502 -2.7755575615628914e-17 -0.7123694505629985 -0.40922299286609809 -0.81853734679767109 -0.40315400780240612 3.3460076502852165
2 59 19.374999999999996 19.374999999999996 -0.58310100000355147 0.57445331568146518 0.57445331568146518 -0.70180464938939502 2.7755575615628914e-17 -0.7123694505629985 -0.40922299286609809 -0.81853734679767109 0.40315400780240612 3.3460076502852165
1 76.318422940804012 7.6369079175772512e-16 -2.38359363141327 -0.58310100000355147 0.57445331568146518 0.57445331568146518 
2 78.666666666666657 0 0 -0.58310100000355147 0.57445331568146518 0.57445331568146518 -0.70180464938939502 2.7755575615628914e-17 -0.7123694505629985 -0.40922299286609809 -0.81853734679767109 0.40315400780240612 3.3460076502852165
2 98.333333333333314 -19.374999999999996 -19.374999999999996 0.58310100000355147 -0.57445331568146518 -0.57445331568146518 0.70180464938939502 -2.7755575615628914e-17 0.7123694505629985 -0.40922299286609809 -0.81853734679767109 0.40315400780240612 3.3460076502852165
1 81.014910392529302 5.7795005506179605e-16 2.3835936314132691 0.58310100000355147 -0.57445331568146518 -0.57445331568146518 
2 78.666666666666657 0 0 0.58310100000355147 -0.57445331568146518 -0.57445331568146518 0.70180464938939502 -2.7755575615628914e-17 0.7123694505629985 -0.40922299286609809 -0.81853734679767109 0.40315400780240612 3.3460076502852165
2 98.333333333333314 -19.374999999999996 19.374999999999996 0.58310100000355147 -0.57445331568146518 0.57445331568146518 -0.70180464938939502 2.7755575615628914e-17 0.7123694505629985 -0.40922299286609809 -0.81853734679767109 -0.40315400780240612 3.3460076502852165
1 76.318422940804012 7.6369079175772512e-16 2.38359363141327 0.58310100000355147 -0.57445331568146518 0.57445331568146518 
2 78.666666666666657 0 0 0.58310100000355147 -0.57445331568146518 0.57445331568146518 -0.70180464938939502 2.7755575615628914e-17 0.7123694505629985 -0.40922299286609809 -0.81853734679767109 -0.40315400780240612 3.3460076502852165
2 98.333333333333314 19.374999999999996 -19.374999999999996 0.58310100000355147 0.57445331568146518 -0.57445331568146518 0.70180464938939502 2.7755575615628914e-17 0.7123694505629985 0.40922299286609809 -0.81853734679767109 -0.40315400780240612 3.0192804689740775
1 81.014910392529302 7.6369079175772512e-16 2.38359363141327 0.57627543880241294 0.5744263636955701 -0.58132690572910106 
2 78.666666666666657 0 0 0.58310100000355147 0.57445331568146518 -0.57445331568146518 0.70180464938939502 2.7755575615628914e-17 0.7123694505629985 0.40922299286609809 -0.81853734679767109 -0.40315400780240612 3.3460076502852165
2 98.333333333333314 19.374999999999993 19.374999999999993 0.58310100000355147 0.57445331568146518 0.57445331568146518 -0.70180464938939502 -2.7755575615628914e-17 0.7123694505629985 0.40922299286609809 -0.81853734679767109 0.40315400780240612 3.0066134076011086
1 76.318422940804012 5.7795005506179605e-16 2.3835936314132691 0.59013322053731665 0.57442423351443361 0.5672561872466535 
2 78.666666666666657 0 0 0.58310100000355147 0.57445331568146518 0.57445331568146518 -0.70180464938939502 -2.7755575615628914e-17 0.7123694505629985 0.40922299286609809 -0.81853734679767109 0.40315400780240612 3.3460076502852165
2 78.666666666666657 -3.5527136788005009e-15 38.75 0.58310100000355147 0.57445331568146518 0.57445331568146518 -0.70180464938939502 -2.7755575615628914e-17 0.7123694505629985 0.40922299286609809 -0.81853734679767109 0.40315400780240612 3.3460076502852165
1 57.303138774446396 -19.375 21.097405373035055 0.56357467168778919 0.57423592350355634 0.59383220996340258 
2 59 -19.375 19.375 0.58310100000355147 0.57445331568146518 0.57445331568146518 -0.70180464938939502 -2.7755575615628914e-17 0.7123694505629985 0.40922299286609809 -0.81853734679767109 0.40315400780240612 2.4178540666978439
2 59 19.374999999999996 19.375000000000004 -0.58310100000355147 0.57445331568146518 -0.57445331568146518 0.70180464938939502 -2.7755575615628914e-17 -0.7123694505629985 -0.40922299286609809 -0.81853734679767109 -0.40315400780240612 3.3460076502852165
1 81.014910392529302 5.7795005506179605e-16 36.36640636858673 -0.58310100000355147 0.57445331568146518 -0.57445331568146518 
2 78.666666666666657 0 38.75 -0.58310100000355147 0.57445331568146518 -0.57445331568146518 0.70180464938939502 -2.7755575615628914e-17 -0.7123694505629985 -0.40922299286609809 -0.81853734679767109 -0.40315400780240612 3.3460076502852165
2 59 19.374999999999996 58.125 -0.58310100000355147 0.57445331568146518 0.57445331568146518 -0.70180464938939502 2.7755575615628914e-17 -0.7123694505629985 -0.40922299286609809 -0.81853734679767109 0.40315400780240612 3.3460076502852165
1 76.318422940804012 7.6369079175772512e-16 36.36640636858673 -0.58310100000355147 0.57445331568146518 0.57445331568146518 
2 78.666666666666657 0 38.75 -0.58310100000355147 0.57445331568146518 0.57445331568146518 -0.70180464938939502 2.7755575615628914e-17 -0.7123694505629985 -0.40922299286609809 -0.81853734679767109 0.40315400780240612 3.3460076502852165
2 98.333333333333314 -19.374999999999996 19.375000000000004 0.58310100000355147 -0.57445331568146518 -0.57445331568146518 0.70180464938939502 -2.7755575615628914e-17 0.7123694505629985 -0.40922299286609809 -0.81853734679767109 0.40315400780240612 3.3460076502852165
1 81.014910392529302 5.7795005506179605e-16 41.13359363141327 0.58310100000355147 -0.57445331568146518 -0.57445331568146518 
2 78.666666666666657 0 38.75 0.58310100000355147 -0.57445331568146518 -0.57445331568146518 0.70180464938939502 -2.7755575615628914e-17 0.7123694505629985 -0.40922299286609809 -0.81853734679767109 0.40315400780240612 3.3460076502852165
2 98.333333333333314 -19.374999999999996 58.125 0.58310100000355147 -0.57445331568146518 0.57445331568146518 -0.70180464938939502 2.7755575615628914e-17 0.7123694505629985 -0.40922299286609809 -0.81853734679767109 -0.40315400780240612 2.7304896584035085
1 76.318422940804012 7.6369079175772591e-16 41.13359363141327 0.59580945837579757 -0.57435767914416447 0.56135937305621608 
2 78.666666666666657 0 38.75 0.58310100000355147 -0.57445331568146518 0.57445331568146518 -0.70180464938939502 2.7755575615628914e-17 0.7123694505629985 -0.40922299286609809 -0.81853734679767109 -0.40315400780240612 3.3460076502852165
2 98.333333333333314 19.374999999999993 19.375000000000007 0.58310100000355147 0.57445331568146518 -0.57445331568146518 0.70180464938939502 2.7755575615628914e-17 0.7123694505629985 0.40922299286609809 -0.81853734679767109 -0.40315400780240612 3.0066134076011086
1 81.014910392529302 7.6369079175772512e-16 41.13359363141327 0.57600973954359747 0.57442423351443361 -0.58159227978221362 
2 78.666666666666657 0 38.75 0.58310100000355147 0.57445331568146518 -0.57445331568146518 0.70180464938939502 2.7755575615628914e-17 0.7123694505629985 0.40922299286609809 -0.81853734679767109 -0.40315400780240612 3.3460076502852165
2 98.333333333333314 19.374999999999996 58.125 0.58310100000355147 0.57445331568146518 0.57445331568146518 -0.70180464938939502 -2.7755575615628914e-17 0.7123694505629985 0.40922299286609809 -0.81853734679767109 0.40315400780240612 3.1763608308751499
1 76.318422940804012 5.7795005506179684e-16 41.13359363141327 0.58662358164440209 0.57444604903542085 0.57086295221032546 
2 78.666666666666657 0 38.75 0.58310100000355147 0.57445331568146518 0.57445331568146518 -0.70180464938939502 -2.7755575615628914e-17 0.7123694505629985 0.40922299286609809 -0.81853734679767109 0.40315400780240612 3.3460076502852165
2 78.666666666666657 38.75 -38.75 0.58310100000355147 0.57445331568146518 0.57445331568146518 -0.70180464938939502 -2.7755575615628914e-17 0.7123694505629985 0.40922299286609809 -0.81853734679767109 0.40315400780240612 3.3460076502852165
1 56.651756274137348 19.375 -55.74140636858673 0.58310100000355147 0.57445331568146518 0.57445331568146518 
2 59 19.375 -58.125 0.58310100000355147 0.57445331568146518 0.57445331568146518 -0.70180464938939502 -2.7755575615628914e-17 0.7123694505629985 0.40922299286609809 -0.81853734679767109 0.40315400780240612 3.3460076502852165
2 59 19.375000000000004 -19.375000000000004 -0.58310100000355147 -0.57445331568146518 0.57445331568146518 -0.70180464938939502 -2.7755575615628914e-17 -0.7123694505629985 0.40922299286609809 -0.81853734679767109 -0.40315400780240612 3.3460076502852165
1 76.318422940804012 38.75 -41.13359363141327 -0.58310100000355147 -0.57445331568146518 0.57445331568146518 
2 78.666666666666657 38.75 -38.75 -0.58310100000355147 -0.57445331568146518 0.57445331568146518 -0.70180464938939502 -2.7755575615628914e-17 -0.7123694505629985 0.40922299286609809 -0.81853734679767109 -0.40315400780240612 3.3460076502852165
2 59 58.125 -19.375000000000004 -0.58310100000355147 0.57445331568146518 0.57445331568146518 -0.70180464938939502 2.7755575615628914e-17 -0.7123694505629985 -0.40922299286609809 -0.81853734679767109 0.40315400780240612 2.5424034013148038
1 76.318422940804012 38.75 -41.13359363141327 -0.56621894860189848 0.57429032964744331 0.5912585893816612 
2 78.666666666666657 38.75 -38.75 -0.58310100000355147 0.57445331568146518 0.57445331568146518 -0.70180464938939502 2.7755575615628914e-17 -0.7123694505629985 -0.40922299286609809 -0.81853734679767109 0.40315400780240612 3.3460076502852165
2 98.333333333333314 19.375000000000004 -58.125 0.58310100000355147 -0.57445331568146518 -0.57445331568146518 0.70180464938939502 -2.7755575615628914e-17 0.7123694505629985 -0.40922299286609809 -0.81853734679767109 0.40315400780240612 3.1739237482808642
1 81.014910392529302 38.75 -36.36640636858673 0.57951274411144493 -0.57444583876007549 -0.578080407680157 
2 78.666666666666657 38.75 -38.75 0.58310100000355147 -0.57445331568146518 -0.57445331568146518 0.70180464938939502 -2.7755575615628914e-17 0.7123694505629985 -0.40922299286609809 -0.81853734679767109 0.40315400780240612 3.3460076502852165
2 98.333333333333314 19.375000000000004 -19.375000000000004 0.58310100000355147 -0.57445331568146518 0.57445331568146518 -0.70180464938939502 2.7755575615628914e-17 0.7123694505629985 -0.40922299286609809 -0.81853734679767109 -0.40315400780240612 3.0192804689740775
1 76.318422940804012 38.75 -36.36640636858673 0.58987184577526008 -0.5744263636955701 0.56752582166203913 
2 78.666666666666657 38.75 -38.75 0.58310100000355147 -0.57445331568146518 0.57445331568146518 -0.70180464938939502 2.7755575615628914e-17 0.7123694505629985 -0.40922299286609809 -0.81853734679767109 -0.40315400780240612 3.3460076502852165
2 98.333333333333314 58.125 -19.375000000000004 0.58310100000355147 0.57445331568146518 0.57445331568146518 -0.70180464938939502 -2.7755575615628914e-17 0.7123694505629985 0.40922299286609809 -0.81853734679767109 0.40315400780240612 2.4961264269509011
1 76.318422940804012 38.75 -36.36640636858673 0.60059464013358244 0.57427102665967356 0.55632622280641864 
2 78.666666666666657 38.75 -38.75 0.58310100000355147 0.57445331568146518 0.57445331568146518 -0.70180464938939502 -2.7755575615628914e-17 0.7123694505629985 0.40922299286609809 -0.81853734679767109 0.40315400780240612 3.3460076502852165
2 78.666666666666657 38.75 -3.5527136788005009e-15 0.58310100000355147 0.57445331568146518 0.57445331568146518 -0.70180464938939502 -2.7755575615628914e-17 0.7123694505629985 0.40922299286609809 -0.81853734679767109 0.40315400780240612 3.3460076502852165
1 56.651756274137348 19.375 -16.991406368586734 0.58310100000355147 0.57445331568146518 0.57445331568146518 
2 59 19.375 -19.375 0.58310100000355147 0.57445331568146518 0.57445331568146518 -0.70180464938939502 -2.7755575615628914e-17 0.7123694505629985 0.40922299286609809 -0.81853734679767109 0.40315400780240612 3.3460076502852165
2 59 19.375000000000004 19.374999999999996 -0.58310100000355147 -0.57445331568146518 0.57445331568146518 -0.70180464938939502 -2.7755575615628914e-17 -0.7123694505629985 0.40922299286609809 -0.81853734679767109 -0.40315400780240612 3.3460076502852165
1 76.318422940804012 38.75 -2.3835936314132695 -0.58310100000355147 -0.57445331568146518 0.57445331568146518 
2 78.666666666666657 38.75 0 -0.58310100000355147 -0.57445331568146518 0.57445331568146518 -0.70180464938939502 -2.7755575615628914e-17 -0.7123694505629985 0.40922299286609809 -0.81853734679767109 -0.40315400780240612 3.3460076502852165
2 59 58.125 -19.374999999999996 -0.58310100000355147 0.57445331568146518 -0.57445331568146518 0.70180464938939502 -2.7755575615628914e-17 -0.7123694505629985 -0.40922299286609809 -0.81853734679767109 -0.40315400780240612 2.5424034013148038
1 81.014910392529302 38.75 -2.3835936314132691 -0.59965217223075995 0.5742903296474432 -0.5573220699132253 
2 78.666666666666657 38.75 0 -0.58310100000355147 0.57445331568146518 -0.57445331568146518 0.70180464938939502 -2.7755575615628914e-17 -0.7123694505629985 -0.40922299286609809 -0.81853734679767109 -0.40315400780240612 3.3460076502852165
2 59 58.125 19.375 -0.58310100000355147 0.57445331568146518 0.57445331568146518 -0.70180464938939502 2.7755575615628914e-17 -0.7123694505629985 -0.40922299286609809 -0.81853734679767109 0.40315400780240612 2.5425564235393572
1 76.318422940804012 38.75 -2.3835936314132695 -0.56622219294477394 0.57429039168669382 0.59125542215962412 
2 78.666666666666657 38.75 0 -0.58310100000355147 0.57445331568146518 0.57445331568146518 -0.70180464938939502 2.7755575615628914e-17 -0.7123694505629985 -0.40922299286609809 -0.81853734679767109 0.40315400780240612 3.3460076502852165
2 98.333333333333314 19.375000000000004 -19.374999999999996 0.58310100000355147 -0.57445331568146518 -0.57445331568146518 0.70180464938939502 -2.7755575615628914e-17 0.7123694505629985 -0.40922299286609809 -0.81853734679767109 0.40315400780240612 3.0192804689740775
1 81.014910392529302 38.75 2.3835936314132691 0.57627543880241294 -0.5744263636955701 -0.58132690572910106 
2 78.666666666666657 38.75 0 0.58310100000355147 -0.57445331568146518 -0.57445331568146518 0.70180464938939502 -2.7755575615628914e-17 0.7123694505629985 -0.40922299286609809 -0.81853734679767109 0.40315400780240612 3.3460076502852165
2 98.333333333333314 19.375000000000007 19.374999999999993 0.58310100000355147 -0.57445331568146518 0.57445331568146518 -0.70180464938939502 2.7755575615628914e-17 0.7123694505629985 -0.40922299286609809 -0.81853734679767109 -0.40315400780240612 3.0066134076011086
1 76.318422940804012 38.75 2.3835936314132695 0.59013322053731665 -0.57442423351443361 0.5672561872466535 
2 78.666666666666657 38.75 0 0.58310100000355147 -0.57445331568146518 0.57445331568146518 -0.70180464938939502 2.7755575615628914e-17 0.7123694505629985 -0.40922299286609809 -0.81853734679767109 -0.40315400780240612 3.3460076502852165
2 98.333333333333314 58.125 -19.374999999999996 0.58310100000355147 0.57445331568146518 -0.57445331568146518 0.70180464938939502 2.7755575615628914e-17 0.7123694505629985 0.40922299286609809 -0.81853734679767109 -0.40315400780240612 2.4961264269509011
1 81.014910392529302 38.75 2.38359363141327 0.56523729355831331 0.57427102665967356 -0.59221583051292848 
2 78.666666666666657 38.75 0 0.58310100000355147 0.57445331568146518 -0.57445331568146518 0.70180464938939502 2.7755575615628914e-17 0.7123694505629985 0.40922299286609809 -0.81853734679767109 -0.40315400780240612 3.3460076502852165
2 98.333333333333314 58.125 19.374999999999996 0.58310100000355147 0.57445331568146518 0.57445331568146518 -0.70180464938939502 -2.7755575615628914e-17 0.7123694505629985 0.40922299286609809 -0.81853734679767109 0.40315400780240612 2.4970548832672614
1 76.318422940804012 38.75 2.3835936314132695 0.60057574309551209 0.57427142453789437 0.55634621214176616 
2 78.666666666666657 38.75 0 0.58310100000355147 0.57445331568146518 0.57445331568146518 -0.70180464938939502 -2.7755575615628914e-17 0.7123694505629985 0.40922299286609809 -0.81853734679767109 0.40315400780240612 3.3460076502852165
2 78.666666666666657 38.75 38.75 0.58310100000355147 0.57445331568146518 0.57445331568146518 -0.70180464938939502 -2.7755575615628914e-17 0.7123694505629985 0.40922299286609809 -0.81853734679767109 0.40315400780240612 3.3460076502852165
1 56.651756274137348 19.375 21.758593631413266 0.58310100000355147 0.57445331568146518 0.57445331568146518 
2 59 19.375 19.375 0.58310100000355147 0.57445331568146518 0.57445331568146518 -0.70180464938939502 -2.7755575615628914e-17 0.7123694505629985 0.40922299286609809 -0.81853734679767109 0.40315400780240612 3.3460076502852165
2 59 19.375000000000004 58.125 -0.58310100000355147 -0.57445331568146518 0.57445331568146518 -0.70180464938939502 -2.7755575615628914e-17 -0.7123694505629985 0.40922299286609809 -0.81853734679767109 -0.40315400780240612 3.3460076502852165
1 76.318422940804012 38.75 36.36640636858673 -0.58310100000355147 -0.57445331568146518 0.57445331568146518 
2 78.666666666666657 38.75 38.75 -0.58310100000355147 -0.57445331568146518 0.57445331568146518 -0.70180464938939502 -2.7755575615628914e-17 -0.7123694505629985 0.40922299286609809 -0.81853734679767109 -0.40315400780240612 3.3460076502852165
2 59 58.125 19.375 -0.58310100000355147 0.57445331568146518 -0.57445331568146518 0.70180464938939502 -2.7755575615628914e-17 -0.7123694505629985 -0.40922299286609809 -0.81853734679767109 -0.40315400780240612 2.5425564235393572
1 81.014910392529302 38.75 36.36640636858673 -0.59964905383423395 0.57429039168669382 -0.55732536121376341 
2 78.666666666666657 38.75 38.75 -0.58310100000355147 0.57445331568146518 -0.57445331568146518 0.70180464938939502 -2.7755575615628914e-17 -0.7123694505629985 -0.40922299286609809 -0.81853734679767109 -0.40315400780240612 3.3460076502852165
2 98.333333333333314 19.375000000000007 19.375000000000007 0.58310100000355147 -0.57445331568146518 -0.57445331568146518 0.70180464938939502 -2.7755575615628914e-17 0.7123694505629985 -0.40922299286609809 -0.81853734679767109 0.40315400780240612 3.0066134076011086
1 81.014910392529302 38.75 41.13359363141327 0.57600973954359747 -0.57442423351443361 -0.58159227978221362 
2 78.666666666666657 38.75 38.75 0.58310100000355147 -0.57445331568146518 -0.57445331568146518 0.70180464938939502 -2.7755575615628914e-17 0.7123694505629985 -0.40922299286609809 -0.81853734679767109 0.40315400780240612 3.3460076502852165
2 98.333333333333314 19.375000000000004 58.125 0.58310100000355147 -0.57445331568146518 0.57445331568146518 -0.70180464938939502 2.7755575615628914e-17 0.7123694505629985 -0.40922299286609809 -0.81853734679767109 -0.40315400780240612 3.1763608308751499
1 76.318422940804012 38.75 41.13359363141327 0.58662358164440209 -0.57444604903542085 0.57086295221032546 
2 78.666666666666657 38.75 38.75 0.58310100000355147 -0.57445331568146518 0.57445331568146518 -0.70180464938939502 2.7755575615628914e-17 0.7123694505629985 -0.40922299286609809 -0.81853734679767109 -0.40315400780240612 3.3460076502852165
2 98.333333333333314 58.125 19.375000000000004 0.58310100000355147 0.57445331568146518 -0.57445331568146518 0.70180464938939502 2.7755575615628914e-17 0.7123694505629985 0.40922299286609809 -0.81853734679767109 -0.40315400780240612 2.4970548832672614
1 81.014910392529302 38.75 41.13359363141327 0.56525699833195453 0.57427142453789426 -0.59219663693402236 
2 78.666666666666657 38.75 38.75 0.58310100000355147 0.57445331568146518 -0.57445331568146518 0.70180464938939502 2.7755575615628914e-17 0.7123694505629985 0.40922299286609809 -0.81853734679767109 -0.40315400780240612 3.3460076502852165
2 98.333333333333314 -19.374999999999996 -58.125 -0.58310100000355214 0.57445331568146496 -0.57445331568146496 0.70180464938939457 2.7755575615628914e-17 -0.71236945056299905 -0.40922299286609815 -0.81853734679767132 -0.40315400780240562 2.7290231686046762
1 120.34824372586264 -38.75 -41.13359363141327 -0.59583949473736353 0.57435722300201297 -0.56132795841338545 
2 118 -38.75 -38.75 -0.58310100000355214 0.57445331568146496 -0.57445331568146496 0.70180464938939457 2.7755575615628914e-17 -0.71236945056299905 -0.40922299286609815 -0.81853734679767132 -0.40315400780240562 3.3460076502852165
2 98.333333333333314 -19.374999999999996 -19.374999999999996 -0.58310100000355214 0.57445331568146496 0.57445331568146496 -0.70180464938939457 -2.7755575615628914e-17 -0.71236945056299905 -0.40922299286609815 -0.81853734679767132 0.40315400780240562 3.3460076502852165
1 115.65175627413736 -38.75 -41.13359363141327 -0.58310100000355214 0.57445331568146496 0.57445331568146496 
2 118 -38.75 -38.75 -0.58310100000355214 0.57445331568146496 0.57445331568146496 -0.70180464938939457 -2.7755575615628914e-17 -0.71236945056299905 -0.40922299286609815 -0.81853734679767132 0.40315400780240562 3.3460076502852165
2 137.66666666666663 -58.125 -58.125 0.58310100000355092 -0.57445331568146552 -0.57445331568146552 0.70180464938939557 2.7755575615628914e-17 0.71236945056299794 -0.40922299286609798 -0.81853734679767087 0.40315400780240668 3.3460076502852165
1 120.34824372586266 -38.75 -36.36640636858673 0.58310100000355092 -0.57445331568146552 -0.57445331568146552 
2 118 -38.75 -38.75 0.58310100000355092 -0.57445331568146552 -0.57445331568146552 0.70180464938939557 2.7755575615628914e-17 0.71236945056299794 -0.40922299286609798 -0.81853734679767087 0.40315400780240668 3.3460076502852165
2 137.66666666666663 -58.125 -19.375 0.58310100000355092 -0.57445331568146552 0.57445331568146552 -0.70180464938939557 -2.7755575615628914e-17 0.71236945056299794 -0.40922299286609798 -0.81853734679767087 -0.40315400780240668 2.9769762133212465
1 115.65175627413734 -38.75 -36.36640636858673 0.59074442747602696 -0.57441893309529246 0.5666250177213209 
2 118 -38.75 -38.75 0.58310100000355092 -0.57445331568146552 0.57445331568146552 -0.70180464938939557 -2.7755575615628914e-17 0.71236945056299794 -0.40922299286609798 -0.81853734679767087 -0.40315400780240668 3.3460076502852165
2 137.66666666666663 -19.375 -58.125 0.58310100000355092 0.57445331568146552 -0.57445331568146552 0.70180464938939557 -2.7755575615628914e-17 0.71236945056299794 0.40922299286609798 -0.81853734679767087 -0.40315400780240668 3.3460076502852165
1 120.34824372586266 -38.75 -36.36640636858673 0.58310100000355092 0.57445331568146552 -0.57445331568146552 
2 118 -38.75 -38.75 0.58310100000355092 0.57445331568146552 -0.57445331568146552 0.70180464938939557 -2.7755575615628914e-17 0.71236945056299794 0.40922299286609798 -0.81853734679767087 -0.40315400780240668 3.3460076502852165
2 137.66666666666663 -19.375 -19.375 0.58310100000355092 0.57445331568146552 0.57445331568146552 -0.70180464938939557 2.7755575615628914e-17 0.71236945056299794 0.40922299286609798 -0.81853734679767087 0.40315400780240668 3.3460076502852165
1 115.65175627413734 -38.75 -36.36640636858673 0.58310100000355092 0.57445331568146552 0.57445331568146552 
2 118 -38.75 -38.75 0.58310100000355092 0.57445331568146552 0.57445331568146552 -0.70180464938939557 2.7755575615628914e-17 0.71236945056299794 0.40922299286609798 -0.81853734679767087 0.40315400780240668 3.3460076502852165
2 98.333333333333314 -19.374999999999996 -19.375000000000004 -0.58310100000355214 0.57445331568146496 -0.57445331568146496 0.70180464938939457 2.7755575615628914e-17 -0.71236945056299905 -0.40922299286609815 -0.81853734679767132 -0.40315400780240562 3.3460076502852165
1 120.34824372586264 -38.75 -2.3835936314132704 -0.58310100000355214 0.57445331568146496 -0.57445331568146496 
2 118 -38.75 0 -0.58310100000355214 0.57445331568146496 -0.57445331568146496 0.70180464938939457 2.7755575615628914e-17 -0.71236945056299905 -0.40922299286609815 -0.81853734679767132 -0.40315400780240562 3.3460076502852165
2 98.333333333333314 -19.374999999999996 19.375000000000004 -0.58310100000355214 0.57445331568146496 0.57445331568146496 -0.70180464938939457 -2.7755575615628914e-17 -0.71236945056299905 -0.40922299286609815 -0.81853734679767132 0.40315400780240562 3.3460076502852165
1 115.65175627413736 -38.75 -2.3835936314132713 -0.58310100000355214 0.57445331568146496 0.57445331568146496 
2 118 -38.75 0 -0.58310100000355214 0.57445331568146496 0.57445331568146496 -0.70180464938939457 -2.7755575615628914e-17 -0.71236945056299905 -0.40922299286609815 -0.81853734679767132 0.40315400780240562 3.3460076502852165
2 137.66666666666663 -58.125 -19.375 0.58310100000355092 -0.57445331568146552 -0.57445331568146552 0.70180464938939557 2.7755575615628914e-17 0.71236945056299794 -0.40922299286609798 -0.81853734679767087 0.40315400780240668 2.9769762133212465
1 120.34824372586266 -38.75 2.3835936314132669 0.57538777218409132 -0.57441893309529257 -0.58221284846926413 
2 118 -38.75 0 0.58310100000355092 -0.57445331568146552 -0.57445331568146552 0.70180464938939557 2.7755575615628914e-17 0.71236945056299794 -0.40922299286609798 -0.81853734679767087 0.40315400780240668 3.3460076502852165
2 137.66666666666663 -58.125 19.375 0.58310100000355092 -0.57445331568146552 0.57445331568146552 -0.70180464938939557 -2.7755575615628914e-17 0.71236945056299794 -0.40922299286609798 -0.81853734679767087 -0.40315400780240668 2.9767714889138874
1 115.65175627413734 -38.75 2.3835936314132677 0.59074864787593417 -0.57441889493987519 0.56662065632026548 
2 118 -38.75 0 0.58310100000355092 -0.57445331568146552 0.57445331568146552 -0.70180464938939557 -2.7755575615628914e-17 0.71236945056299794 -0.40922299286609798 -0.81853734679767087 -0.40315400780240668 3.3460076502852165
2 137.66666666666663 -19.375 -19.375 0.58310100000355092 0.57445331568146552 -0.57445331568146552 0.70180464938939557 -2.7755575615628914e-17 0.71236945056299794 0.40922299286609798 -0.81853734679767087 -0.40315400780240668 3.3460076502852165
1 120.34824372586266 -38.75 2.3835936314132677 0.58310100000355092 0.57445331568146552 -0.57445331568146552 
2 118 -38.75 0 0.58310100000355092 0.57445331568146552 -0.57445331568146552 0.70180464938939557 -2.7755575615628914e-17 0.71236945056299794 0.40922299286609798 -0.81853734679767087 -0.40315400780240668 3.3460076502852165
2 137.66666666666663 -19.375 19.375 0.58310100000355092 0.57445331568146552 0.57445331568146552 -0.70180464938939557 2.7755575615628914e-17 0.71236945056299794 0.40922299286609798 -0.81853734679767087 0.40315400780240668 3.3460076502852165
1 115.65175627413734 -38.75 2.3835936314132669 0.58310100000355092 0.57445331568146552 0.57445331568146552 
2 118 -38.75 0 0.58310100000355092 0.57445331568146552 0.57445331568146552 -0.70180464938939557 2.7755575615628914e-17 0.71236945056299794 0.40922299286609798 -0.81853734679767087 0.40315400780240668 3.3460076502852165
2 98.333333333333314 -19.374999999999996 19.374999999999996 -0.58310100000355214 0.57445331568146496 -0.57445331568146496 0.70180464938939457 2.7755575615628914e-17 -0.71236945056299905 -0.40922299286609815 -0.81853734679767132 -0.40315400780240562 3.3460076502852165
1 120.34824372586264 -38.75 36.36640636858673 -0.58310100000355214 0.57445331568146496 -0.57445331568146496 
2 118 -38.75 38.75 -0.58310100000355214 0.57445331568146496 -0.57445331568146496 0.70180464938939457 2.7755575615628914e-17 -0.71236945056299905 -0.40922299286609815 -0.81853734679767132 -0.40315400780240562 3.3460076502852165
2 98.333333333333314 -19.374999999999993 58.125000000000007 -0.58310100000355214 0.57445331568146496 0.57445331568146496 -0.70180464938939457 -2.7755575615628914e-17 -0.71236945056299905 -0.40922299286609815 -0.81853734679767132 0.40315400780240562 2.7304896584035085
1 115.65175627413736 -38.75 36.36640636858673 -0.57019838917708654 0.57435767914416402 0.5873559852321123 
2 118 -38.75 38.75 -0.58310100000355214 0.57445331568146496 0.57445331568146496 -0.70180464938939457 -2.7755575615628914e-17 -0.71236945056299905 -0.40922299286609815 -0.81853734679767132 0.40315400780240562 3.3460076502852165
2 137.66666666666663 -58.125 19.375 0.58310100000355092 -0.57445331568146552 -0.57445331568146552 0.70180464938939557 2.7755575615628914e-17 0.71236945056299794 -0.40922299286609798 -0.81853734679767087 0.40315400780240668 2.9767714889138874
1 120.34824372586266 -38.75 41.13359363141327 0.57538347432458437 -0.57441889493987508 -0.5822171335594849 
2 118 -38.75 38.75 0.58310100000355092 -0.57445331568146552 -0.57445331568146552 0.70180464938939557 2.7755575615628914e-17 0.71236945056299794 -0.40922299286609798 -0.81853734679767087 0.40315400780240668 3.3460076502852165
2 137.66666666666663 -58.125 58.125 0.58310100000355092 -0.57445331568146552 0.57445331568146552 -0.70180464938939557 -2.7755575615628914e-17 0.71236945056299794 -0.40922299286609798 -0.81853734679767087 -0.40315400780240668 3.3460076502852165
1 115.65175627413734 -38.75 41.13359363141327 0.58310100000355092 -0.57445331568146552 0.57445331568146552 
2 118 -38.75 38.75 0.58310100000355092 -0.57445331568146552 0.57445331568146552 -0.70180464938939557 -2.7755575615628914e-17 0.71236945056299794 -0.40922299286609798 -0.81853734679767087 -0.40315400780240668 3.3460076502852165
2 137.66666666666663 -19.375 19.375 0.58310100000355092 0.57445331568146552 -0.57445331568146552 0.70180464938939557 -2.7755575615628914e-17 0.71236945056299794 0.40922299286609798 -0.81853734679767087 -0.40315400780240668 3.3460076502852165
1 120.34824372586266 -38.75 41.13359363141327 0.58310100000355092 0.57445331568146552 -0.57445331568146552 
2 118 -38.75 38.75 0.58310100000355092 0.57445331568146552 -0.57445331568146552 0.70180464938939557 -2.7755575615628914e-17 0.71236945056299794 0.40922299286609798 -0.81853734679767087 -0.40315400780240668 3.3460076502852165
2 137.66666666666663 -19.375 58.125 0.58310100000355092 0.57445331568146552 0.57445331568146552 -0.70180464938939557 2.7755575615628914e-17 0.71236945056299794 0.40922299286609798 -0.81853734679767087 0.40315400780240668 3.3460076502852165
1 115.65175627413734 -38.75 41.13359363141327 0.58310100000355092 0.57445331568146552 0.57445331568146552 
2 118 -38.75 38.75 0.58310100000355092 0.57445331568146552 0.57445331568146552 -0.70180464938939557 2.7755575615628914e-17 0.71236945056299794 0.40922299286609798 -0.81853734679767087 0.40315400780240668 3.3460076502852165
2 118 3.5527136788005009e-15 -38.75 0.58310100000355214 0.57445331568146496 0.57445331568146496 -0.70180464938939457 2.7755575615628914e-17 0.71236945056299905 0.40922299286609815 -0.81853734679767132 0.40315400780240562 3.3460076502852165
1 96.418092185315174 -19.375 -56.180927264807394 0.570167426797907 0.57435722300201297 0.58738648759064027 
2 98.333333333333314 -19.375 -58.125 0.58310100000355214 0.57445331568146496 0.57445331568146496 -0.70180464938939457 2.7755575615628914e-17 0.71236945056299905 0.40922299286609815 -0.81853734679767132 0.40315400780240562 2.7290231686046762
2 98.333333333333314 -19.375000000000004 -19.374999999999996 -0.58310100000355214 -0.57445331568146496 0.57445331568146496 -0.70180464938939457 2.7755575615628914e-17 -0.71236945056299905 0.40922299286609815 -0.81853734679767132 -0.40315400780240562 3.3460076502852165
1 115.65175627413736 7.6369079175772355e-16 -41.13359363141327 -0.58310100000355214 -0.57445331568146496 0.57445331568146496 
2 118 0 -38.75 -0.58310100000355214 -0.57445331568146496 0.57445331568146496 -0.70180464938939457 2.7755575615628914e-17 -0.71236945056299905 0.40922299286609815 -0.81853734679767132 -0.40315400780240562 3.3460076502852165
2 98.333333333333314 19.375000000000007 -58.125000000000007 -0.58310100000355214 0.57445331568146496 -0.57445331568146496 0.70180464938939457 2.7755575615628914e-17 -0.71236945056299905 -0.40922299286609815 -0.81853734679767132 -0.40315400780240562 3.1739237482808642
1 120.34824372586264 7.6369079175772512e-16 -41.13359363141327 -0.5866740769412675 0.57444583876007504 -0.57081126983999342 
2 118 0 -38.75 -0.58310100000355214 0.57445331568146496 -0.57445331568146496 0.70180464938939457 2.7755575615628914e-17 -0.71236945056299905 -0.40922299286609815 -0.81853734679767132 -0.40315400780240562 3.3460076502852165
2 98.333333333333314 19.375000000000007 -19.374999999999993 -0.58310100000355214 0.57445331568146496 0.57445331568146496 -0.70180464938939457 -2.7755575615628914e-17 -0.71236945056299905 -0.40922299286609815 -0.81853734679767132 0.40315400780240562 3.0192804689740775
1 115.65175627413736 5.7795005506179763e-16 -41.13359363141327 -0.5762754388024135 0.57442636369556976 0.58132690572910073 
2 118 0 -38.75 -0.58310100000355214 0.57445331568146496 0.57445331568146496 -0.70180464938939457 -2.7755575615628914e-17 -0.71236945056299905 -0.40922299286609815 -0.81853734679767132 0.40315400780240562 3.3460076502852165
2 137.66666666666663 -19.375 -58.125 0.58310100000355092 -0.57445331568146552 -0.57445331568146552 0.70180464938939557 2.7755575615628914e-17 0.71236945056299794 -0.40922299286609798 -0.81853734679767087 0.40315400780240668 3.3460076502852165
1 120.34824372586266 7.6369079175772828e-16 -36.36640636858673 0.58310100000355092 -0.57445331568146552 -0.57445331568146552 
2 118 0 -38.75 0.58310100000355092 -0.57445331568146552 -0.57445331568146552 0.70180464938939557 2.7755575615628914e-17 0.71236945056299794 -0.40922299286609798 -0.81853734679767087 0.40315400780240668 3.3460076502852165
2 137.66666666666663 -19.375 -19.375 0.58310100000355092 -0.57445331568146552 0.57445331568146552 -0.70180464938939557 -2.7755575615628914e-17 0.71236945056299794 -0.40922299286609798 -0.81853734679767087 -0.40315400780240668 3.3460076502852165
1 115.65175627413734 5.7795005506180236e-16 -36.36640636858673 0.58310100000355092 -0.57445331568146552 0.57445331568146552 
2 118 0 -38.75 0.58310100000355092 -0.57445331568146552 0.57445331568146552 -0.70180464938939557 -2.7755575615628914e-17 0.71236945056299794 -0.40922299286609798 -0.81853734679767087 -0.40315400780240668 3.3460076502852165
2 137.66666666666663 19.375 -58.125 0.58310100000355092 0.57445331568146552 -0.57445331568146552 0.70180464938939557 -2.7755575615628914e-17 0.71236945056299794 0.40922299286609798 -0.81853734679767087 -0.40315400780240668 3.3460076502852165
1 120.34824372586266 5.7795005506180236e-16 -36.36640636858673 0.58310100000355092 0.57445331568146552 -0.57445331568146552 
2 118 0 -38.75 0.58310100000355092 0.57445331568146552 -0.57445331568146552 0.70180464938939557 -2.7755575615628914e-17 0.71236945056299794 0.40922299286609798 -0.81853734679767087 -0.40315400780240668 3.3460076502852165
2 137.66666666666663 19.374999999999996 -19.375000000000004 0.58310100000355092 0.57445331568146552 0.57445331568146552 -0.70180464938939557 2.7755575615628914e-17 0.71236945056299794 0.40922299286609798 -0.81853734679767087 0.40315400780240668 1.9444226359171066
1 115.65175627413734 7.6369079175772828e-16 -36.36640636858673 0.61173713534204477 0.57395794801670819 0.5443803368527913 
2 118 0 -38.75 0.58310100000355092 0.57445331568146552 0.57445331568146552 -0.70180464938939557 2.7755575615628914e-17 0.71236945056299794 0.40922299286609798 -0.81853734679767087 0.40315400780240668 3.3460076502852165
2 118 3.5527136788005009e-15 3.5527136788005009e-15 0.58310100000355214 0.57445331568146496 0.57445331568146496 -0.70180464938939457 2.7755575615628914e-17 0.71236945056299905 0.40922299286609815 -0.81853734679767132 0.40315400780240562 1.673003825142608
1 95.98508960747067 -19.375 -16.99140636858673 0.61715399669170234 0.57374790156907618 0.5384554668796111 
2 98.333333333333314 -19.375 -19.375 0.58310100000355214 0.57445331568146496 0.57445331568146496 -0.70180464938939457 2.7755575615628914e-17 0.71236945056299905 0.40922299286609815 -0.81853734679767132 0.40315400780240562 3.3460076502852165
2 98.333333333333314 -19.375000000000004 19.375000000000004 -0.58310100000355214 -0.57445331568146496 0.57445331568146496 -0.70180464938939457 2.7755575615628914e-17 -0.71236945056299905 0.40922299286609815 -0.81853734679767132 -0.40315400780240562 3.346007650285217
1 116.82587813706867 3.8184539587886098e-16 -1.1917968157066352 -0.61715399669170234 -0.57374790156907618 0.5384554668796111 
2 118 0 0 -0.58310100000355214 -0.57445331568146496 0.57445331568146496 -0.70180464938939457 2.7755575615628914e-17 -0.71236945056299905 0.40922299286609815 -0.81853734679767132 -0.40315400780240562 1.6730038251426083
2 118 3.5527136788005009e-15 38.75 0.58310100000355214 0.57445331568146496 0.57445331568146496 -0.70180464938939457 2.7755575615628914e-17 0.71236945056299905 0.40922299286609815 -0.81853734679767132 0.40315400780240562 3.3460076502852165
1 95.98508960747067 -19.375 21.75859363141327 0.58310100000355214 0.57445331568146496 0.57445331568146496 
2 98.333333333333314 -19.375 19.375 0.58310100000355214 0.57445331568146496 0.57445331568146496 -0.70180464938939457 2.7755575615628914e-17 0.71236945056299905 0.40922299286609815 -0.81853734679767132 0.40315400780240562 3.3460076502852165
2 98.333333333333314 -19.375000000000007 58.125000000000007 -0.58310100000355214 -0.57445331568146496 0.57445331568146496 -0.70180464938939457 2.7755575615628914e-17 -0.71236945056299905 0.40922299286609815 -0.81853734679767132 -0.40315400780240562 2.7304896584035085
1 115.65175627413736 7.6369079175772512e-16 36.36640636858673 -0.57019838917708654 -0.57435767914416402 0.5873559852321123 
2 118 0 38.75 -0.58310100000355214 -0.57445331568146496 0.57445331568146496 -0.70180464938939457 2.7755575615628914e-17 -0.71236945056299905 0.40922299286609815 -0.81853734679767132 -0.40315400780240562 3.3460076502852165
2 98.333333333333314 19.375000000000004 19.374999999999996 -0.58310100000355214 0.57445331568146496 -0.57445331568146496 0.70180464938939457 2.7755575615628914e-17 -0.71236945056299905 -0.40922299286609815 -0.81853734679767132 -0.40315400780240562 3.0066134076011086
1 120.34824372586264 7.6369079175772512e-16 36.36640636858673 -0.5901332205373172 0.57442423351443328 -0.56725618724665317 
2 118 0 38.75 -0.58310100000355214 0.57445331568146496 -0.57445331568146496 0.70180464938939457 2.7755575615628914e-17 -0.71236945056299905 -0.40922299286609815 -0.81853734679767132 -0.40315400780240562 3.3460076502852165
2 98.333333333333314 19.375000000000004 58.125 -0.58310100000355214 0.57445331568146496 0.57445331568146496 -0.70180464938939457 -2.7755575615628914e-17 -0.71236945056299905 -0.40922299286609815 -0.81853734679767132 0.40315400780240562 3.1763608308751499
1 115.65175627413736 5.7795005506179921e-16 36.36640636858673 -0.57956366628987155 0.57444604903542063 0.57802914586051601 
2 118 0 38.75 -0.58310100000355214 0.57445331568146496 0.57445331568146496 -0.70180464938939457 -2.7755575615628914e-17 -0.71236945056299905 -0.40922299286609815 -0.81853734679767132 0.40315400780240562 3.3460076502852165
2 137.66666666666663 -19.375 19.375 0.58310100000355092 -0.57445331568146552 -0.57445331568146552 0.70180464938939557 2.7755575615628914e-17 0.71236945056299794 -0.40922299286609798 -0.81853734679767087 0.40315400780240668 3.3460076502852165
1 120.34824372586266 7.6369079175772512e-16 41.13359363141327 0.58310100000355092 -0.57445331568146552 -0.57445331568146552 
2 118 0 38.75 0.58310100000355092 -0.57445331568146552 -0.57445331568146552 0.70180464938939557 2.7755575615628914e-17 0.71236945056299794 -0.40922299286609798 -0.81853734679767087 0.40315400780240668 3.3460076502852165
2 137.66666666666663 -19.375 58.125 0.58310100000355092 -0.57445331568146552 0.57445331568146552 -0.70180464938939557 -2.7755575615628914e-17 0.71236945056299794 -0.40922299286609798 -0.81853734679767087 -0.40315400780240668 3.3460076502852165
1 115.65175627413734 5.7795005506179921e-16 41.13359363141327 0.58310100000355092 -0.57445331568146552 0.57445331568146552 
2 118 0 38.75 0.58310100000355092 -0.57445331568146552 0.57445331568146552 -0.70180464938939557 -2.7755575615628914e-17 0.71236945056299794 -0.40922299286609798 -0.81853734679767087 -0.40315400780240668 3.3460076502852165
2 137.66666666666663 19.375 19.375 0.58310100000355092 0.57445331568146552 -0.57445331568146552 0.70180464938939557 -2.7755575615628914e-17 0.71236945056299794 0.40922299286609798 -0.81853734679767087 -0.40315400780240668 1.928820840744113
1 120.34824372586266 5.7795005506179921e-16 41.13359363141327 0.5531241803092346 0.57394687288937651 -0.60385315123607919 
2 118 0 38.75 0.58310100000355092 0.57445331568146552 -0.57445331568146552 0.70180464938939557 -2.7755575615628914e-17 0.71236945056299794 0.40922299286609798 -0.81853734679767087 -0.40315400780240668 3.3460076502852165
2 137.66666666666663 19.375 58.125 0.58310100000355092 0.57445331568146552 0.57445331568146552 -0.70180464938939557 2.7755575615628914e-17 0.71236945056299794 0.40922299286609798 -0.81853734679767087 0.40315400780240668 3.3460076502852165
1 115.65175627413734 7.6369079175772512e-16 41.13359363141327 0.58310100000355092 0.57445331568146552 0.57445331568146552 
2 118 0 38.75 0.58310100000355092 0.57445331568146552 0.57445331568146552 -0.70180464938939557 2.7755575615628914e-17 0.71236945056299794 0.40922299286609798 -0.81853734679767087 0.40315400780240668 3.3460076502852165
2 118 38.750000000000007 -38.749999999999993 0.58310100000355214 0.57445331568146496 0.57445331568146496 -0.70180464938939457 2.7755575615628914e-17 0.71236945056299905 0.40922299286609815 -0.81853734679767132 0.40315400780240562 3.3460076502852165
1 96.105858889982386 19.375 -55.863993683308308 0.57951274411144549 0.57444583876007516 0.57808040768015667 
2 98.333333333333314 19.375 -58.125 0.58310100000355214 0.57445331568146496 0.57445331568146496 -0.70180464938939457 2.7755575615628914e-17 0.71236945056299905 0.40922299286609815 -0.81853734679767132 0.40315400780240562 3.1739237482808642
2 98.333333333333314 19.374999999999993 -19.374999999999993 -0.58310100000355214 -0.57445331568146496 0.57445331568146496 -0.70180464938939457 2.7755575615628914e-17 -0.71236945056299905 0.40922299286609815 -0.81853734679767132 -0.40315400780240562 3.0192804689740775
1 115.65175627413736 38.75 -41.13359363141327 -0.5762754388024135 -0.57442636369556976 0.58132690572910073 
2 118 38.75 -38.75 -0.58310100000355214 -0.57445331568146496 0.57445331568146496 -0.70180464938939457 2.7755575615628914e-17 -0.71236945056299905 0.40922299286609815 -0.81853734679767132 -0.40315400780240562 3.3460076502852165
2 98.333333333333314 58.125 -58.125 -0.58310100000355214 0.57445331568146496 -0.57445331568146496 0.70180464938939457 2.7755575615628914e-17 -0.71236945056299905 -0.40922299286609815 -0.81853734679767132 -0.40315400780240562 1.673003825142608
1 120.34824372586264 38.75 -41.13359363141327 -0.61715399669170234 0.57374790156907618 -0.5384554668796111 
2 118 38.75 -38.75 -0.58310100000355214 0.57445331568146496 -0.57445331568146496 0.70180464938939457 2.7755575615628914e-17 -0.71236945056299905 -0.40922299286609815 -0.81853734679767132 -0.40315400780240562 3.3460076502852165
2 98.333333333333314 58.125 -19.374999999999996 -0.58310100000355214 0.57445331568146496 0.57445331568146496 -0.70180464938939457 -2.7755575615628914e-17 -0.71236945056299905 -0.40922299286609815 -0.81853734679767132 0.40315400780240562 2.4961264269509011
1 115.65175627413736 38.75 -41.13359363141327 -0.56523729355831398 0.57427102665967333 0.59221583051292825 
2 118 38.75 -38.75 -0.58310100000355214 0.57445331568146496 0.57445331568146496 -0.70180464938939457 -2.7755575615628914e-17 -0.71236945056299905 -0.40922299286609815 -0.81853734679767132 0.40315400780240562 3.3460076502852165
2 137.66666666666663 19.375 -58.125 0.58310100000355092 -0.57445331568146552 -0.57445331568146552 0.70180464938939557 2.7755575615628914e-17 0.71236945056299794 -0.40922299286609798 -0.81853734679767087 0.40315400780240668 3.3460076502852165
1 120.34824372586266 38.75 -36.36640636858673 0.58310100000355092 -0.57445331568146552 -0.57445331568146552 
2 118 38.75 -38.75 0.58310100000355092 -0.57445331568146552 -0.57445331568146552 0.70180464938939557 2.7755575615628914e-17 0.71236945056299794 -0.40922299286609798 -0.81853734679767087 0.40315400780240668 3.3460076502852165
2 137.66666666666663 19.375000000000004 -19.375000000000004 0.58310100000355092 -0.57445331568146552 0.57445331568146552 -0.70180464938939557 -2.7755575615628914e-17 0.71236945056299794 -0.40922299286609798 -0.81853734679767087 -0.40315400780240668 1.9444226359171066
1 115.65175627413734 38.75 -36.36640636858673 0.61173713534204477 -0.57395794801670819 0.5443803368527913 
2 118 38.75 -38.75 0.58310100000355092 -0.57445331568146552 0.57445331568146552 -0.70180464938939557 -2.7755575615628914e-17 0.71236945056299794 -0.40922299286609798 -0.81853734679767087 -0.40315400780240668 3.3460076502852165
2 137.66666666666663 58.125 -58.125 0.58310100000355092 0.57445331568146552 -0.57445331568146552 0.70180464938939557 -2.7755575615628914e-17 0.71236945056299794 0.40922299286609798 -0.81853734679767087 -0.40315400780240668 3.3460076502852165
1 120.34824372586266 38.75 -36.36640636858673 0.58310100000355092 0.57445331568146552 -0.57445331568146552 
2 118 38.75 -38.75 0.58310100000355092 0.57445331568146552 -0.57445331568146552 0.70180464938939557 -2.7755575615628914e-17 0.71236945056299794 0.40922299286609798 -0.81853734679767087 -0.40315400780240668 3.3460076502852165
2 137.66666666666663 58.125 -19.375 0.58310100000355092 0.57445331568146552 0.57445331568146552 -0.70180464938939557 2.7755575615628914e-17 0.71236945056299794 0.40922299286609798 -0.81853734679767087 0.40315400780240668 3.3460076502852165
1 115.65175627413734 38.75 -36.36640636858673 0.58310100000355092 0.57445331568146552 0.57445331568146552 
2 118 38.75 -38.75 0.58310100000355092 0.57445331568146552 0.57445331568146552 -0.70180464938939557 2.7755575615628914e-17 0.71236945056299794 0.40922299286609798 -0.81853734679767087 0.40315400780240668 3.3460076502852165
2 118 38.750000000000007 7.1054273576010019e-15 0.58310100000355214 0.57445331568146496 0.57445331568146496 -0.70180464938939457 2.7755575615628914e-17 0.71236945056299905 0.40922299286609815 -0.81853734679767132 0.40315400780240562 3.3460076502852165
1 96.21438826239671 19.375 -17.224156831221343 0.5762754388024135 0.57442636369556976 0.58132690572910073 
2 98.333333333333314 19.375 -19.375 0.58310100000355214 0.57445331568146496 0.57445331568146496 -0.70180464938939457 2.7755575615628914e-17 0.71236945056299905 0.40922299286609815 -0.81853734679767132 0.40315400780240562 3.0192804689740775
2 98.333333333333314 19.374999999999996 19.375000000000004 -0.58310100000355214 -0.57445331568146496 0.57445331568146496 -0.70180464938939457 2.7755575615628914e-17 -0.71236945056299905 0.40922299286609815 -0.81853734679767132 -0.40315400780240562 3.0066134076011086
1 115.65175627413736 38.75 -2.3835936314132704 -0.57600973954359802 -0.57442423351443328 0.58159227978221328 
2 118 38.75 0 -0.58310100000355214 -0.57445331568146496 0.57445331568146496 -0.70180464938939457 2.7755575615628914e-17 -0.71236945056299905 0.40922299286609815 -0.81853734679767132 -0.40315400780240562 3.3460076502852165
2 98.333333333333314 58.125 -19.375000000000004 -0.58310100000355214 0.57445331568146496 -0.57445331568146496 0.70180464938939457 2.7755575615628914e-17 -0.71236945056299905 -0.40922299286609815 -0.81853734679767132 -0.40315400780240562 2.4961264269509011
1 120.34824372586264 38.75 -2.3835936314132704 -0.6005946401335831 0.57427102665967333 -0.55632622280641841 
2 118 38.75 0 -0.58310100000355214 0.57445331568146496 -0.57445331568146496 0.70180464938939457 2.7755575615628914e-17 -0.71236945056299905 -0.40922299286609815 -0.81853734679767132 -0.40315400780240562 3.3460076502852165
2 98.333333333333314 58.125 19.375000000000004 -0.58310100000355214 0.57445331568146496 0.57445331568146496 -0.70180464938939457 -2.7755575615628914e-17 -0.71236945056299905 -0.40922299286609815 -0.81853734679767132 0.40315400780240562 2.4970548832672614
1 115.65175627413736 38.75 -2.3835936314132713 -0.5652569983319552 0.57427142453789404 0.59219663693402214 
2 118 38.75 0 -0.58310100000355214 0.57445331568146496 0.57445331568146496 -0.70180464938939457 -2.7755575615628914e-17 -0.71236945056299905 -0.40922299286609815 -0.81853734679767132 0.40315400780240562 3.3460076502852165
2 137.66666666666663 19.375000000000004 -19.374999999999996 0.58310100000355092 -0.57445331568146552 -0.57445331568146552 0.70180464938939557 2.7755575615628914e-17 0.71236945056299794 -0.40922299286609798 -0.81853734679767087 0.40315400780240668 1.9444226359171066
1 120.34824372586266 38.75 2.3835936314132669 0.55345921504025941 -0.5739579480167083 -0.60353555918062507 
2 118 38.75 0 0.58310100000355092 -0.57445331568146552 -0.57445331568146552 0.70180464938939557 2.7755575615628914e-17 0.71236945056299794 -0.40922299286609798 -0.81853734679767087 0.40315400780240668 3.3460076502852165
2 137.66666666666663 19.375 19.375 0.58310100000355092 -0.57445331568146552 0.57445331568146552 -0.70180464938939557 -2.7755575615628914e-17 0.71236945056299794 -0.40922299286609798 -0.81853734679767087 -0.40315400780240668 1.928820840744113
1 115.65175627413734 38.75 2.3835936314132677 0.61204968637371249 -0.57394687288937662 0.54404059454267406 
2 118 38.75 0 0.58310100000355092 -0.57445331568146552 0.57445331568146552 -0.70180464938939557 -2.7755575615628914e-17 0.71236945056299794 -0.40922299286609798 -0.81853734679767087 -0.40315400780240668 3.3460076502852165
2 137.66666666666663 58.125 -19.375 0.58310100000355092 0.57445331568146552 -0.57445331568146552 0.70180464938939557 -2.7755575615628914e-17 0.71236945056299794 0.40922299286609798 -0.81853734679767087 -0.40315400780240668 3.3460076502852165
1 120.34824372586266 38.75 2.3835936314132677 0.58310100000355092 0.57445331568146552 -0.57445331568146552 
2 118 38.75 0 0.58310100000355092 0.57445331568146552 -0.57445331568146552 0.70180464938939557 -2.7755575615628914e-17 0.71236945056299794 0.40922299286609798 -0.81853734679767087 -0.40315400780240668 3.3460076502852165
2 137.66666666666663 58.125 19.375 0.58310100000355092 0.57445331568146552 0.57445331568146552 -0.70180464938939557 2.7755575615628914e-17 0.71236945056299794 0.40922299286609798 -0.81853734679767087 0.40315400780240668 3.3460076502852165
1 115.65175627413734 38.75 2.3835936314132669 0.58310100000355092 0.57445331568146552 0.57445331568146552 
2 118 38.75 0 0.58310100000355092 0.57445331568146552 0.57445331568146552 -0.70180464938939557 2.7755575615628914e-17 0.71236945056299794 0.40922299286609798 -0.81853734679767087 0.40315400780240668 3.3460076502852165
2 118 38.75 38.75 0.58310100000355214 0.57445331568146496 0.57445331568146496 -0.70180464938939457 2.7755575615628914e-17 0.71236945056299905 0.40922299286609815 -0.81853734679767132 0.40315400780240562 3.3460076502852165
1 96.223278064962372 19.375 21.516819541228148 0.57600973954359802 0.57442423351443328 0.58159227978221328 
2 98.333333333333314 19.375 19.375 0.58310100000355214 0.57445331568146496 0.57445331568146496 -0.70180464938939457 2.7755575615628914e-17 0.71236945056299905 0.40922299286609815 -0.81853734679767132 0.40315400780240562 3.0066134076011086
2 98.333333333333314 19.374999999999996 58.125 -0.58310100000355214 -0.57445331568146496 0.57445331568146496 -0.70180464938939457 2.7755575615628914e-17 -0.71236945056299905 0.40922299286609815 -0.81853734679767132 -0.40315400780240562 3.1763608308751499
1 115.65175627413736 38.75 36.36640636858673 -0.57956366628987155 -0.57444604903542063 0.57802914586051601 
2 118 38.75 38.75 -0.58310100000355214 -0.57445331568146496 0.57445331568146496 -0.70180464938939457 2.7755575615628914e-17 -0.71236945056299905 0.40922299286609815 -0.81853734679767132 -0.40315400780240562 3.3460076502852165
2 98.333333333333314 58.125 19.374999999999996 -0.58310100000355214 0.57445331568146496 -0.57445331568146496 0.70180464938939457 2.7755575615628914e-17 -0.71236945056299905 -0.40922299286609815 -0.81853734679767132 -0.40315400780240562 2.4970548832672614
1 120.34824372586264 38.75 36.36640636858673 -0.60057574309551265 0.57427142453789404 -0.55634621214176583 
2 118 38.75 38.75 -0.58310100000355214 0.57445331568146496 -0.57445331568146496 0.70180464938939457 2.7755575615628914e-17 -0.71236945056299905 -0.40922299286609815 -0.81853734679767132 -0.40315400780240562 3.3460076502852165
2 98.333333333333314 58.125 58.125 -0.58310100000355214 0.57445331568146496 0.57445331568146496 -0.70180464938939457 -2.7755575615628914e-17 -0.71236945056299905 -0.40922299286609815 -0.81853734679767132 0.40315400780240562 1.673003825142608
1 115.65175627413736 38.75 36.36640636858673 -0.54761593681627307 0.57374790156907618 0.60904033625854159 
2 118 38.75 38.75 -0.58310100000355214 0.57445331568146496 0.57445331568146496 -0.70180464938939457 -2.7755575615628914e-17 -0.71236945056299905 -0.40922299286609815 -0.81853734679767132 0.40315400780240562 3.3460076502852165
2 137.66666666666663 19.375 19.375 0.58310100000355092 -0.57445331568146552 -0.57445331568146552 0.70180464938939557 2.7755575615628914e-17 0.71236945056299794 -0.40922299286609798 -0.81853734679767087 0.40315400780240668 1.928820840744113
1 120.34824372586266 38.75 41.13359363141327 0.5531241803092346 -0.57394687288937651 -0.60385315123607919 
2 118 38.75 38.75 0.58310100000355092 -0.57445331568146552 -0.57445331568146552 0.70180464938939557 2.7755575615628914e-17 0.71236945056299794 -0.40922299286609798 -0.81853734679767087 0.40315400780240668 3.3460076502852165
2 137.66666666666663 19.375 58.125 0.58310100000355092 -0.57445331568146552 0.57445331568146552 -0.70180464938939557 -2.7755575615628914e-17 0.71236945056299794 -0.40922299286609798 -0.81853734679767087 -0.40315400780240668 3.3460076502852165
1 115.65175627413734 38.75 41.13359363141327 0.58310100000355092 -0.57445331568146552 0.57445331568146552 
2 118 38.75 38.75 0.58310100000355092 -0.57445331568146552 0.57445331568146552 -0.70180464938939557 -2.7755575615628914e-17 0.71236945056299794 -0.40922299286609798 -0.81853734679767087 -0.40315400780240668 3.3460076502852165
2 137.66666666666663 58.125 19.375 0.58310100000355092 0.57445331568146552 -0.57445331568146552 0.70180464938939557 -2.7755575615628914e-17 0.71236945056299794 0.40922299286609798 -0.81853734679767087 -0.40315400780240668 3.3460076502852165
1 120.34824372586266 38.75 41.13359363141327 0.58310100000355092 0.57445331568146552 -0.57445331568146552 
2 118 38.75 38.75 0.58310100000355092 0.57445331568146552 -0.57445331568146552 0.70180464938939557 -2.7755575615628914e-17 0.71236945056299794 0.40922299286609798 -0.81853734679767087 -0.40315400780240668 3.3460076502852165
2 137.66666666666663 58.125 58.125 0.58310100000355092 0.57445331568146552 0.57445331568146552 -0.70180464938939557 2.7755575615628914e-17 0.71236945056299794 0.40922299286609798 -0.81853734679767087 0.40315400780240668 3.3460076502852165
1 115.65175627413734 38.75 41.13359363141327 0.58310100000355092 0.57445331568146552 0.57445331568146552 
2 118 38.75 38.75 0.58310100000355092 0.57445331568146552 0.57445331568146552 -0.70180464938939557 2.7755575615628914e-17 0.71236945056299794 0.40922299286609798 -0.81853734679767087 0.40315400780240668 3.3460076502852165
2 157.33333333333331 -77.5 -77.5 0.58310100000355214 -0.57445331568146496 -0.57445331568146496 0.70180464938939457 2.7755575615628914e-17 0.71236945056299905 -0.40922299286609815 -0.81853734679767132 0.40315400780240562 3.3460076502852165
1 140.01491039252929 -58.125 -55.74140636858673 0.58310100000355214 -0.57445331568146496 -0.57445331568146496 
2 137.66666666666663 -58.125 -58.125 0.58310100000355214 -0.57445331568146496 -0.57445331568146496 0.70180464938939457 2.7755575615628914e-17 0.71236945056299905 -0.40922299286609815 -0.81853734679767132 0.40315400780240562 3.3460076502852165
2 157.33333333333331 -77.5 -38.75 0.58310100000355214 -0.57445331568146496 0.57445331568146496 -0.70180464938939457 -2.7755575615628914e-17 0.71236945056299905 -0.40922299286609815 -0.81853734679767132 -0.40315400780240562 3.3460076502852165
1 135.31842294080397 -58.125 -55.74140636858673 0.58310100000355214 -0.57445331568146496 0.57445331568146496 
2 137.66666666666663 -58.125 -58.125 0.58310100000355214 -0.57445331568146496 0.57445331568146496 -0.70180464938939457 -2.7755575615628914e-17 0.71236945056299905 -0.40922299286609815 -0.81853734679767132 -0.40315400780240562 3.3460076502852165
2 157.33333333333331 -38.75 -77.5 0.58310100000355214 0.57445331568146496 -0.57445331568146496 0.70180464938939457 -2.7755575615628914e-17 0.71236945056299905 0.40922299286609815 -0.81853734679767132 -0.40315400780240562 3.3460076502852165
1 140.01491039252929 -58.125 -55.74140636858673 0.58310100000355214 0.57445331568146496 -0.57445331568146496 
2 137.66666666666663 -58.125 -58.125 0.58310100000355214 0.57445331568146496 -0.57445331568146496 0.70180464938939457 -2.7755575615628914e-17 0.71236945056299905 0.40922299286609815 -0.81853734679767132 -0.40315400780240562 3.3460076502852165
2 157.33333333333331 -38.75 -38.75 0.58310100000355214 0.57445331568146496 0.57445331568146496 -0.70180464938939457 2.7755575615628914e-17 0.71236945056299905 0.40922299286609815 -0.81853734679767132 0.40315400780240562 3.3460076502852165
1 135.31842294080397 -58.125 -55.74140636858673 0.58310100000355214 0.57445331568146496 0.57445331568146496 
2 137.66666666666663 -58.125 -58.125 0.58310100000355214 0.57445331568146496 0.57445331568146496 -0.70180464938939457 2.7755575615628914e-17 0.71236945056299905 0.40922299286609815 -0.81853734679767132 0.40315400780240562 3.3460076502852165
2 137.66666666666663 -58.125 -19.374999999999996 -0.58310100000355214 0.57445331568146496 0.57445331568146496 -0.70180464938939457 -2.7755575615628914e-17 -0.71236945056299905 -0.40922299286609815 -0.81853734679767132 0.40315400780240562 2.9769762133212465
1 154.98508960747066 -77.5 -41.13359363141327 -0.57538777218409243 0.57441893309529191 0.58221284846926347 
2 157.33333333333331 -77.5 -38.75 -0.58310100000355214 0.57445331568146496 0.57445331568146496 -0.70180464938939457 -2.7755575615628914e-17 -0.71236945056299905 -0.40922299286609815 -0.81853734679767132 0.40315400780240562 3.3460076502852165
2 137.66666666666663 -19.374999999999996 -58.125 -0.58310100000355214 0.57445331568146496 0.57445331568146496 -0.70180464938939457 -2.7755575615628914e-17 -0.71236945056299905 -0.40922299286609815 -0.81853734679767132 0.40315400780240562 3.3460076502852165
1 154.98508960747066 -38.75 -79.883593631413277 -0.58310100000355214 0.57445331568146496 0.57445331568146496 
2 157.33333333333331 -38.75 -77.5 -0.58310100000355214 0.57445331568146496 0.57445331568146496 -0.70180464938939457 -2.7755575615628914e-17 -0.71236945056299905 -0.40922299286609815 -0.81853734679767132 0.40315400780240562 3.3460076502852165
2 137.66666666666663 -58.125 -19.374999999999996 -0.58310100000355214 -0.57445331568146496 0.57445331568146496 -0.70180464938939457 2.7755575615628914e-17 -0.71236945056299905 0.40922299286609815 -0.81853734679767132 -0.40315400780240562 2.9769762133212465
1 154.98508960747066 -38.75 -41.13359363141327 -0.57538777218409243 -0.57441893309529191 0.58221284846926347 
2 157.33333333333331 -38.75 -38.75 -0.58310100000355214 -0.57445331568146496 0.57445331568146496 -0.70180464938939457 2.7755575615628914e-17 -0.71236945056299905 0.40922299286609815 -0.81853734679767132 -0.40315400780240562 3.3460076502852165
2 137.66666666666663 -19.374999999999996 -58.125 -0.58310100000355214 0.57445331568146496 -0.57445331568146496 0.70180464938939457 2.7755575615628914e-17 -0.71236945056299905 -0.40922299286609815 -0.81853734679767132 -0.40315400780240562 3.3460076502852165
1 159.68157705919597 -38.75 -41.13359363141327 -0.58310100000355214 0.57445331568146496 -0.57445331568146496 
2 157.33333333333331 -38.75 -38.75 -0.58310100000355214 0.57445331568146496 -0.57445331568146496 0.70180464938939457 2.7755575615628914e-17 -0.71236945056299905 -0.40922299286609815 -0.81853734679767132 -0.40315400780240562 3.3460076502852165
2 137.66666666666663 -19.374999999999996 -19.374999999999996 -0.58310100000355214 0.57445331568146496 0.57445331568146496 -0.70180464938939457 -2.7755575615628914e-17 -0.71236945056299905 -0.40922299286609815 -0.81853734679767132 0.40315400780240562 3.3460076502852165
1 154.98508960747066 -38.75 -41.13359363141327 -0.58310100000355214 0.57445331568146496 0.57445331568146496 
2 157.33333333333331 -38.75 -38.75 -0.58310100000355214 0.57445331568146496 0.57445331568146496 -0.70180464938939457 -2.7755575615628914e-17 -0.71236945056299905 -0.40922299286609815 -0.81853734679767132 0.40315400780240562 3.3460076502852165
2 157.33333333333331 -77.5 3.5527136788005009e-15 0.58310100000355214 -0.57445331568146496 0.57445331568146496 -0.70180464938939457 -2.7755575615628914e-17 0.71236945056299905 -0.40922299286609815 -0.81853734679767132 -0.40315400780240562 3.3460076502852165
1 135.57741091903614 -58.125 -17.254293090577228 0.57538777218409243 -0.57441893309529191 0.58221284846926347 
2 137.66666666666663 -58.125 -19.375 0.58310100000355214 -0.57445331568146496 0.57445331568146496 -0.70180464938939457 -2.7755575615628914e-17 0.71236945056299905 -0.40922299286609815 -0.81853734679767132 -0.40315400780240562 2.9769762133212465
2 157.33333333333331 -38.75 3.5527136788005009e-15 0.58310100000355214 0.57445331568146496 0.57445331568146496 -0.70180464938939457 2.7755575615628914e-17 0.71236945056299905 0.40922299286609815 -0.81853734679767132 0.40315400780240562 3.3460076502852165
1 135.57741091903614 -58.125 -17.254293090577228 0.57538777218409243 0.57441893309529191 0.58221284846926347 
2 137.66666666666663 -58.125 -19.375 0.58310100000355214 0.57445331568146496 0.57445331568146496 -0.70180464938939457 2.7755575615628914e-17 0.71236945056299905 0.40922299286609815 -0.81853734679767132 0.40315400780240562 2.9769762133212465
2 137.66666666666663 -58.124999999999993 19.375000000000007 -0.58310100000355214 0.57445331568146496 0.57445331568146496 -0.70180464938939457 -2.7755575615628914e-17 -0.71236945056299905 -0.40922299286609815 -0.81853734679767132 0.40315400780240562 2.9767714889138874
1 154.98508960747066 -77.5 -2.3835936314132713 -0.57538347432458559 0.57441889493987452 0.58221713355948435 
2 157.33333333333331 -77.5 0 -0.58310100000355214 0.57445331568146496 0.57445331568146496 -0.70180464938939457 -2.7755575615628914e-17 -0.71236945056299905 -0.40922299286609815 -0.81853734679767132 0.40315400780240562 3.3460076502852165
2 137.66666666666663 -58.125000000000007 19.375000000000007 -0.58310100000355214 -0.57445331568146496 0.57445331568146496 -0.70180464938939457 2.7755575615628914e-17 -0.71236945056299905 0.40922299286609815 -0.81853734679767132 -0.40315400780240562 2.9767714889138874
1 154.98508960747066 -38.75 -2.3835936314132709 -0.57538347432458559 -0.57441889493987452 0.58221713355948435 
2 157.33333333333331 -38.75 0 -0.58310100000355214 -0.57445331568146496 0.57445331568146496 -0.70180464938939457 2.7755575615628914e-17 -0.71236945056299905 0.40922299286609815 -0.81853734679767132 -0.40315400780240562 3.3460076502852165
2 137.66666666666663 -19.374999999999996 -19.375000000000004 -0.58310100000355214 0.57445331568146496 -0.57445331568146496 0.70180464938939457 2.7755575615628914e-17 -0.71236945056299905 -0.40922299286609815 -0.81853734679767132 -0.40315400780240562 3.3460076502852165
1 159.68157705919597 -38.75 -2.3835936314132704 -0.58310100000355214 0.57445331568146496 -0.57445331568146496 
2 157.33333333333331 -38.75 0 -0.58310100000355214 0.57445331568146496 -0.57445331568146496 0.70180464938939457 2.7755575615628914e-17 -0.71236945056299905 -0.40922299286609815 -0.81853734679767132 -0.40315400780240562 3.3460076502852165
2 137.66666666666663 -19.374999999999996 19.375000000000004 -0.58310100000355214 0.57445331568146496 0.57445331568146496 -0.70180464938939457 -2.7755575615628914e-17 -0.71236945056299905 -0.40922299286609815 -0.81853734679767132 0.40315400780240562 3.3460076502852165
1 154.98508960747066 -38.75 -2.3835936314132709 -0.58310100000355214 0.57445331568146496 0.57445331568146496 
2 157.33333333333331 -38.75 0 -0.58310100000355214 0.57445331568146496 0.57445331568146496 -0.70180464938939457 -2.7755575615628914e-17 -0.71236945056299905 -0.40922299286609815 -0.81853734679767132 0.40315400780240562 3.3460076502852165
2 157.33333333333331 -77.5 38.750000000000007 0.58310100000355214 -0.57445331568146496 0.57445331568146496 -0.70180464938939457 -2.7755575615628914e-17 0.71236945056299905 -0.40922299286609815 -0.81853734679767132 -0.40315400780240562 3.3460076502852165
1 135.57755459557708 -58.125 21.495561070009188 0.57538347432458559 -0.57441889493987452 0.58221713355948435 
2 137.66666666666663 -58.125 19.375 0.58310100000355214 -0.57445331568146496 0.57445331568146496 -0.70180464938939457 -2.7755575615628914e-17 0.71236945056299905 -0.40922299286609815 -0.81853734679767132 -0.40315400780240562 2.9767714889138874
2 157.33333333333331 -38.749999999999993 38.750000000000007 0.58310100000355214 0.57445331568146496 0.57445331568146496 -0.70180464938939457 2.7755575615628914e-17 0.71236945056299905 0.40922299286609815 -0.81853734679767132 0.40315400780240562 3.3460076502852165
1 135.57755459557708 -58.125 21.495561070009188 0.57538347432458559 0.57441889493987452 0.58221713355948435 
2 137.66666666666663 -58.125 19.375 0.58310100000355214 0.57445331568146496 0.57445331568146496 -0.70180464938939457 2.7755575615628914e-17 0.71236945056299905 0.40922299286609815 -0.81853734679767132 0.40315400780240562 2.9767714889138874
2 137.66666666666663 -58.125 58.125 -0.58310100000355214 0.57445331568146496 0.57445331568146496 -0.70180464938939457 -2.7755575615628914e-17 -0.71236945056299905 -0.40922299286609815 -0.81853734679767132 0.40315400780240562 3.3460076502852165
1 154.98508960747066 -77.5 36.36640636858673 -0.58310100000355214 0.57445331568146496 0.57445331568146496 
2 157.33333333333331 -77.5 38.75 -0.58310100000355214 0.57445331568146496 0.57445331568146496 -0.70180464938939457 -2.7755575615628914e-17 -0.71236945056299905 -0.40922299286609815 -0.81853734679767132 0.40315400780240562 3.3460076502852165
2 137.66666666666663 -58.125 58.125 -0.58310100000355214 -0.57445331568146496 0.57445331568146496 -0.70180464938939457 2.7755575615628914e-17 -0.71236945056299905 0.40922299286609815 -0.81853734679767132 -0.40315400780240562 3.3460076502852165
1 154.98508960747066 -38.75 36.36640636858673 -0.58310100000355214 -0.57445331568146496 0.57445331568146496 
2 157.33333333333331 -38.75 38.75 -0.58310100000355214 -0.57445331568146496 0.57445331568146496 -0.70180464938939457 2.7755575615628914e-17 -0.71236945056299905 0.40922299286609815 -0.81853734679767132 -0.40315400780240562 3.3460076502852165
2 137.66666666666663 -19.374999999999996 19.374999999999996 -0.58310100000355214 0.57445331568146496 -0.57445331568146496 0.70180464938939457 2.7755575615628914e-17 -0.71236945056299905 -0.40922299286609815 -0.81853734679767132 -0.40315400780240562 3.3460076502852165
1 159.68157705919597 -38.75 36.36640636858673 -0.58310100000355214 0.57445331568146496 -0.57445331568146496 
2 157.33333333333331 -38.75 38.75 -0.58310100000355214 0.57445331568146496 -0.57445331568146496 0.70180464938939457 2.7755575615628914e-17 -0.71236945056299905 -0.40922299286609815 -0.81853734679767132 -0.40315400780240562 3.3460076502852165
2 137.66666666666663 -19.374999999999996 58.125 -0.58310100000355214 0.57445331568146496 0.57445331568146496 -0.70180464938939457 -2.7755575615628914e-17 -0.71236945056299905 -0.40922299286609815 -0.81853734679767132 0.40315400780240562 3.3460076502852165
1 154.98508960747066 -38.75 36.36640636858673 -0.58310100000355214 0.57445331568146496 0.57445331568146496 
2 157.33333333333331 -38.75 38.75 -0.58310100000355214 0.57445331568146496 0.57445331568146496 -0.70180464938939457 -2.7755575615628914e-17 -0.71236945056299905 -0.40922299286609815 -0.81853734679767132 0.40315400780240562 3.3460076502852165
2 157.33333333333331 -77.5 77.5 0.58310100000355214 -0.57445331568146496 0.57445331568146496 -0.70180464938939457 -2.7755575615628914e-17 0.71236945056299905 -0.40922299286609815 -0.81853734679767132 -0.40315400780240562 3.3460076502852165
1 135.31842294080397 -58.125 60.50859363141327 0.58310100000355214 -0.57445331568146496 0.57445331568146496 
2 137.66666666666663 -58.125 58.125 0.58310100000355214 -0.57445331568146496 0.57445331568146496 -0.70180464938939457 -2.7755575615628914e-17 0.71236945056299905 -0.40922299286609815 -0.81853734679767132 -0.40315400780240562 3.3460076502852165
2 157.33333333333331 -38.75 77.5 0.58310100000355214 0.57445331568146496 0.57445331568146496 -0.70180464938939457 2.7755575615628914e-17 0.71236945056299905 0.40922299286609815 -0.81853734679767132 0.40315400780240562 3.3460076502852165
1 135.31842294080397 -58.125 60.50859363141327 0.58310100000355214 0.57445331568146496 0.57445331568146496 
2 137.66666666666663 -58.125 58.125 0.58310100000355214 0.57445331568146496 0.57445331568146496 -0.70180464938939457 2.7755575615628914e-17 0.71236945056299905 0.40922299286609815 -0.81853734679767132 0.40315400780240562 3.3460076502852165
2 137.66666666666663 -19.374999999999996 58.125 -0.58310100000355214 0.57445331568146496 -0.57445331568146496 0.70180464938939457 2.7755575615628914e-17 -0.71236945056299905 -0.40922299286609815 -0.81853734679767132 -0.40315400780240562 3.3460076502852165
1 159.68157705919597 -38.75 75.116406368586723 -0.58310100000355214 0.57445331568146496 -0.57445331568146496 
2 157.33333333333331 -38.75 77.5 -0.58310100000355214 0.57445331568146496 -0.57445331568146496 0.70180464938939457 2.7755575615628914e-17 -0.71236945056299905 -0.40922299286609815 -0.81853734679767132 -0.40315400780240562 3.3460076502852165
2 157.33333333333331 3.5527136788005009e-15 -77.5 0.58310100000355214 0.57445331568146496 -0.57445331568146496 0.70180464938939457 -2.7755575615628914e-17 0.71236945056299905 0.40922299286609815 -0.81853734679767132 -0.40315400780240562 3.3460076502852165
1 140.01491039252929 -19.374999999999996 -55.74140636858673 0.58310100000355214 0.57445331568146496 -0.57445331568146496 
2 137.66666666666663 -19.375 -58.125 0.58310100000355214 0.57445331568146496 -0.57445331568146496 0.70180464938939457 -2.7755575615628914e-17 0.71236945056299905 0.40922299286609815 -0.81853734679767132 -0.40315400780240562 3.3460076502852165
2 157.33333333333331 3.5527136788005009e-15 -38.75 0.58310100000355214 0.57445331568146496 0.57445331568146496 -0.70180464938939457 2.7755575615628914e-17 0.71236945056299905 0.40922299286609815 -0.81853734679767132 0.40315400780240562 3.3460076502852165
1 135.31842294080397 -19.375 -55.74140636858673 0.58310100000355214 0.57445331568146496 0.57445331568146496 
2 137.66666666666663 -19.375 -58.125 0.58310100000355214 0.57445331568146496 0.57445331568146496 -0.70180464938939457 2.7755575615628914e-17 0.71236945056299905 0.40922299286609815 -0.81853734679767132 0.40315400780240562 3.3460076502852165
2 137.66666666666663 19.375000000000004 -58.125 -0.58310100000355214 0.57445331568146496 0.57445331568146496 -0.70180464938939457 -2.7755575615628914e-17 -0.71236945056299905 -0.40922299286609815 -0.81853734679767132 0.40315400780240562 3.3460076502852165
1 154.98508960747066 5.7795005506179921e-16 -79.883593631413277 -0.58310100000355214 0.57445331568146496 0.57445331568146496 
2 157.33333333333331 0 -77.5 -0.58310100000355214 0.57445331568146496 0.57445331568146496 -0.70180464938939457 -2.7755575615628914e-17 -0.71236945056299905 -0.40922299286609815 -0.81853734679767132 0.40315400780240562 3.3460076502852165
2 137.66666666666663 -19.375000000000004 -19.374999999999996 -0.58310100000355214 -0.57445331568146496 0.57445331568146496 -0.70180464938939457 2.7755575615628914e-17 -0.71236945056299905 0.40922299286609815 -0.81853734679767132 -0.40315400780240562 3.3460076502852165
1 154.98508960747066 7.6369079175772197e-16 -41.13359363141327 -0.58310100000355214 -0.57445331568146496 0.57445331568146496 
2 157.33333333333331 0 -38.75 -0.58310100000355214 -0.57445331568146496 0.57445331568146496 -0.70180464938939457 2.7755575615628914e-17 -0.71236945056299905 0.40922299286609815 -0.81853734679767132 -0.40315400780240562 3.3460076502852165
2 137.66666666666663 19.375000000000004 -58.125 -0.58310100000355214 0.57445331568146496 -0.57445331568146496 0.70180464938939457 2.7755575615628914e-17 -0.71236945056299905 -0.40922299286609815 -0.81853734679767132 -0.40315400780240562 3.3460076502852165
1 159.68157705919597 7.6369079175772828e-16 -41.13359363141327 -0.58310100000355214 0.57445331568146496 -0.57445331568146496 
2 157.33333333333331 0 -38.75 -0.58310100000355214 0.57445331568146496 -0.57445331568146496 0.70180464938939457 2.7755575615628914e-17 -0.71236945056299905 -0.40922299286609815 -0.81853734679767132 -0.40315400780240562 3.3460076502852165
2 137.66666666666663 19.375000000000004 -19.374999999999996 -0.58310100000355214 0.57445331568146496 0.57445331568146496 -0.70180464938939457 -2.7755575615628914e-17 -0.71236945056299905 -0.40922299286609815 -0.81853734679767132 0.40315400780240562 1.9444226359171064
1 154.98508960747066 5.7795005506179605e-16 -41.13359363141327 -0.55345921504026052 0.57395794801670774 0.6035355591806244 
2 157.33333333333331 0 -38.75 -0.58310100000355214 0.57445331568146496 0.57445331568146496 -0.70180464938939457 -2.7755575615628914e-17 -0.71236945056299905 -0.40922299286609815 -0.81853734679767132 0.40315400780240562 3.3460076502852165
2 157.33333333333331 3.5527136788005009e-15 3.5527136788005009e-15 0.58310100000355214 0.57445331568146496 0.57445331568146496 -0.70180464938939457 2.7755575615628914e-17 0.71236945056299905 0.40922299286609815 -0.81853734679767132 0.40315400780240562 3.3460076502852165
1 135.31842294080397 -19.375 -16.99140636858673 0.58310100000355214 0.57445331568146496 0.57445331568146496 
2 137.66666666666663 -19.375 -19.375 0.58310100000355214 0.57445331568146496 0.57445331568146496 -0.70180464938939457 2.7755575615628914e-17 0.71236945056299905 0.40922299286609815 -0.81853734679767132 0.40315400780240562 3.3460076502852165
2 137.66666666666663 -19.375000000000004 19.375000000000004 -0.58310100000355214 -0.57445331568146496 0.57445331568146496 -0.70180464938939457 2.7755575615628914e-17 -0.71236945056299905 0.40922299286609815 -0.81853734679767132 -0.40315400780240562 3.3460076502852165
1 154.98508960747066 7.6369079175772512e-16 -2.3835936314132704 -0.58310100000355214 -0.57445331568146496 0.57445331568146496 
2 157.33333333333331 0 0 -0.58310100000355214 -0.57445331568146496 0.57445331568146496 -0.70180464938939457 2.7755575615628914e-17 -0.71236945056299905 0.40922299286609815 -0.81853734679767132 -0.40315400780240562 3.3460076502852165
2 157.33333333333331 3.5527136788005009e-15 38.75 0.58310100000355214 0.57445331568146496 0.57445331568146496 -0.70180464938939457 2.7755575615628914e-17 0.71236945056299905 0.40922299286609815 -0.81853734679767132 0.40315400780240562 3.3460076502852165
1 135.31842294080397 -19.375 21.75859363141327 0.58310100000355214 0.57445331568146496 0.57445331568146496 
2 137.66666666666663 -19.375 19.375 0.58310100000355214 0.57445331568146496 0.57445331568146496 -0.70180464938939457 2.7755575615628914e-17 0.71236945056299905 0.40922299286609815 -0.81853734679767132 0.40315400780240562 3.3460076502852165
2 137.66666666666663 -19.375000000000004 58.125 -0.58310100000355214 -0.57445331568146496 0.57445331568146496 -0.70180464938939457 2.7755575615628914e-17 -0.71236945056299905 0.40922299286609815 -0.81853734679767132 -0.40315400780240562 3.3460076502852165
1 154.98508960747066 7.6369079175772512e-16 36.36640636858673 -0.58310100000355214 -0.57445331568146496 0.57445331568146496 
2 157.33333333333331 0 38.75 -0.58310100000355214 -0.57445331568146496 0.57445331568146496 -0.70180464938939457 2.7755575615628914e-17 -0.71236945056299905 0.40922299286609815 -0.81853734679767132 -0.40315400780240562 3.3460076502852165
2 137.66666666666663 19.375000000000007 19.374999999999993 -0.58310100000355214 0.57445331568146496 -0.57445331568146496 0.70180464938939457 2.7755575615628914e-17 -0.71236945056299905 -0.40922299286609815 -0.81853734679767132 -0.40315400780240562 1.928820840744113
1 159.68157705919597 7.6369079175772828e-16 36.36640636858673 -0.6120496863737136 0.57394687288937607 -0.54404059454267339 
2 157.33333333333331 0 38.75 -0.58310100000355214 0.57445331568146496 -0.57445331568146496 0.70180464938939457 2.7755575615628914e-17 -0.71236945056299905 -0.40922299286609815 -0.81853734679767132 -0.40315400780240562 3.3460076502852165
2 137.66666666666663 19.375000000000004 58.125 -0.58310100000355214 0.57445331568146496 0.57445331568146496 -0.70180464938939457 -2.7755575615628914e-17 -0.71236945056299905 -0.40922299286609815 -0.81853734679767132 0.40315400780240562 3.3460076502852165
1 154.98508960747066 5.7795005506179921e-16 36.36640636858673 -0.58310100000355214 0.57445331568146496 0.57445331568146496 
2 157.33333333333331 0 38.75 -0.58310100000355214 0.57445331568146496 0.57445331568146496 -0.70180464938939457 -2.7755575615628914e-17 -0.71236945056299905 -0.40922299286609815 -0.81853734679767132 0.40315400780240562 3.3460076502852165
2 157.33333333333331 3.5527136788005009e-15 77.5 0.58310100000355214 0.57445331568146496 0.57445331568146496 -0.70180464938939457 2.7755575615628914e-17 0.71236945056299905 0.40922299286609815 -0.81853734679767132 0.40315400780240562 3.3460076502852165
1 135.31842294080397 -19.375 60.50859363141327 0.58310100000355214 0.57445331568146496 0.57445331568146496 
2 137.66666666666663 -19.375 58.125 0.58310100000355214 0.57445331568146496 0.57445331568146496 -0.70180464938939457 2.7755575615628914e-17 0.71236945056299905 0.40922299286609815 -0.81853734679767132 0.40315400780240562 3.3460076502852165
2 137.66666666666663 19.375000000000004 58.125 -0.58310100000355214 0.57445331568146496 -0.57445331568146496 0.70180464938939457 2.7755575615628914e-17 -0.71236945056299905 -0.40922299286609815 -0.81853734679767132 -0.40315400780240562 3.3460076502852165
1 159.68157705919597 7.6369079175772828e-16 75.116406368586723 -0.58310100000355214 0.57445331568146496 -0.57445331568146496 
2 157.33333333333331 0 77.5 -0.58310100000355214 0.57445331568146496 -0.57445331568146496 0.70180464938939457 2.7755575615628914e-17 -0.71236945056299905 -0.40922299286609815 -0.81853734679767132 -0.40315400780240562 3.3460076502852165
2 157.33333333333331 38.75 -77.5 0.58310100000355214 0.57445331568146496 -0.57445331568146496 0.70180464938939457 -2.7755575615628914e-17 0.71236945056299905 0.40922299286609815 -0.81853734679767132 -0.40315400780240562 3.3460076502852165
1 140.01491039252929 19.375000000000004 -55.74140636858673 0.58310100000355214 0.57445331568146496 -0.57445331568146496 
2 137.66666666666663 19.375 -58.125 0.58310100000355214 0.57445331568146496 -0.57445331568146496 0.70180464938939457 -2.7755575615628914e-17 0.71236945056299905 0.40922299286609815 -0.81853734679767132 -0.40315400780240562 3.3460076502852165
2 157.33333333333331 38.75 -38.75 0.58310100000355214 0.57445331568146496 0.57445331568146496 -0.70180464938939457 2.7755575615628914e-17 0.71236945056299905 0.40922299286609815 -0.81853734679767132 0.40315400780240562 3.3460076502852165
1 135.31842294080397 19.375 -55.74140636858673 0.58310100000355214 0.57445331568146496 0.57445331568146496 
2 137.66666666666663 19.375 -58.125 0.58310100000355214 0.57445331568146496 0.57445331568146496 -0.70180464938939457 2.7755575615628914e-17 0.71236945056299905 0.40922299286609815 -0.81853734679767132 0.40315400780240562 3.3460076502852165
2 137.66666666666663 58.125 -58.125 -0.58310100000355214 0.57445331568146496 0.57445331568146496 -0.70180464938939457 -2.7755575615628914e-17 -0.71236945056299905 -0.40922299286609815 -0.81853734679767132 0.40315400780240562 3.3460076502852165
1 154.98508960747066 38.75 -79.883593631413277 -0.58310100000355214 0.57445331568146496 0.57445331568146496 
2 157.33333333333331 38.75 -77.5 -0.58310100000355214 0.57445331568146496 0.57445331568146496 -0.70180464938939457 -2.7755575615628914e-17 -0.71236945056299905 -0.40922299286609815 -0.81853734679767132 0.40315400780240562 3.3460076502852165
2 137.66666666666663 19.374999999999996 -19.374999999999996 -0.58310100000355214 -0.57445331568146496 0.57445331568146496 -0.70180464938939457 2.7755575615628914e-17 -0.71236945056299905 0.40922299286609815 -0.81853734679767132 -0.40315400780240562 1.9444226359171064
1 154.98508960747066 38.75 -41.13359363141327 -0.55345921504026052 -0.57395794801670774 0.6035355591806244 
2 157.33333333333331 38.75 -38.75 -0.58310100000355214 -0.57445331568146496 0.57445331568146496 -0.70180464938939457 2.7755575615628914e-17 -0.71236945056299905 0.40922299286609815 -0.81853734679767132 -0.40315400780240562 3.3460076502852165
2 137.66666666666663 58.125 -58.125 -0.58310100000355214 0.57445331568146496 -0.57445331568146496 0.70180464938939457 2.7755575615628914e-17 -0.71236945056299905 -0.40922299286609815 -0.81853734679767132 -0.40315400780240562 3.3460076502852165
1 159.68157705919597 38.75 -41.13359363141327 -0.58310100000355214 0.57445331568146496 -0.57445331568146496 
2 157.33333333333331 38.75 -38.75 -0.58310100000355214 0.57445331568146496 -0.57445331568146496 0.70180464938939457 2.7755575615628914e-17 -0.71236945056299905 -0.40922299286609815 -0.81853734679767132 -0.40315400780240562 3.3460076502852165
2 137.66666666666663 58.125 -19.374999999999996 -0.58310100000355214 0.57445331568146496 0.57445331568146496 -0.70180464938939457 -2.7755575615628914e-17 -0.71236945056299905 -0.40922299286609815 -0.81853734679767132 0.40315400780240562 3.3460076502852165
1 154.98508960747066 38.75 -41.13359363141327 -0.58310100000355214 0.57445331568146496 0.57445331568146496 
2 157.33333333333331 38.75 -38.75 -0.58310100000355214 0.57445331568146496 0.57445331568146496 -0.70180464938939457 -2.7755575615628914e-17 -0.71236945056299905 -0.40922299286609815 -0.81853734679767132 0.40315400780240562 3.3460076502852165
2 157.33333333333331 38.75 3.5527136788005009e-15 0.58310100000355214 0.57445331568146496 0.57445331568146496 -0.70180464938939457 2.7755575615628914e-17 0.71236945056299905 0.40922299286609815 -0.81853734679767132 0.40315400780240562 3.346007650285217
1 136.30206182040203 19.375 -17.989852715189471 0.55345921504026052 0.57395794801670774 0.6035355591806244 
2 137.66666666666663 19.375 -19.375 0.58310100000355214 0.57445331568146496 0.57445331568146496 -0.70180464938939457 2.7755575615628914e-17 0.71236945056299905 0.40922299286609815 -0.81853734679767132 0.40315400780240562 1.9444226359171066
2 137.66666666666663 19.374999999999993 19.375000000000007 -0.58310100000355214 -0.57445331568146496 0.57445331568146496 -0.70180464938939457 2.7755575615628914e-17 -0.71236945056299905 0.40922299286609815 -0.81853734679767132 -0.40315400780240562 1.928820840744113
1 154.98508960747066 38.75 -2.3835936314132709 -0.55312418030923594 -0.57394687288937596 0.60385315123607863 
2 157.33333333333331 38.75 0 -0.58310100000355214 -0.57445331568146496 0.57445331568146496 -0.70180464938939457 2.7755575615628914e-17 -0.71236945056299905 0.40922299286609815 -0.81853734679767132 -0.40315400780240562 3.3460076502852165
2 137.66666666666663 58.125 -19.375000000000004 -0.58310100000355214 0.57445331568146496 -0.57445331568146496 0.70180464938939457 2.7755575615628914e-17 -0.71236945056299905 -0.40922299286609815 -0.81853734679767132 -0.40315400780240562 3.3460076502852165
1 159.68157705919597 38.75 -2.3835936314132704 -0.58310100000355214 0.57445331568146496 -0.57445331568146496 
2 157.33333333333331 38.75 0 -0.58310100000355214 0.57445331568146496 -0.57445331568146496 0.70180464938939457 2.7755575615628914e-17 -0.71236945056299905 -0.40922299286609815 -0.81853734679767132 -0.40315400780240562 3.3460076502852165
2 137.66666666666663 58.125 19.375000000000004 -0.58310100000355214 0.57445331568146496 0.57445331568146496 -0.70180464938939457 -2.7755575615628914e-17 -0.71236945056299905 -0.40922299286609815 -0.81853734679767132 0.40315400780240562 3.3460076502852165
1 154.98508960747066 38.75 -2.3835936314132709 -0.58310100000355214 0.57445331568146496 0.57445331568146496 
2 157.33333333333331 38.75 0 -0.58310100000355214 0.57445331568146496 0.57445331568146496 -0.70180464938939457 -2.7755575615628914e-17 -0.71236945056299905 -0.40922299286609815 -0.81853734679767132 0.40315400780240562 3.3460076502852165
2 157.33333333333331 38.750000000000007 38.750000000000007 0.58310100000355214 0.57445331568146496 0.57445331568146496 -0.70180464938939457 2.7755575615628914e-17 0.71236945056299905 0.40922299286609815 -0.81853734679767132 0.40315400780240562 3.3460076502852165
1 136.31301123279326 19.375 20.749033042555347 0.55312418030923594 0.57394687288937596 0.60385315123607863 
2 137.66666666666663 19.375 19.375 0.58310100000355214 0.57445331568146496 0.57445331568146496 -0.70180464938939457 2.7755575615628914e-17 0.71236945056299905 0.40922299286609815 -0.81853734679767132 0.40315400780240562 1.928820840744113
2 137.66666666666663 19.374999999999996 58.125 -0.58310100000355214 -0.57445331568146496 0.57445331568146496 -0.70180464938939457 2.7755575615628914e-17 -0.71236945056299905 0.40922299286609815 -0.81853734679767132 -0.40315400780240562 3.3460076502852165
1 154.98508960747066 38.75 36.36640636858673 -0.58310100000355214 -0.57445331568146496 0.57445331568146496 
2 157.33333333333331 38.75 38.75 -0.58310100000355214 -0.57445331568146496 0.57445331568146496 -0.70180464938939457 2.7755575615628914e-17 -0.71236945056299905 0.40922299286609815 -0.81853734679767132 -0.40315400780240562 3.3460076502852165
2 137.66666666666663 58.125 19.374999999999996 -0.58310100000355214 0.57445331568146496 -0.57445331568146496 0.70180464938939457 2.7755575615628914e-17 -0.71236945056299905 -0.40922299286609815 -0.81853734679767132 -0.40315400780240562 3.3460076502852165
1 159.68157705919597 38.75 36.36640636858673 -0.58310100000355214 0.57445331568146496 -0.57445331568146496 
2 157.33333333333331 38.75 38.75 -0.58310100000355214 0.57445331568146496 -0.57445331568146496 0.70180464938939457 2.7755575615628914e-17 -0.71236945056299905 -0.40922299286609815 -0.81853734679767132 -0.40315400780240562 3.3460076502852165
2 137.66666666666663 58.125 58.125 -0.58310100000355214 0.57445331568146496 0.57445331568146496 -0.70180464938939457 -2.7755575615628914e-17 -0.71236945056299905 -0.40922299286609815 -0.81853734679767132 0.40315400780240562 3.3460076502852165
1 154.98508960747066 38.75 36.36640636858673 -0.58310100000355214 0.57445331568146496 0.57445331568146496 
2 157.33333333333331 38.75 38.75 -0.58310100000355214 0.57445331568146496 0.57445331568146496 -0.70180464938939457 -2.7755575615628914e-17 -0.71236945056299905 -0.40922299286609815 -0.81853734679767132 0.40315400780240562 3.3460076502852165
2 157.33333333333331 38.75 77.5 0.58310100000355214 0.57445331568146496 0.57445331568146496 -0.70180464938939457 2.7755575615628914e-17 0.71236945056299905 0.40922299286609815 -0.81853734679767132 0.40315400780240562 3.3460076502852165
1 135.31842294080397 19.375 60.50859363141327 0.58310100000355214 0.57445331568146496 0.57445331568146496 
2 137.66666666666663 19.375 58.125 0.58310100000355214 0.57445331568146496 0.57445331568146496 -0.70180464938939457 2.7755575615628914e-17 0.71236945056299905 0.40922299286609815 -0.81853734679767132 0.40315400780240562 3.3460076502852165
2 137.66666666666663 58.125 58.125 -0.58310100000355214 0.57445331568146496 -0.57445331568146496 0.70180464938939457 2.7755575615628914e-17 -0.71236945056299905 -0.40922299286609815 -0.81853734679767132 -0.40315400780240562 3.3460076502852165
1 159.68157705919597 38.75 75.116406368586723 -0.58310100000355214 0.57445331568146496 -0.57445331568146496 
2 157.33333333333331 38.75 77.5 -0.58310100000355214 0.57445331568146496 -0.57445331568146496 0.70180464938939457 2.7755575615628914e-17 -0.71236945056299905 -0.40922299286609815 -0.81853734679767132 -0.40315400780240562 3.3460076502852165
2 157.33333333333331 77.5 -77.5 0.58310100000355214 0.57445331568146496 -0.57445331568146496 0.70180464938939457 -2.7755575615628914e-17 0.71236945056299905 0.40922299286609815 -0.81853734679767132 -0.40315400780240562 3.3460076502852165
1 140.01491039252929 58.125 -55.74140636858673 0.58310100000355214 0.57445331568146496 -0.57445331568146496 
2 137.66666666666663 58.125 -58.125 0.58310100000355214 0.57445331568146496 -0.57445331568146496 0.70180464938939457 -2.7755575615628914e-17 0.71236945056299905 0.40922299286609815 -0.81853734679767132 -0.40315400780240562 3.3460076502852165
2 157.33333333333331 77.5 -38.75 0.58310100000355214 0.57445331568146496 0.57445331568146496 -0.70180464938939457 2.7755575615628914e-17 0.71236945056299905 0.40922299286609815 -0.81853734679767132 0.40315400780240562 3.3460076502852165
1 135.31842294080397 58.125 -55.74140636858673 0.58310100000355214 0.57445331568146496 0.57445331568146496 
2 137.66666666666663 58.125 -58.125 0.58310100000355214 0.57445331568146496 0.57445331568146496 -0.70180464938939457 2.7755575615628914e-17 0.71236945056299905 0.40922299286609815 -0.81853734679767132 0.40315400780240562 3.3460076502852165
2 137.66666666666663 58.125 -19.374999999999996 -0.58310100000355214 -0.57445331568146496 0.57445331568146496 -0.70180464938939457 2.7755575615628914e-17 -0.71236945056299905 0.40922299286609815 -0.81853734679767132 -0.40315400780240562 3.3460076502852165
1 154.98508960747066 77.5 -41.13359363141327 -0.58310100000355214 -0.57445331568146496 0.57445331568146496 
2 157.33333333333331 77.5 -38.75 -0.58310100000355214 -0.57445331568146496 0.57445331568146496 -0.70180464938939457 2.7755575615628914e-17 -0.71236945056299905 0.40922299286609815 -0.81853734679767132 -0.40315400780240562 3.3460076502852165
2 157.33333333333331 77.5 3.5527136788005009e-15 0.58310100000355214 0.57445331568146496 0.57445331568146496 -0.70180464938939457 2.7755575615628914e-17 0.71236945056299905 0.40922299286609815 -0.81853734679767132 0.40315400780240562 3.3460076502852165
1 135.31842294080397 58.125 -16.99140636858673 0.58310100000355214 0.57445331568146496 0.57445331568146496 
2 137.66666666666663 58.125 -19.375 0.58310100000355214 0.57445331568146496 0.57445331568146496 -0.70180464938939457 2.7755575615628914e-17 0.71236945056299905 0.40922299286609815 -0.81853734679767132 0.40315400780240562 3.3460076502852165
2 137.66666666666663 58.125 19.375000000000004 -0.58310100000355214 -0.57445331568146496 0.57445331568146496 -0.70180464938939457 2.7755575615628914e-17 -0.71236945056299905 0.40922299286609815 -0.81853734679767132 -0.40315400780240562 3.3460076502852165
1 154.98508960747066 77.5 -2.3835936314132704 -0.58310100000355214 -0.57445331568146496 0.57445331568146496 
2 157.33333333333331 77.5 0 -0.58310100000355214 -0.57445331568146496 0.57445331568146496 -0.70180464938939457 2.7755575615628914e-17 -0.71236945056299905 0.40922299286609815 -0.81853734679767132 -0.40315400780240562 3.3460076502852165
2 157.33333333333331 77.5 38.75 0.58310100000355214 0.57445331568146496 0.57445331568146496 -0.70180464938939457 2.7755575615628914e-17 0.71236945056299905 0.40922299286609815 -0.81853734679767132 0.40315400780240562 3.3460076502852165
1 135.31842294080397 58.125 21.75859363141327 0.58310100000355214 0.57445331568146496 0.57445331568146496 
2 137.66666666666663 58.125 19.375 0.58310100000355214 0.57445331568146496 0.57445331568146496 -0.70180464938939457 2.7755575615628914e-17 0.71236945056299905 0.40922299286609815 -0.81853734679767132 0.40315400780240562 3.3460076502852165
2 137.66666666666663 58.125 58.125 -0.58310100000355214 -0.57445331568146496 0.57445331568146496 -0.70180464938939457 2.7755575615628914e-17 -0.71236945056299905 0.40922299286609815 -0.81853734679767132 -0.40315400780240562 3.3460076502852165
1 154.98508960747066 77.5 36.36640636858673 -0.58310100000355214 -0.57445331568146496 0.57445331568146496 
2 157.33333333333331 77.5 38.75 -0.58310100000355214 -0.57445331568146496 0.57445331568146496 -0.70180464938939457 2.7755575615628914e-17 -0.71236945056299905 0.40922299286609815 -0.81853734679767132 -0.40315400780240562 3.3460076502852165
2 157.33333333333331 77.5 77.5 0.58310100000355214 0.57445331568146496 0.57445331568146496 -0.70180464938939457 2.7755575615628914e-17 0.71236945056299905 0.40922299286609815 -0.81853734679767132 0.40315400780240562 3.3460076502852165
1 135.31842294080397 58.125 60.50859363141327 0.58310100000355214 0.57445331568146496 0.57445331568146496 
2 137.66666666666663 58.125 58.125 0.58310100000355214 0.57445331568146496 0.57445331568146496 -0.70180464938939457 2.7755575615628914e-17 0.71236945056299905 0.40922299286609815 -0.81853734679767132 0.40315400780240562 3.3460076502852165
2 -157.33333333333334 38.75 -77.5 -2.4492935982947064e-16 -1 0 1 -2.4492935982947064e-16 0 0 0 1 3.3460076502852165
2 -157.33333333333334 38.75 -38.75 -2.4492935982947064e-16 -1 0 1 -2.4492935982947064e-16 0 0 0 1 3.3460076502852165
2 -118 38.75 -77.5 -2.4492935982947064e-16 -1 0 1 -2.4492935982947064e-16 0 0 0 1 1.6730038251426083
2 -118 38.75 -38.75 -2.4492935982947064e-16 -1 0 1 -2.4492935982947064e-16 0 0 0 1 2.4981002036589097
2 -157.33333333333334 38.75 0 -2.4492935982947064e-16 -1 0 1 -2.4492935982947064e-16 0 0 0 1 3.3460076502852165
2 -118 38.75 0 -2.4492935982947064e-16 -1 0 1 -2.4492935982947064e-16 0 0 0 1 2.6918674184801934
2 -157.33333333333334 38.75 38.75 -2.4492935982947064e-16 -1 0 1 -2.4492935982947064e-16 0 0 0 1 3.3460076502852165
2 -118 38.75 38.75 -2.4492935982947064e-16 -1 0 1 -2.4492935982947064e-16 0 0 0 1 2.4978099325270104
2 -157.33333333333334 38.75 77.5 -2.4492935982947064e-16 -1 0 1 -2.4492935982947064e-16 0 0 0 1 3.3460076502852165
2 -118 38.75 77.5 -2.4492935982947064e-16 -1 0 1 -2.4492935982947064e-16 0 0 0 1 1.6730038251426083
2 -137.66666666666666 58.125 -58.125 -2.4492935982947064e-16 -1 0 1 -2.4492935982947064e-16 0 0 0 1 3.3460076502852165
2 -157.33333333333334 77.5 -77.5 -2.4492935982947064e-16 -1 0 1 -2.4492935982947064e-16 0 0 0 1 3.3460076502852165
2 -157.33333333333334 77.5 -38.75 -2.4492935982947064e-16 -1 0 1 -2.4492935982947064e-16 0 0 0 1 3.3460076502852165
2 -118 77.5 -77.5 -2.4492935982947064e-16 -1 0 1 -2.4492935982947064e-16 0 0 0 1 3.3460076502852165
2 -118 77.5 -38.75 -2.4492935982947064e-16 -1 0 1 -2.4492935982947064e-16 0 0 0 1 3.3460076502852165
2 -137.66666666666666 58.125 -19.375 -2.4492935982947064e-16 -1 0 1 -2.4492935982947064e-16 0 0 0 1 3.3460076502852165
2 -157.33333333333334 77.5 0 -2.4492935982947064e-16 -1 0 1 -2.4492935982947064e-16 0 0 0 1 3.3460076502852165
2 -118 77.5 0 -2.4492935982947064e-16 -1 0 1 -2.4492935982947064e-16 0 0 0 1 3.3460076502852165
2 -137.66666666666666 58.125 19.375 -2.4492935982947064e-16 -1 0 1 -2.4492935982947064e-16 0 0 0 1 3.3460076502852165
2 -157.33333333333334 77.5 38.75 -2.4492935982947064e-16 -1 0 1 -2.4492935982947064e-16 0 0 0 1 3.3460076502852165
2 -118 77.5 38.75 -2.4492935982947064e-16 -1 0 1 -2.4492935982947064e-16 0 0 0 1 3.3460076502852165
2 -137.66666666666666 58.125 58.125 -2.4492935982947064e-16 -1 0 1 -2.4492935982947064e-16 0 0 0 1 3.3460076502852165
2 -157.33333333333334 77.5 77.5 -2.4492935982947064e-16 -1 0 1 -2.4492935982947064e-16 0 0 0 1 3.3460076502852165
2 -118 77.5 77.5 -2.4492935982947064e-16 -1 0 1 -2.4492935982947064e-16 0 0 0 1 3.3460076502852165
2 -78.666666666666671 38.75 -77.5 -2.4492935982947064e-16 -1 0 1 -2.4492935982947064e-16 0 0 0 1 3.0841077333277136
2 -78.666666666666671 38.75 -38.75 -2.4492935982947064e-16 -1 0 1 -2.4492935982947064e-16 0 0 0 1 3.3460076502852165
2 -78.666666666666671 38.75 0 -2.4492935982947064e-16 -1 0 1 -2.4492935982947064e-16 0 0 0 1 3.3460076502852165
2 -78.666666666666671 38.75 38.75 -2.4492935982947064e-16 -1 0 1 -2.4492935982947064e-16 0 0 0 1 3.3460076502852165
2 -78.666666666666671 38.75 77.5 -2.4492935982947064e-16 -1 0 1 -2.4492935982947064e-16 0 0 0 1 3.0843249509475301
2 -98.333333333333343 58.125 -58.125 -2.4492935982947064e-16 -1 0 1 -2.4492935982947064e-16 0 0 0 1 3.3460076502852165
2 -78.666666666666671 77.5 -77.5 -2.4492935982947064e-16 -1 0 1 -2.4492935982947064e-16 0 0 0 1 1.6730038251426083
2 -78.666666666666671 77.5 -38.75 -2.4492935982947064e-16 -1 0 1 -2.4492935982947064e-16 0 0 0 1 3.3460076502852165
2 -98.333333333333343 58.125 -19.375 -2.4492935982947064e-16 -1 0 1 -2.4492935982947064e-16 0 0 0 1 3.3460076502852165
2 -78.666666666666671 77.5 0 -2.4492935982947064e-16 -1 0 1 -2.4492935982947064e-16 0 0 0 1 3.3460076502852165
2 -98.333333333333343 58.125 19.375 -2.4492935982947064e-16 -1 0 1 -2.4492935982947064e-16 0 0 0 1 3.3460076502852165
2 -78.666666666666671 77.5 38.75 -2.4492935982947064e-16 -1 0 1 -2.4492935982947064e-16 0 0 0 1 3.3460076502852165
2 -98.333333333333343 58.125 58.125 -2.4492935982947064e-16 -1 0 1 -2.4492935982947064e-16 0 0 0 1 3.3460076502852165
2 -78.666666666666671 77.5 77.5 -2.4492935982947064e-16 -1 0 1 -2.4492935982947064e-16 0 0 0 1 1.6730038251426083
2 -39.333333333333343 38.75 -77.5 -2.4492935982947064e-16 -1 0 1 -2.4492935982947064e-16 0 0 0 1 3.3460076502852165
2 -39.333333333333343 38.75 -38.75 -2.4492935982947064e-16 -1 0 1 -2.4492935982947064e-16 0 0 0 1 3.3460076502852165
2 -59 19.375 -19.375 -2.4492935982947064e-16 -1 0 1 -2.4492935982947064e-16 0 0 0 1 2.0923767561668036
2 -39.333333333333343 38.75 0 -2.4492935982947064e-16 -1 0 1 -2.4492935982947064e-16 0 0 0 1 3.3460076502852165
2 -59 19.375 19.375 -2.4492935982947064e-16 -1 0 1 -2.4492935982947064e-16 0 0 0 1 2.0929386407504169
2 -39.333333333333343 38.75 38.75 -2.4492935982947064e-16 -1 0 1 -2.4492935982947064e-16 0 0 0 1 3.3460076502852165
2 -39.333333333333343 38.75 77.5 -2.4492935982947064e-16 -1 0 1 -2.4492935982947064e-16 0 0 0 1 3.3460076502852165
2 -59 58.125 -58.125 -2.4492935982947064e-16 -1 0 1 -2.4492935982947064e-16 0 0 0 1 3.3460076502852165
2 -39.333333333333343 77.5 -38.75 -2.4492935982947064e-16 -1 0 1 -2.4492935982947064e-16 0 0 0 1 1.731409265622893
2 -59 58.125 -19.375 -2.4492935982947064e-16 -1 0 1 -2.4492935982947064e-16 0 0 0 1 3.3460076502852165
2 -39.333333333333343 77.5 0 -2.4492935982947064e-16 -1 0 1 -2.4492935982947064e-16 0 0 0 1 3.1406656888766711
2 -59 58.125 19.375 -2.4492935982947064e-16 -1 0 1 -2.4492935982947064e-16 0 0 0 1 3.3460076502852165
2 -39.333333333333343 77.5 38.75 -2.4492935982947064e-16 -1 0 1 -2.4492935982947064e-16 0 0 0 1 1.733403682075628
2 -59 58.125 58.125 -2.4492935982947064e-16 -1 0 1 -2.4492935982947064e-16 0 0 0 1 3.3460076502852165
2 0 0 0 -2.4492935982947064e-16 -1 0 1 -2.4492935982947064e-16 0 0 0 1 2.7316756261759099
2 -19.666666666666686 19.375 -58.125 -2.4492935982947064e-16 -1 0 1 -2.4492935982947064e-16 0 0 0 1 2.5039540660842858
2 0 38.75 -77.5 -2.4492935982947064e-16 -1 0 1 -2.4492935982947064e-16 0 0 0 1 2.2933810220712796
2 0 38.75 -38.75 -2.4492935982947064e-16 -1 0 1 -2.4492935982947064e-16 0 0 0 1 3.3460076502852165
2 -19.666666666666686 19.375 -19.375 -2.4492935982947064e-16 -1 0 1 -2.4492935982947064e-16 0 0 0 1 3.3460076502852165
2 0 38.75 0 -2.4492935982947064e-16 -1 0 1 -2.4492935982947064e-16 0 0 0 1 3.3460076502852165
2 -19.666666666666686 19.375 19.375 -2.4492935982947064e-16 -1 0 1 -2.4492935982947064e-16 0 0 0 1 3.3460076502852165
2 0 38.75 38.75 -2.4492935982947064e-16 -1 0 1 -2.4492935982947064e-16 0 0 0 1 3.3460076502852165
2 -19.666666666666686 19.375 58.125 -2.4492935982947064e-16 -1 0 1 -2.4492935982947064e-16 0 0 0 1 2.5037839406638009
2 0 38.75 77.5 -2.4492935982947064e-16 -1 0 1 -2.4492935982947064e-16 0 0 0 1 2.2958961382714205
2 -19.666666666666686 58.125 -58.125 -2.4492935982947064e-16 -1 0 1 -2.4492935982947064e-16 0 0 0 1 3.2839667002754847
2 -19.666666666666686 58.125 -19.375 -2.4492935982947064e-16 -1 0 1 -2.4492935982947064e-16 0 0 0 1 3.3460076502852165
2 -19.666666666666686 58.125 19.375 -2.4492935982947064e-16 -1 0 1 -2.4492935982947064e-16 0 0 0 1 3.3460076502852165
2 -19.666666666666686 58.125 58.125 -2.4492935982947064e-16 -1 0 1 -2.4492935982947064e-16 0 0 0 1 3.284062887857877
2 39.333333333333314 0 -38.75 -2.4492935982947064e-16 -1 0 1 -2.4492935982947064e-16 0 0 0 1 3.3460076502852165
2 39.333333333333314 0 0 -2.4492935982947064e-16 -1 0 1 -2.4492935982947064e-16 0 0 0 1 3.3460076502852165
2 39.333333333333314 0 38.75 -2.4492935982947064e-16 -1 0 1 -2.4492935982947064e-16 0 0 0 1 3.3460076502852165
2 19.666666666666657 19.375 -58.125 -2.4492935982947064e-16 -1 0 1 -2.4492935982947064e-16 0 0 0 1 3.3460076502852165
2 39.333333333333314 38.75 -38.75 -2.4492935982947064e-16 -1 0 1 -2.4492935982947064e-16 0 0 0 1 3.3460076502852165
2 19.666666666666657 19.375 -19.375 -2.4492935982947064e-16 -1 0 1 -2.4492935982947064e-16 0 0 0 1 3.3460076502852165
2 39.333333333333314 38.75 0 -2.4492935982947064e-16 -1 0 1 -2.4492935982947064e-16 0 0 0 1 3.3460076502852165
2 19.666666666666657 19.375 19.375 -2.4492935982947064e-16 -1 0 1 -2.4492935982947064e-16 0 0 0 1 3.3460076502852165
2 39.333333333333314 38.75 38.75 -2.4492935982947064e-16 -1 0 1 -2.4492935982947064e-16 0 0 0 1 3.3460076502852165
2 19.666666666666657 19.375 58.125 -2.4492935982947064e-16 -1 0 1 -2.4492935982947064e-16 0 0 0 1 3.3460076502852165
2 19.666666666666657 58.125 -58.125 -2.4492935982947064e-16 -1 0 1 -2.4492935982947064e-16 0 0 0 1 1.902816746881214
2 19.666666666666657 58.125 -19.375 -2.4492935982947064e-16 -1 0 1 -2.4492935982947064e-16 0 0 0 1 3.3460076502852165
2 19.666666666666657 58.125 19.375 -2.4492935982947064e-16 -1 0 1 -2.4492935982947064e-16 0 0 0 1 3.3460076502852165
2 19.666666666666657 58.125 58.125 -2.4492935982947064e-16 -1 0 1 -2.4492935982947064e-16 0 0 0 1 1.9031675860672392
2 78.666666666666657 0 -38.75 -2.4492935982947064e-16 -1 0 1 -2.4492935982947064e-16 0 0 0 1 3.3460076502852165
2 59 -19.375 -19.375 -2.4492935982947064e-16 -1 0 1 -2.4492935982947064e-16 0 0 0 1 2.416552456920523
2 78.666666666666657 0 0 -2.4492935982947064e-16 -1 0 1 -2.4492935982947064e-16 0 0 0 1 3.3460076502852165
2 59 -19.375 19.375 -2.4492935982947064e-16 -1 0 1 -2.4492935982947064e-16 0 0 0 1 2.4178540666978439
2 78.666666666666657 0 38.75 -2.4492935982947064e-16 -1 0 1 -2.4492935982947064e-16 0 0 0 1 3.3460076502852165
2 59 19.375 -58.125 -2.4492935982947064e-16 -1 0 1 -2.4492935982947064e-16 0 0 0 1 3.3460076502852165
2 78.666666666666657 38.75 -38.75 -2.4492935982947064e-16 -1 0 1 -2.4492935982947064e-16 0 0 0 1 3.3460076502852165
2 59 19.375 -19.375 -2.4492935982947064e-16 -1 0 1 -2.4492935982947064e-16 0 0 0 1 3.3460076502852165
2 78.666666666666657 38.75 0 -2.4492935982947064e-16 -1 0 1 -2.4492935982947064e-16 0 0 0 1 3.3460076502852165
2 59 19.375 19.375 -2.4492935982947064e-16 -1 0 1 -2.4492935982947064e-16 0 0 0 1 3.3460076502852165
2 78.666666666666657 38.75 38.75 -2.4492935982947064e-16 -1 0 1 -2.4492935982947064e-16 0 0 0 1 3.3460076502852165
2 59 19.375 58.125 -2.4492935982947064e-16 -1 0 1 -2.4492935982947064e-16 0 0 0 1 3.3460076502852165
2 59 58.125 -19.375 -2.4492935982947064e-16 -1 0 1 -2.4492935982947064e-16 0 0 0 1 2.5424034013148038
2 59 58.125 19.375 -2.4492935982947064e-16 -1 0 1 -2.4492935982947064e-16 0 0 0 1 2.5425564235393572
2 118 -38.75 -38.75 -2.4492935982947064e-16 -1 0 1 -2.4492935982947064e-16 0 0 0 1 3.3460076502852165
2 118 -38.75 0 -2.4492935982947064e-16 -1 0 1 -2.4492935982947064e-16 0 0 0 1 3.3460076502852165
2 118 -38.75 38.75 -2.4492935982947064e-16 -1 0 1 -2.4492935982947064e-16 0 0 0 1 3.3460076502852165
2 98.333333333333314 -19.375 -58.125 -2.4492935982947064e-16 -1 0 1 -2.4492935982947064e-16 0 0 0 1 2.7290231686046762
2 118 0 -38.75 -2.4492935982947064e-16 -1 0 1 -2.4492935982947064e-16 0 0 0 1 3.3460076502852165
2 98.333333333333314 -19.375 -19.375 -2.4492935982947064e-16 -1 0 1 -2.4492935982947064e-16 0 0 0 1 3.3460076502852165
2 118 0 0 -2.4492935982947064e-16 -1 0 1 -2.4492935982947064e-16 0 0 0 1 1.6730038251426083
2 98.333333333333314 -19.375 19.375 -2.4492935982947064e-16 -1 0 1 -2.4492935982947064e-16 0 0 0 1 3.3460076502852165
2 118 0 38.75 -2.4492935982947064e-16 -1 0 1 -2.4492935982947064e-16 0 0 0 1 3.3460076502852165
2 98.333333333333314 -19.375 58.125 -2.4492935982947064e-16 -1 0 1 -2.4492935982947064e-16 0 0 0 1 2.7304896584035085
2 98.333333333333314 19.375 -58.125 -2.4492935982947064e-16 -1 0 1 -2.4492935982947064e-16 0 0 0 1 3.1739237482808642
2 118 38.75 -38.75 -2.4492935982947064e-16 -1 0 1 -2.4492935982947064e-16 0 0 0 1 3.3460076502852165
2 98.333333333333314 19.375 -19.375 -2.4492935982947064e-16 -1 0 1 -2.4492935982947064e-16 0 0 0 1 3.0192804689740775
2 118 38.75 0 -2.4492935982947064e-16 -1 0 1 -2.4492935982947064e-16 0 0 0 1 3.3460076502852165
2 98.333333333333314 19.375 19.375 -2.4492935982947064e-16 -1 0 1 -2.4492935982947064e-16 0 0 0 1 3.0066134076011086
2 118 38.75 38.75 -2.4492935982947064e-16 -1 0 1 -2.4492935982947064e-16 0 0 0 1 3.3460076502852165
2 98.333333333333314 19.375 58.125 -2.4492935982947064e-16 -1 0 1 -2.4492935982947064e-16 0 0 0 1 3.1763608308751499
2 98.333333333333314 58.125 -58.125 -2.4492935982947064e-16 -1 0 1 -2.4492935982947064e-16 0 0 0 1 1.6730038251426083
2 98.333333333333314 58.125 -19.375 -2.4492935982947064e-16 -1 0 1 -2.4492935982947064e-16 0 0 0 1 2.4961264269509011
2 98.333333333333314 58.125 19.375 -2.4492935982947064e-16 -1 0 1 -2.4492935982947064e-16 0 0 0 1 2.4970548832672614
2 98.333333333333314 58.125 58.125 -2.4492935982947064e-16 -1 0 1 -2.4492935982947064e-16 0 0 0 1 1.6730038251426083
2 137.66666666666663 -58.125 -58.125 -2.4492935982947064e-16 -1 0 1 -2.4492935982947064e-16 0 0 0 1 3.3460076502852165
2 157.33333333333331 -77.5 -77.5 -2.4492935982947064e-16 -1 0 1 -2.4492935982947064e-16 0 0 0 1 3.3460076502852165
2 157.33333333333331 -77.5 -38.75 -2.4492935982947064e-16 -1 0 1 -2.4492935982947064e-16 0 0 0 1 3.3460076502852165
2 157.33333333333331 -38.75 -77.5 -2.4492935982947064e-16 -1 0 1 -2.4492935982947064e-16 0 0 0 1 3.3460076502852165
2 157.33333333333331 -38.75 -38.75 -2.4492935982947064e-16 -1 0 1 -2.4492935982947064e-16 0 0 0 1 3.3460076502852165
2 137.66666666666663 -58.125 -19.375 -2.4492935982947064e-16 -1 0 1 -2.4492935982947064e-16 0 0 0 1 2.9769762133212465
2 157.33333333333331 -77.5 0 -2.4492935982947064e-16 -1 0 1 -2.4492935982947064e-16 0 0 0 1 3.3460076502852165
2 157.33333333333331 -38.75 0 -2.4492935982947064e-16 -1 0 1 -2.4492935982947064e-16 0 0 0 1 3.3460076502852165
2 137.66666666666663 -58.125 19.375 -2.4492935982947064e-16 -1 0 1 -2.4492935982947064e-16 0 0 0 1 2.9767714889138874
2 157.33333333333331 -77.5 38.75 -2.4492935982947064e-16 -1 0 1 -2.4492935982947064e-16 0 0 0 1 3.3460076502852165
2 157.33333333333331 -38.75 38.75 -2.4492935982947064e-16 -1 0 1 -2.4492935982947064e-16 0 0 0 1 3.3460076502852165
2 137.66666666666663 -58.125 58.125 -2.4492935982947064e-16 -1 0 1 -2.4492935982947064e-16 0 0 0 1 3.3460076502852165
2 157.33333333333331 -77.5 77.5 -2.4492935982947064e-16 -1 0 1 -2.4492935982947064e-16 0 0 0 1 3.3460076502852165
2 157.33333333333331 -38.75 77.5 -2.4492935982947064e-16 -1 0 1 -2.4492935982947064e-16 0 0 0 1 3.3460076502852165
2 137.66666666666663 -19.375 -58.125 -2.4492935982947064e-16 -1 0 1 -2.4492935982947064e-16 0 0 0 1 3.3460076502852165
2 157.33333333333331 0 -77.5 -2.4492935982947064e-16 -1 0 1 -2.4492935982947064e-16 0 0 0 1 3.3460076502852165
2 157.33333333333331 0 -38.75 -2.4492935982947064e-16 -1 0 1 -2.4492935982947064e-16 0 0 0 1 3.3460076502852165
2 137.66666666666663 -19.375 -19.375 -2.4492935982947064e-16 -1 0 1 -2.4492935982947064e-16 0 0 0 1 3.3460076502852165
2 157.33333333333331 0 0 -2.4492935982947064e-16 -1 0 1 -2.4492935982947064e-16 0 0 0 1 3.3460076502852165
2 137.66666666666663 -19.375 19.375 -2.4492935982947064e-16 -1 0 1 -2.4492935982947064e-16 0 0 0 1 3.3460076502852165
2 157.33333333333331 0 38.75 -2.4492935982947064e-16 -1 0 1 -2.4492935982947064e-16 0 0 0 1 3.3460076502852165
2 137.66666666666663 -19.375 58.125 -2.4492935982947064e-16 -1 0 1 -2.4492935982947064e-16 0 0 0 1 3.3460076502852165
2 157.33333333333331 0 77.5 -2.4492935982947064e-16 -1 0 1 -2.4492935982947064e-16 0 0 0 1 3.3460076502852165
2 137.66666666666663 19.375 -58.125 -2.4492935982947064e-16 -1 0 1 -2.4492935982947064e-16 0 0 0 1 3.3460076502852165
2 157.33333333333331 38.75 -77.5 -2.4492935982947064e-16 -1 0 1 -2.4492935982947064e-16 0 0 0 1 3.3460076502852165
2 157.33333333333331 38.75 -38.75 -2.4492935982947064e-16 -1 0 1 -2.4492935982947064e-16 0 0 0 1 3.3460076502852165
2 137.66666666666663 19.375 -19.375 -2.4492935982947064e-16 -1 0 1 -2.4492935982947064e-16 0 0 0 1 1.9444226359171066
2 157.33333333333331 38.75 0 -2.4492935982947064e-16 -1 0 1 -2.4492935982947064e-16 0 0 0 1 3.3460076502852165
2 137.66666666666663 19.375 19.375 -2.4492935982947064e-16 -1 0 1 -2.4492935982947064e-16 0 0 0 1 1.928820840744113
2 157.33333333333331 38.75 38.75 -2.4492935982947064e-16 -1 0 1 -2.4492935982947064e-16 0 0 0 1 3.3460076502852165
2 137.66666666666663 19.375 58.125 -2.4492935982947064e-16 -1 0 1 -2.4492935982947064e-16 0 0 0 1 3.3460076502852165
2 157.33333333333331 38.75 77.5 -2.4492935982947064e-16 -1 0 1 -2.4492935982947064e-16 0 0 0 1 3.3460076502852165
2 137.66666666666663 58.125 -58.125 -2.4492935982947064e-16 -1 0 1 -2.4492935982947064e-16 0 0 0 1 3.3460076502852165
2 157.33333333333331 77.5 -77.5 -2.4492935982947064e-16 -1 0 1 -2.4492935982947064e-16 0 0 0 1 3.3460076502852165
2 157.33333333333331 77.5 -38.75 -2.4492935982947064e-16 -1 0 1 -2.4492935982947064e-16 0 0 0 1 3.3460076502852165
2 137.66666666666663 58.125 -19.375 -2.4492935982947064e-16 -1 0 1 -2.4492935982947064e-16 0 0 0 1 3.3460076502852165
2 157.33333333333331 77.5 0 -2.4492935982947064e-16 -1 0 1 -2.4492935982947064e-16 0 0 0 1 3.3460076502852165
2 137.66666666666663 58.125 19.375 -2.4492935982947064e-16 -1 0 1 -2.4492935982947064e-16 0 0 0 1 3.3460076502852165
2 157.33333333333331 77.5 38.75 -2.4492935982947064e-16 -1 0 1 -2.4492935982947064e-16 0 0 0 1 3.3460076502852165
2 137.66666666666663 58.125 58.125 -2.4492935982947064e-16 -1 0 1 -2.4492935982947064e-16 0 0 0 1 3.3460076502852165
2 157.33333333333331 77.5 77.5 -2.4492935982947064e-16 -1 0 1 -2.4492935982947064e-16 0 0 0 1 3.3460076502852165
1 -160 -80 -80 0 0 1 
1 -160 -80 80 -0 1 0 
1 -160 80 -80 0 0 1 
1 -160 -80 -80 -0 1 0 
1 -149.78254090141928 -80 -80 0 0 1 
1 -149.78254090141928 -80 80 -0 1 0 
1 -149.78254090141928 80 -80 0 0 1 
1 -149.78254090141928 -80 -80 -0 1 0 
1 -160 -80 -80 1 0 -0 
1 -160 -80 80 1 0 -0 
1 -160 80 -80 1 0 -0 
1 -160 80 80 1 0 -0 
1 149.78254090141934 -80 -80 0 0 1 
1 149.78254090141934 -80 80 -0 1 0 
1 149.78254090141934 80 -80 0 0 1 
1 149.78254090141934 -80 -80 -0 1 0 
1 160 -80 -80 0 0 1 
1 160 -80 80 -0 1 0 
1 160 80 -80 0 0 1 
1 160 -80 -80 -0 1 0 
1 149.78254090141934 -80 -80 1 0 -0 
1 149.78254090141934 -80 80 1 0 -0 
1 149.78254090141934 80 -80 1 0 -0 
1 149.78254090141934 80 80 1 0 -0 
Polygon3D 0
PolygonOnTriangulations 0
Surfaces 1224
2 -157.33333333333334 38.75 -77.5 0.58310100000355214 0.57445331568146496 0.57445331568146496 -0.70180464938939446 2.7755575615628901e-17 0.71236945056299894 0.4092229928660982 -0.81853734679767132 0.40315400780240568 3.3460076502852165
1 -137.66666666666666 58.125 -58.125 0.58310100000355214 0.57445331568146496 0.57445331568146496 -0.70180464938939446 2.7755575615628901e-17 0.71236945056299894 0.4092229928660982 -0.81853734679767132 0.40315400780240568 
1 -157.33333333333334 38.75 -77.5 0.58310100000355214 0.57445331568146496 0.57445331568146496 -0.70180464938939446 2.7755575615628901e-17 0.71236945056299894 0.4092229928660982 -0.81853734679767132 0.40315400780240568 
2 -157.33333333333334 38.75 -38.75 0.58310100000355214 0.57445331568146496 -0.57445331568146496 0.70180464938939446 -2.7755575615628901e-17 0.71236945056299894 0.4092229928660982 -0.81853734679767132 -0.40315400780240568 3.3460076502852165
1 -137.66666666666666 58.125 -58.125 0.58310100000355214 0.57445331568146496 -0.57445331568146496 0.70180464938939446 -2.7755575615628901e-17 0.71236945056299894 0.4092229928660982 -0.81853734679767132 -0.40315400780240568 
1 -157.33333333333334 38.75 -38.75 0.58310100000355214 0.57445331568146496 -0.57445331568146496 0.70180464938939446 -2.7755575615628901e-17 0.71236945056299894 0.4092229928660982 -0.81853734679767132 -0.40315400780240568 
2 -157.33333333333334 38.75 -38.75 0.58310100000355214 0.57445331568146496 0.57445331568146496 -0.70180464938939446 2.7755575615628901e-17 0.71236945056299894 0.4092229928660982 -0.81853734679767132 0.40315400780240568 3.3460076502852165
1 -137.66666666666666 58.125 -19.374999999999996 0.58310100000355214 0.57445331568146496 0.57445331568146496 -0.70180464938939446 2.7755575615628901e-17 0.71236945056299894 0.4092229928660982 -0.81853734679767132 0.40315400780240568 
1 -157.33333333333334 38.75 -38.75 0.58310100000355214 0.57445331568146496 0.57445331568146496 -0.70180464938939446 2.7755575615628901e-17 0.71236945056299894 0.4092229928660982 -0.81853734679767132 0.40315400780240568 
3 -118 38.75 -77.5 -0.58310100000355147 0.57445331568146518 0.57445331568146518 -0.70180464938939502 2.7755575615628914e-17 -0.7123694505629985 -0.40922299286609809 -0.81853734679767109 0.40315400780240612 1.6730038251426083
0.049562608043954882
1 -137.66666666666666 58.125 -58.125 -0.58310100000355147 0.57445331568146518 0.57445331568146518 -0.70180464938939502 2.7755575615628914e-17 -0.7123694505629985 -0.40922299286609809 -0.81853734679767109 0.40315400780240612 
1 -118 38.75 -77.5 -0.58310100000355147 0.57445331568146518 0.57445331568146518 -0.70180464938939502 2.7755575615628914e-17 -0.7123694505629985 -0.40922299286609809 -0.81853734679767109 0.40315400780240612 
3 -118 38.75 -77.5 0.58310100000355147 0.57445331568146518 0.57445331568146518 -0.70180464938939502 -2.7755575615628914e-17 0.7123694505629985 0.40922299286609809 -0.81853734679767109 0.40315400780240612 1.6730038251426083
0.049562608043954882
1 -98.333333333333343 58.125 -58.125 0.58310100000355147 0.57445331568146518 0.57445331568146518 -0.70180464938939502 -2.7755575615628914e-17 0.7123694505629985 0.40922299286609809 -0.81853734679767109 0.40315400780240612 
1 -118 38.75 -77.5 0.58310100000355147 0.57445331568146518 0.57445331568146518 -0.70180464938939502 -2.7755575615628914e-17 0.7123694505629985 0.40922299286609809 -0.81853734679767109 0.40315400780240612 
3 -118 38.75 -38.75 -0.58310100000355147 0.57445331568146518 -0.57445331568146518 0.70180464938939502 -2.7755575615628914e-17 -0.7123694505629985 -0.40922299286609809 -0.81853734679767109 -0.40315400780240612 2.4981002036589097
0.025134486162942494
1 -137.66666666666666 58.125 -58.125 -0.58310100000355147 0.57445331568146518 -0.57445331568146518 0.70180464938939502 -2.7755575615628914e-17 -0.7123694505629985 -0.40922299286609809 -0.81853734679767109 -0.40315400780240612 
1 -118 38.75 -38.75 -0.58310100000355147 0.57445331568146518 -0.57445331568146518 0.70180464938939502 -2.7755575615628914e-17 -0.7123694505629985 -0.40922299286609809 -0.81853734679767109 -0.40315400780240612 
3 -118 38.75 -38.75 -0.58310100000355147 0.57445331568146518 0.57445331568146518 -0.70180464938939502 2.7755575615628914e-17 -0.7123694505629985 -0.40922299286609809 -0.81853734679767109 0.40315400780240612 2.4981002036589097
0.025134486162942494
1 -137.66666666666666 58.125 -19.375000000000004 -0.58310100000355147 0.57445331568146518 0.57445331568146518 -0.70180464938939502 2.7755575615628914e-17 -0.7123694505629985 -0.40922299286609809 -0.81853734679767109 0.40315400780240612 
1 -118 38.75 -38.75 -0.58310100000355147 0.57445331568146518 0.57445331568146518 -0.70180464938939502 2.7755575615628914e-17 -0.7123694505629985 -0.40922299286609809 -0.81853734679767109 0.40315400780240612 
3 -118 38.75 -38.75 0.58310100000355147 0.57445331568146518 -0.57445331568146518 0.70180464938939502 2.7755575615628914e-17 0.7123694505629985 0.40922299286609809 -0.81853734679767109 -0.40315400780240612 2.4981002036589097
0.025134486162942494
1 -98.333333333333343 58.125 -58.125 0.58310100000355147 0.57445331568146518 -0.57445331568146518 0.70180464938939502 2.7755575615628914e-17 0.7123694505629985 0.40922299286609809 -0.81853734679767109 -0.40315400780240612 
1 -118 38.75 -38.75 0.58310100000355147 0.57445331568146518 -0.57445331568146518 0.70180464938939502 2.7755575615628914e-17 0.7123694505629985 0.40922299286609809 -0.81853734679767109 -0.40315400780240612 
3 -118 38.75 -38.75 0.58310100000355147 0.57445331568146518 0.57445331568146518 -0.70180464938939502 -2.7755575615628914e-17 0.7123694505629985 0.40922299286609809 -0.81853734679767109 0.40315400780240612 2.4981002036589097
0.025134486162942494
1 -98.333333333333343 58.125 -19.375000000000004 0.58310100000355147 0.57445331568146518 0.57445331568146518 -0.70180464938939502 -2.7755575615628914e-17 0.7123694505629985 0.40922299286609809 -0.81853734679767109 0.40315400780240612 
1 -118 38.75 -38.75 0.58310100000355147 0.57445331568146518 0.57445331568146518 -0.70180464938939502 -2.7755575615628914e-17 0.7123694505629985 0.40922299286609809 -0.81853734679767109 0.40315400780240612 
2 -157.33333333333334 38.75 0 0.58310100000355214 0.57445331568146496 -0.57445331568146496 0.70180464938939446 -2.7755575615628901e-17 0.71236945056299894 0.4092229928660982 -0.81853734679767132 -0.40315400780240568 3.3460076502852165
1 -137.66666666666666 58.125 -19.375000000000004 0.58310100000355214 0.57445331568146496 -0.57445331568146496 0.70180464938939446 -2.7755575615628901e-17 0.71236945056299894 0.4092229928660982 -0.81853734679767132 -0.40315400780240568 
1 -157.33333333333334 38.75 0 0.58310100000355214 0.57445331568146496 -0.57445331568146496 0.70180464938939446 -2.7755575615628901e-17 0.71236945056299894 0.4092229928660982 -0.81853734679767132 -0.40315400780240568 
2 -157.33333333333334 38.75 0 0.58310100000355214 0.57445331568146496 0.57445331568146496 -0.70180464938939446 2.7755575615628901e-17 0.71236945056299894 0.4092229928660982 -0.81853734679767132 0.40315400780240568 3.3460076502852165
1 -137.66666666666666 58.125 19.375000000000004 0.58310100000355214 0.57445331568146496 0.57445331568146496 -0.70180464938939446 2.7755575615628901e-17 0.71236945056299894 0.4092229928660982 -0.81853734679767132 0.40315400780240568 
1 -157.33333333333334 38.75 0 0.58310100000355214 0.57445331568146496 0.57445331568146496 -0.70180464938939446 2.7755575615628901e-17 0.71236945056299894 0.4092229928660982 -0.81853734679767132 0.40315400780240568 
3 -118 38.75 0 -0.58310100000355147 0.57445331568146518 -0.57445331568146518 0.70180464938939502 -2.7755575615628914e-17 -0.7123694505629985 -0.40922299286609809 -0.81853734679767109 -0.40315400780240612 2.6918674184801934
0.019392305512735446
1 -137.66666666666666 58.125 -19.374999999999996 -0.58310100000355147 0.57445331568146518 -0.57445331568146518 0.70180464938939502 -2.7755575615628914e-17 -0.7123694505629985 -0.40922299286609809 -0.81853734679767109 -0.40315400780240612 
1 -118 38.75 0 -0.58310100000355147 0.57445331568146518 -0.57445331568146518 0.70180464938939502 -2.7755575615628914e-17 -0.7123694505629985 -0.40922299286609809 -0.81853734679767109 -0.40315400780240612 
3 -118 38.75 0 -0.58310100000355147 0.57445331568146518 0.57445331568146518 -0.70180464938939502 2.7755575615628914e-17 -0.7123694505629985 -0.40922299286609809 -0.81853734679767109 0.40315400780240612 2.6918674184801934
0.019392305512735446
1 -137.66666666666666 58.125 19.374999999999996 -0.58310100000355147 0.57445331568146518 0.57445331568146518 -0.70180464938939502 2.7755575615628914e-17 -0.7123694505629985 -0.40922299286609809 -0.81853734679767109 0.40315400780240612 
1 -118 38.75 0 -0.58310100000355147 0.57445331568146518 0.57445331568146518 -0.70180464938939502 2.7755575615628914e-17 -0.7123694505629985 -0.40922299286609809 -0.81853734679767109 0.40315400780240612 
3 -118 38.75 0 0.58310100000355147 0.57445331568146518 -0.57445331568146518 0.70180464938939502 2.7755575615628914e-17 0.7123694505629985 0.40922299286609809 -0.81853734679767109 -0.40315400780240612 2.6918674184801934
0.019392305512735446
1 -98.333333333333343 58.125 -19.374999999999996 0.58310100000355147 0.57445331568146518 -0.57445331568146518 0.70180464938939502 2.7755575615628914e-17 0.7123694505629985 0.40922299286609809 -0.81853734679767109 -0.40315400780240612 
1 -118 38.75 0 0.58310100000355147 0.57445331568146518 -0.57445331568146518 0.70180464938939502 2.7755575615628914e-17 0.7123694505629985 0.40922299286609809 -0.81853734679767109 -0.40315400780240612 
3 -118 38.75 0 0.58310100000355147 0.57445331568146518 0.57445331568146518 -0.70180464938939502 -2.7755575615628914e-17 0.7123694505629985 0.40922299286609809 -0.81853734679767109 0.40315400780240612 2.6918674184801934
0.019392305512735446
1 -98.333333333333343 58.125 19.374999999999996 0.58310100000355147 0.57445331568146518 0.57445331568146518 -0.70180464938939502 -2.7755575615628914e-17 0.7123694505629985 0.40922299286609809 -0.81853734679767109 0.40315400780240612 
1 -118 38.75 0 0.58310100000355147 0.57445331568146518 0.57445331568146518 -0.70180464938939502 -2.7755575615628914e-17 0.7123694505629985 0.40922299286609809 -0.81853734679767109 0.40315400780240612 
2 -157.33333333333334 38.75 38.75 0.58310100000355214 0.57445331568146496 -0.57445331568146496 0.70180464938939446 -2.7755575615628901e-17 0.71236945056299894 0.4092229928660982 -0.81853734679767132 -0.40315400780240568 3.3460076502852165
1 -137.66666666666666 58.125 19.374999999999996 0.58310100000355214 0.57445331568146496 -0.57445331568146496 0.70180464938939446 -2.7755575615628901e-17 0.71236945056299894 0.4092229928660982 -0.81853734679767132 -0.40315400780240568 
1 -157.33333333333334 38.75 38.75 0.58310100000355214 0.57445331568146496 -0.57445331568146496 0.70180464938939446 -2.7755575615628901e-17 0.71236945056299894 0.4092229928660982 -0.81853734679767132 -0.40315400780240568 
2 -157.33333333333334 38.75 38.75 0.58310100000355214 0.57445331568146496 0.57445331568146496 -0.70180464938939446 2.7755575615628901e-17 0.71236945056299894 0.4092229928660982 -0.81853734679767132 0.40315400780240568 3.3460076502852165
1 -137.66666666666666 58.125 58.125 0.58310100000355214 0.57445331568146496 0.57445331568146496 -0.70180464938939446 2.7755575615628901e-17 0.71236945056299894 0.4092229928660982 -0.81853734679767132 0.40315400780240568 
1 -157.33333333333334 38.75 38.75 0.58310100000355214 0.57445331568146496 0.57445331568146496 -0.70180464938939446 2.7755575615628901e-17 0.71236945056299894 0.4092229928660982 -0.81853734679767132 0.40315400780240568 
3 -118 38.75 38.75 -0.58310100000355147 0.57445331568146518 -0.57445331568146518 0.70180464938939502 -2.7755575615628914e-17 -0.7123694505629985 -0.40922299286609809 -0.81853734679767109 -0.40315400780240612 2.4978099325270104
0.025143087033085806
1 -137.66666666666666 58.125 19.375000000000004 -0.58310100000355147 0.57445331568146518 -0.57445331568146518 0.70180464938939502 -2.7755575615628914e-17 -0.7123694505629985 -0.40922299286609809 -0.81853734679767109 -0.40315400780240612 
1 -118 38.75 38.75 -0.58310100000355147 0.57445331568146518 -0.57445331568146518 0.70180464938939502 -2.7755575615628914e-17 -0.7123694505629985 -0.40922299286609809 -0.81853734679767109 -0.40315400780240612 
3 -118 38.75 38.75 -0.58310100000355147 0.57445331568146518 0.57445331568146518 -0.70180464938939502 2.7755575615628914e-17 -0.7123694505629985 -0.40922299286609809 -0.81853734679767109 0.40315400780240612 2.4978099325270104
0.025143087033085806
1 -137.66666666666666 58.125 58.125 -0.58310100000355147 0.57445331568146518 0.57445331568146518 -0.70180464938939502 2.7755575615628914e-17 -0.7123694505629985 -0.40922299286609809 -0.81853734679767109 0.40315400780240612 
1 -118 38.75 38.75 -0.58310100000355147 0.57445331568146518 0.57445331568146518 -0.70180464938939502 2.7755575615628914e-17 -0.7123694505629985 -0.40922299286609809 -0.81853734679767109 0.40315400780240612 
3 -118 38.75 38.75 0.58310100000355147 0.57445331568146518 -0.57445331568146518 0.70180464938939502 2.7755575615628914e-17 0.7123694505629985 0.40922299286609809 -0.81853734679767109 -0.40315400780240612 2.4978099325270104
0.025143087033085806
1 -98.333333333333343 58.125 19.375000000000004 0.58310100000355147 0.57445331568146518 -0.57445331568146518 0.70180464938939502 2.7755575615628914e-17 0.7123694505629985 0.40922299286609809 -0.81853734679767109 -0.40315400780240612 
1 -118 38.75 38.75 0.58310100000355147 0.57445331568146518 -0.57445331568146518 0.70180464938939502 2.7755575615628914e-17 0.7123694505629985 0.40922299286609809 -0.81853734679767109 -0.40315400780240612 
3 -118 38.75 38.75 0.58310100000355147 0.57445331568146518 0.57445331568146518 -0.70180464938939502 -2.7755575615628914e-17 0.7123694505629985 0.40922299286609809 -0.81853734679767109 0.40315400780240612 2.4978099325270104
0.025143087033085806
1 -98.333333333333343 58.125 58.125 0.58310100000355147 0.57445331568146518 0.57445331568146518 -0.70180464938939502 -2.7755575615628914e-17 0.7123694505629985 0.40922299286609809 -0.81853734679767109 0.40315400780240612 
1 -118 38.75 38.75 0.58310100000355147 0.57445331568146518 0.57445331568146518 -0.70180464938939502 -2.7755575615628914e-17 0.7123694505629985 0.40922299286609809 -0.81853734679767109 0.40315400780240612 
2 -157.33333333333334 38.75 77.5 0.58310100000355214 0.57445331568146496 -0.57445331568146496 0.70180464938939446 -2.7755575615628901e-17 0.71236945056299894 0.4092229928660982 -0.81853734679767132 -0.40315400780240568 3.3460076502852165
1 -137.66666666666666 58.125 58.125 0.58310100000355214 0.57445331568146496 -0.57445331568146496 0.70180464938939446 -2.7755575615628901e-17 0.71236945056299894 0.4092229928660982 -0.81853734679767132 -0.40315400780240568 
1 -157.33333333333334 38.75 77.5 0.58310100000355214 0.57445331568146496 -0.57445331568146496 0.70180464938939446 -2.7755575615628901e-17 0.71236945056299894 0.4092229928660982 -0.81853734679767132 -0.40315400780240568 
3 -118 38.75 77.5 -0.58310100000355147 0.57445331568146518 -0.57445331568146518 0.70180464938939502 -2.7755575615628914e-17 -0.7123694505629985 -0.40922299286609809 -0.81853734679767109 -0.40315400780240612 1.6730038251426083
0.049562608043954882
1 -137.66666666666666 58.125 58.125 -0.58310100000355147 0.57445331568146518 -0.57445331568146518 0.70180464938939502 -2.7755575615628914e-17 -0.7123694505629985 -0.40922299286609809 -0.81853734679767109 -0.40315400780240612 
1 -118 38.75 77.5 -0.58310100000355147 0.57445331568146518 -0.57445331568146518 0.70180464938939502 -2.7755575615628914e-17 -0.7123694505629985 -0.40922299286609809 -0.81853734679767109 -0.40315400780240612 
3 -118 38.75 77.5 0.58310100000355147 0.57445331568146518 -0.57445331568146518 0.70180464938939502 2.7755575615628914e-17 0.7123694505629985 0.40922299286609809 -0.81853734679767109 -0.40315400780240612 1.6730038251426083
0.049562608043954882
1 -98.333333333333343 58.125 58.125 0.58310100000355147 0.57445331568146518 -0.57445331568146518 0.70180464938939502 2.7755575615628914e-17 0.7123694505629985 0.40922299286609809 -0.81853734679767109 -0.40315400780240612 
1 -118 38.75 77.5 0.58310100000355147 0.57445331568146518 -0.57445331568146518 0.70180464938939502 2.7755575615628914e-17 0.7123694505629985 0.40922299286609809 -0.81853734679767109 -0.40315400780240612 
2 -137.66666666666666 58.125 -58.125 -0.58310100000355214 0.57445331568146496 -0.57445331568146496 0.70180464938939446 2.7755575615628901e-17 -0.71236945056299894 -0.4092229928660982 -0.81853734679767132 -0.40315400780240568 3.3460076502852165
1 -157.33333333333334 77.5 -77.5 -0.58310100000355214 0.57445331568146496 -0.57445331568146496 0.70180464938939446 2.7755575615628901e-17 -0.71236945056299894 -0.4092229928660982 -0.81853734679767132 -0.40315400780240568 
1 -137.66666666666666 58.125 -58.125 -0.58310100000355214 0.57445331568146496 -0.57445331568146496 0.70180464938939446 2.7755575615628901e-17 -0.71236945056299894 -0.4092229928660982 -0.81853734679767132 -0.40315400780240568 
2 -137.66666666666666 58.125 -58.125 -0.58310100000355214 0.57445331568146496 0.57445331568146496 -0.70180464938939446 -2.7755575615628901e-17 -0.71236945056299894 -0.4092229928660982 -0.81853734679767132 0.40315400780240568 3.3460076502852165
1 -157.33333333333334 77.5 -38.75 -0.58310100000355214 0.57445331568146496 0.57445331568146496 -0.70180464938939446 -2.7755575615628901e-17 -0.71236945056299894 -0.4092229928660982 -0.81853734679767132 0.40315400780240568 
1 -137.66666666666666 58.125 -58.125 -0.58310100000355214 0.57445331568146496 0.57445331568146496 -0.70180464938939446 -2.7755575615628901e-17 -0.71236945056299894 -0.4092229928660982 -0.81853734679767132 0.40315400780240568 
2 -137.66666666666666 58.125 -58.125 0.58310100000355147 0.57445331568146518 -0.57445331568146518 0.70180464938939502 2.7755575615628914e-17 0.7123694505629985 0.40922299286609809 -0.81853734679767109 -0.40315400780240612 3.3460076502852165
1 -118 77.5 -77.5 0.58310100000355147 0.57445331568146518 -0.57445331568146518 0.70180464938939502 2.7755575615628914e-17 0.7123694505629985 0.40922299286609809 -0.81853734679767109 -0.40315400780240612 
1 -137.66666666666666 58.125 -58.125 0.58310100000355147 0.57445331568146518 -0.57445331568146518 0.70180464938939502 2.7755575615628914e-17 0.7123694505629985 0.40922299286609809 -0.81853734679767109 -0.40315400780240612 
2 -137.66666666666666 58.125 -58.125 0.58310100000355147 0.57445331568146518 0.57445331568146518 -0.70180464938939502 -2.7755575615628914e-17 0.7123694505629985 0.40922299286609809 -0.81853734679767109 0.40315400780240612 3.3460076502852165
1 -118 77.5 -38.75 0.58310100000355147 0.57445331568146518 0.57445331568146518 -0.70180464938939502 -2.7755575615628914e-17 0.7123694505629985 0.40922299286609809 -0.81853734679767109 0.40315400780240612 
1 -137.66666666666666 58.125 -58.125 0.58310100000355147 0.57445331568146518 0.57445331568146518 -0.70180464938939502 -2.7755575615628914e-17 0.7123694505629985 0.40922299286609809 -0.81853734679767109 0.40315400780240612 
2 -157.33333333333334 77.5 -38.75 0.58310100000355214 -0.57445331568146496 0.57445331568146496 -0.70180464938939446 -2.7755575615628901e-17 0.71236945056299894 -0.4092229928660982 -0.81853734679767132 -0.40315400780240568 3.3460076502852165
1 -137.66666666666666 58.125 -19.374999999999996 0.58310100000355214 -0.57445331568146496 0.57445331568146496 -0.70180464938939446 -2.7755575615628901e-17 0.71236945056299894 -0.4092229928660982 -0.81853734679767132 -0.40315400780240568 
1 -157.33333333333334 77.5 -38.75 0.58310100000355214 -0.57445331568146496 0.57445331568146496 -0.70180464938939446 -2.7755575615628901e-17 0.71236945056299894 -0.4092229928660982 -0.81853734679767132 -0.40315400780240568 
2 -118 77.5 -77.5 0.58310100000355147 -0.57445331568146518 0.57445331568146518 -0.70180464938939502 2.7755575615628914e-17 0.7123694505629985 -0.40922299286609809 -0.81853734679767109 -0.40315400780240612 3.3460076502852165
1 -98.333333333333343 58.125 -58.125 0.58310100000355147 -0.57445331568146518 0.57445331568146518 -0.70180464938939502 2.7755575615628914e-17 0.7123694505629985 -0.40922299286609809 -0.81853734679767109 -0.40315400780240612 
1 -118 77.5 -77.5 0.58310100000355147 -0.57445331568146518 0.57445331568146518 -0.70180464938939502 2.7755575615628914e-17 0.7123694505629985 -0.40922299286609809 -0.81853734679767109 -0.40315400780240612 
2 -118 77.5 -38.75 -0.58310100000355147 -0.57445331568146518 0.57445331568146518 -0.70180464938939502 -2.7755575615628914e-17 -0.7123694505629985 0.40922299286609809 -0.81853734679767109 -0.40315400780240612 3.3460076502852165
1 -137.66666666666666 58.125 -19.375000000000004 -0.58310100000355147 -0.57445331568146518 0.57445331568146518 -0.70180464938939502 -2.7755575615628914e-17 -0.7123694505629985 0.40922299286609809 -0.81853734679767109 -0.40315400780240612 
1 -118 77.5 -38.75 -0.58310100000355147 -0.57445331568146518 0.57445331568146518 -0.70180464938939502 -2.7755575615628914e-17 -0.7123694505629985 0.40922299286609809 -0.81853734679767109 -0.40315400780240612 
2 -118 77.5 -38.75 0.58310100000355147 -0.57445331568146518 -0.57445331568146518 0.70180464938939502 -2.7755575615628914e-17 0.7123694505629985 -0.40922299286609809 -0.81853734679767109 0.40315400780240612 3.3460076502852165
1 -98.333333333333343 58.125 -58.125 0.58310100000355147 -0.57445331568146518 -0.57445331568146518 0.70180464938939502 -2.7755575615628914e-17 0.7123694505629985 -0.40922299286609809 -0.81853734679767109 0.40315400780240612 
1 -118 77.5 -38.75 0.58310100000355147 -0.57445331568146518 -0.57445331568146518 0.70180464938939502 -2.7755575615628914e-17 0.7123694505629985 -0.40922299286609809 -0.81853734679767109 0.40315400780240612 
2 -118 77.5 -38.75 0.58310100000355147 -0.57445331568146518 0.57445331568146518 -0.70180464938939502 2.7755575615628914e-17 0.7123694505629985 -0.40922299286609809 -0.81853734679767109 -0.40315400780240612 3.3460076502852165
1 -98.333333333333343 58.125 -19.375000000000004 0.58310100000355147 -0.57445331568146518 0.57445331568146518 -0.70180464938939502 2.7755575615628914e-17 0.7123694505629985 -0.40922299286609809 -0.81853734679767109 -0.40315400780240612 
1 -118 77.5 -38.75 0.58310100000355147 -0.57445331568146518 0.57445331568146518 -0.70180464938939502 2.7755575615628914e-17 0.7123694505629985 -0.40922299286609809 -0.81853734679767109 -0.40315400780240612 
2 -137.66666666666666 58.125 -19.375 -0.58310100000355214 0.57445331568146496 0.57445331568146496 -0.70180464938939446 -2.7755575615628901e-17 -0.71236945056299894 -0.4092229928660982 -0.81853734679767132 0.40315400780240568 3.3460076502852165
1 -157.33333333333334 77.5 3.5527136788005009e-15 -0.58310100000355214 0.57445331568146496 0.57445331568146496 -0.70180464938939446 -2.7755575615628901e-17 -0.71236945056299894 -0.4092229928660982 -0.81853734679767132 0.40315400780240568 
1 -137.66666666666666 58.125 -19.375 -0.58310100000355214 0.57445331568146496 0.57445331568146496 -0.70180464938939446 -2.7755575615628901e-17 -0.71236945056299894 -0.4092229928660982 -0.81853734679767132 0.40315400780240568 
2 -137.66666666666666 58.125 -19.375 0.58310100000355147 0.57445331568146518 0.57445331568146518 -0.70180464938939502 -2.7755575615628914e-17 0.7123694505629985 0.40922299286609809 -0.81853734679767109 0.40315400780240612 3.3460076502852165
1 -118 77.5 -3.5527136788005009e-15 0.58310100000355147 0.57445331568146518 0.57445331568146518 -0.70180464938939502 -2.7755575615628914e-17 0.7123694505629985 0.40922299286609809 -0.81853734679767109 0.40315400780240612 
1 -137.66666666666666 58.125 -19.375 0.58310100000355147 0.57445331568146518 0.57445331568146518 -0.70180464938939502 -2.7755575615628914e-17 0.7123694505629985 0.40922299286609809 -0.81853734679767109 0.40315400780240612 
2 -157.33333333333334 77.5 0 0.58310100000355214 -0.57445331568146496 0.57445331568146496 -0.70180464938939446 -2.7755575615628901e-17 0.71236945056299894 -0.4092229928660982 -0.81853734679767132 -0.40315400780240568 3.3460076502852165
1 -137.66666666666666 58.125 19.375000000000004 0.58310100000355214 -0.57445331568146496 0.57445331568146496 -0.70180464938939446 -2.7755575615628901e-17 0.71236945056299894 -0.4092229928660982 -0.81853734679767132 -0.40315400780240568 
1 -157.33333333333334 77.5 0 0.58310100000355214 -0.57445331568146496 0.57445331568146496 -0.70180464938939446 -2.7755575615628901e-17 0.71236945056299894 -0.4092229928660982 -0.81853734679767132 -0.40315400780240568 
2 -118 77.5 0 -0.58310100000355147 -0.57445331568146518 0.57445331568146518 -0.70180464938939502 -2.7755575615628914e-17 -0.7123694505629985 0.40922299286609809 -0.81853734679767109 -0.40315400780240612 3.3460076502852165
1 -137.66666666666666 58.125 19.374999999999996 -0.58310100000355147 -0.57445331568146518 0.57445331568146518 -0.70180464938939502 -2.7755575615628914e-17 -0.7123694505629985 0.40922299286609809 -0.81853734679767109 -0.40315400780240612 
1 -118 77.5 0 -0.58310100000355147 -0.57445331568146518 0.57445331568146518 -0.70180464938939502 -2.7755575615628914e-17 -0.7123694505629985 0.40922299286609809 -0.81853734679767109 -0.40315400780240612 
2 -118 77.5 0 0.58310100000355147 -0.57445331568146518 -0.57445331568146518 0.70180464938939502 -2.7755575615628914e-17 0.7123694505629985 -0.40922299286609809 -0.81853734679767109 0.40315400780240612 3.3460076502852165
1 -98.333333333333343 58.125 -19.374999999999996 0.58310100000355147 -0.57445331568146518 -0.57445331568146518 0.70180464938939502 -2.7755575615628914e-17 0.7123694505629985 -0.40922299286609809 -0.81853734679767109 0.40315400780240612 
1 -118 77.5 0 0.58310100000355147 -0.57445331568146518 -0.57445331568146518 0.70180464938939502 -2.7755575615628914e-17 0.7123694505629985 -0.40922299286609809 -0.81853734679767109 0.40315400780240612 
2 -118 77.5 0 0.58310100000355147 -0.57445331568146518 0.57445331568146518 -0.70180464938939502 2.7755575615628914e-17 0.7123694505629985 -0.40922299286609809 -0.81853734679767109 -0.40315400780240612 3.3460076502852165
1 -98.333333333333343 58.125 19.374999999999996 0.58310100000355147 -0.57445331568146518 0.57445331568146518 -0.70180464938939502 2.7755575615628914e-17 0.7123694505629985 -0.40922299286609809 -0.81853734679767109 -0.40315400780240612 
1 -118 77.5 0 0.58310100000355147 -0.57445331568146518 0.57445331568146518 -0.70180464938939502 2.7755575615628914e-17 0.7123694505629985 -0.40922299286609809 -0.81853734679767109 -0.40315400780240612 
2 -137.66666666666666 58.125 19.375 -0.58310100000355214 0.57445331568146496 0.57445331568146496 -0.70180464938939446 -2.7755575615628901e-17 -0.71236945056299894 -0.4092229928660982 -0.81853734679767132 0.40315400780240568 3.3460076502852165
1 -157.33333333333334 77.5 38.75 -0.58310100000355214 0.57445331568146496 0.57445331568146496 -0.70180464938939446 -2.7755575615628901e-17 -0.71236945056299894 -0.4092229928660982 -0.81853734679767132 0.40315400780240568 
1 -137.66666666666666 58.125 19.375 -0.58310100000355214 0.57445331568146496 0.57445331568146496 -0.70180464938939446 -2.7755575615628901e-17 -0.71236945056299894 -0.4092229928660982 -0.81853734679767132 0.40315400780240568 
2 -137.66666666666666 58.125 19.375 0.58310100000355147 0.57445331568146518 0.57445331568146518 -0.70180464938939502 -2.7755575615628914e-17 0.7123694505629985 0.40922299286609809 -0.81853734679767109 0.40315400780240612 3.3460076502852165
1 -118 77.5 38.75 0.58310100000355147 0.57445331568146518 0.57445331568146518 -0.70180464938939502 -2.7755575615628914e-17 0.7123694505629985 0.40922299286609809 -0.81853734679767109 0.40315400780240612 
1 -137.66666666666666 58.125 19.375 0.58310100000355147 0.57445331568146518 0.57445331568146518 -0.70180464938939502 -2.7755575615628914e-17 0.7123694505629985 0.40922299286609809 -0.81853734679767109 0.40315400780240612 
2 -157.33333333333334 77.5 38.75 0.58310100000355214 -0.57445331568146496 0.57445331568146496 -0.70180464938939446 -2.7755575615628901e-17 0.71236945056299894 -0.4092229928660982 -0.81853734679767132 -0.40315400780240568 3.3460076502852165
1 -137.66666666666666 58.125 58.125 0.58310100000355214 -0.57445331568146496 0.57445331568146496 -0.70180464938939446 -2.7755575615628901e-17 0.71236945056299894 -0.4092229928660982 -0.81853734679767132 -0.40315400780240568 
1 -157.33333333333334 77.5 38.75 0.58310100000355214 -0.57445331568146496 0.57445331568146496 -0.70180464938939446 -2.7755575615628901e-17 0.71236945056299894 -0.4092229928660982 -0.81853734679767132 -0.40315400780240568 
2 -118 77.5 38.75 -0.58310100000355147 -0.57445331568146518 0.57445331568146518 -0.70180464938939502 -2.7755575615628914e-17 -0.7123694505629985 0.40922299286609809 -0.81853734679767109 -0.40315400780240612 3.3460076502852165
1 -137.66666666666666 58.125 58.125 -0.58310100000355147 -0.57445331568146518 0.57445331568146518 -0.70180464938939502 -2.7755575615628914e-17 -0.7123694505629985 0.40922299286609809 -0.81853734679767109 -0.40315400780240612 
1 -118 77.5 38.75 -0.58310100000355147 -0.57445331568146518 0.57445331568146518 -0.70180464938939502 -2.7755575615628914e-17 -0.7123694505629985 0.40922299286609809 -0.81853734679767109 -0.40315400780240612 
2 -118 77.5 38.75 0.58310100000355147 -0.57445331568146518 -0.57445331568146518 0.70180464938939502 -2.7755575615628914e-17 0.7123694505629985 -0.40922299286609809 -0.81853734679767109 0.40315400780240612 3.3460076502852165
1 -98.333333333333343 58.125 19.375000000000004 0.58310100000355147 -0.57445331568146518 -0.57445331568146518 0.70180464938939502 -2.7755575615628914e-17 0.7123694505629985 -0.40922299286609809 -0.81853734679767109 0.40315400780240612 
1 -118 77.5 38.75 0.58310100000355147 -0.57445331568146518 -0.57445331568146518 0.70180464938939502 -2.7755575615628914e-17 0.7123694505629985 -0.40922299286609809 -0.81853734679767109 0.40315400780240612 
2 -118 77.5 38.75 0.58310100000355147 -0.57445331568146518 0.57445331568146518 -0.70180464938939502 2.7755575615628914e-17 0.7123694505629985 -0.40922299286609809 -0.81853734679767109 -0.40315400780240612 3.3460076502852165
1 -98.333333333333343 58.125 58.125 0.58310100000355147 -0.57445331568146518 0.57445331568146518 -0.70180464938939502 2.7755575615628914e-17 0.7123694505629985 -0.40922299286609809 -0.81853734679767109 -0.40315400780240612 
1 -118 77.5 38.75 0.58310100000355147 -0.57445331568146518 0.57445331568146518 -0.70180464938939502 2.7755575615628914e-17 0.7123694505629985 -0.40922299286609809 -0.81853734679767109 -0.40315400780240612 
2 -137.66666666666666 58.125 58.125 -0.58310100000355214 0.57445331568146496 0.57445331568146496 -0.70180464938939446 -2.7755575615628901e-17 -0.71236945056299894 -0.4092229928660982 -0.81853734679767132 0.40315400780240568 3.3460076502852165
1 -157.33333333333334 77.5 77.5 -0.58310100000355214 0.57445331568146496 0.57445331568146496 -0.70180464938939446 -2.7755575615628901e-17 -0.71236945056299894 -0.4092229928660982 -0.81853734679767132 0.40315400780240568 
1 -137.66666666666666 58.125 58.125 -0.58310100000355214 0.57445331568146496 0.57445331568146496 -0.70180464938939446 -2.7755575615628901e-17 -0.71236945056299894 -0.4092229928660982 -0.81853734679767132 0.40315400780240568 
2 -137.66666666666666 58.125 58.125 0.58310100000355147 0.57445331568146518 0.57445331568146518 -0.70180464938939502 -2.7755575615628914e-17 0.7123694505629985 0.40922299286609809 -0.81853734679767109 0.40315400780240612 3.3460076502852165
1 -118 77.5 77.5 0.58310100000355147 0.57445331568146518 0.57445331568146518 -0.70180464938939502 -2.7755575615628914e-17 0.7123694505629985 0.40922299286609809 -0.81853734679767109 0.40315400780240612 
1 -137.66666666666666 58.125 58.125 0.58310100000355147 0.57445331568146518 0.57445331568146518 -0.70180464938939502 -2.7755575615628914e-17 0.7123694505629985 0.40922299286609809 -0.81853734679767109 0.40315400780240612 
2 -118 77.5 77.5 0.58310100000355147 -0.57445331568146518 -0.57445331568146518 0.70180464938939502 -2.7755575615628914e-17 0.7123694505629985 -0.40922299286609809 -0.81853734679767109 0.40315400780240612 3.3460076502852165
1 -98.333333333333343 58.125 58.125 0.58310100000355147 -0.57445331568146518 -0.57445331568146518 0.70180464938939502 -2.7755575615628914e-17 0.7123694505629985 -0.40922299286609809 -0.81853734679767109 0.40315400780240612 
1 -118 77.5 77.5 0.58310100000355147 -0.57445331568146518 -0.57445331568146518 0.70180464938939502 -2.7755575615628914e-17 0.7123694505629985 -0.40922299286609809 -0.81853734679767109 0.40315400780240612 
3 -78.666666666666671 38.75 -77.5 -0.58310100000355181 0.57445331568146518 0.57445331568146518 -0.70180464938939491 -2.7755575615628907e-17 -0.71236945056299872 -0.4092229928660982 -0.81853734679767132 0.40315400780240607 3.0841077333277136
0.0077649678397344333
1 -98.333333333333343 58.125 -58.125 -0.58310100000355181 0.57445331568146518 0.57445331568146518 -0.70180464938939491 -2.7755575615628907e-17 -0.71236945056299872 -0.4092229928660982 -0.81853734679767132 0.40315400780240607 
1 -78.666666666666671 38.75 -77.5 -0.58310100000355181 0.57445331568146518 0.57445331568146518 -0.70180464938939491 -2.7755575615628907e-17 -0.71236945056299872 -0.4092229928660982 -0.81853734679767132 0.40315400780240607 
3 -78.666666666666671 38.75 -77.5 0.58310100000355181 0.57445331568146518 0.57445331568146518 -0.70180464938939491 2.7755575615628907e-17 0.71236945056299872 0.4092229928660982 -0.81853734679767132 0.40315400780240607 3.0841077333277136
0.0077649678397344333
1 -59 58.125 -58.125 0.58310100000355181 0.57445331568146518 0.57445331568146518 -0.70180464938939491 2.7755575615628907e-17 0.71236945056299872 0.4092229928660982 -0.81853734679767132 0.40315400780240607 
1 -78.666666666666671 38.75 -77.5 0.58310100000355181 0.57445331568146518 0.57445331568146518 -0.70180464938939491 2.7755575615628907e-17 0.71236945056299872 0.4092229928660982 -0.81853734679767132 0.40315400780240607 
2 -78.666666666666671 38.75 -38.75 -0.58310100000355181 0.57445331568146518 -0.57445331568146518 0.70180464938939491 2.7755575615628907e-17 -0.71236945056299872 -0.4092229928660982 -0.81853734679767132 -0.40315400780240607 3.3460076502852165
1 -98.333333333333343 58.125 -58.125 -0.58310100000355181 0.57445331568146518 -0.57445331568146518 0.70180464938939491 2.7755575615628907e-17 -0.71236945056299872 -0.4092229928660982 -0.81853734679767132 -0.40315400780240607 
1 -78.666666666666671 38.75 -38.75 -0.58310100000355181 0.57445331568146518 -0.57445331568146518 0.70180464938939491 2.7755575615628907e-17 -0.71236945056299872 -0.4092229928660982 -0.81853734679767132 -0.40315400780240607 
2 -78.666666666666671 38.75 -38.75 -0.58310100000355181 0.57445331568146518 0.57445331568146518 -0.70180464938939491 -2.7755575615628907e-17 -0.71236945056299872 -0.4092229928660982 -0.81853734679767132 0.40315400780240607 3.3460076502852165
1 -98.333333333333343 58.125 -19.375 -0.58310100000355181 0.57445331568146518 0.57445331568146518 -0.70180464938939491 -2.7755575615628907e-17 -0.71236945056299872 -0.4092229928660982 -0.81853734679767132 0.40315400780240607 
1 -78.666666666666671 38.75 -38.75 -0.58310100000355181 0.57445331568146518 0.57445331568146518 -0.70180464938939491 -2.7755575615628907e-17 -0.71236945056299872 -0.4092229928660982 -0.81853734679767132 0.40315400780240607 
3 -78.666666666666671 38.75 -38.75 0.58310100000355181 -0.57445331568146518 0.57445331568146518 -0.70180464938939491 -2.7755575615628907e-17 0.71236945056299872 -0.4092229928660982 -0.81853734679767132 -0.40315400780240607 3.3460076502852165
-0.037152054560370656
1 -59 19.375 -19.375 0.58310100000355181 -0.57445331568146518 0.57445331568146518 -0.70180464938939491 -2.7755575615628907e-17 0.71236945056299872 -0.4092229928660982 -0.81853734679767132 -0.40315400780240607 
1 -78.666666666666671 38.75 -38.75 0.58310100000355181 -0.57445331568146518 0.57445331568146518 -0.70180464938939491 -2.7755575615628907e-17 0.71236945056299872 -0.4092229928660982 -0.81853734679767132 -0.40315400780240607 
2 -78.666666666666671 38.75 -38.75 0.58310100000355181 0.57445331568146518 -0.57445331568146518 0.70180464938939491 -2.7755575615628907e-17 0.71236945056299872 0.4092229928660982 -0.81853734679767132 -0.40315400780240607 3.3460076502852165
1 -59 58.125 -58.125 0.58310100000355181 0.57445331568146518 -0.57445331568146518 0.70180464938939491 -2.7755575615628907e-17 0.71236945056299872 0.4092229928660982 -0.81853734679767132 -0.40315400780240607 
1 -78.666666666666671 38.75 -38.75 0.58310100000355181 0.57445331568146518 -0.57445331568146518 0.70180464938939491 -2.7755575615628907e-17 0.71236945056299872 0.4092229928660982 -0.81853734679767132 -0.40315400780240607 
2 -78.666666666666671 38.75 -38.75 0.58310100000355181 0.57445331568146518 0.57445331568146518 -0.70180464938939491 2.7755575615628907e-17 0.71236945056299872 0.4092229928660982 -0.81853734679767132 0.40315400780240607 3.3460076502852165
1 -59 58.125 -19.375 0.58310100000355181 0.57445331568146518 0.57445331568146518 -0.70180464938939491 2.7755575615628907e-17 0.71236945056299872 0.4092229928660982 -0.81853734679767132 0.40315400780240607 
1 -78.666666666666671 38.75 -38.75 0.58310100000355181 0.57445331568146518 0.57445331568146518 -0.70180464938939491 2.7755575615628907e-17 0.71236945056299872 0.4092229928660982 -0.81853734679767132 0.40315400780240607 
2 -78.666666666666671 38.75 0 -0.58310100000355181 0.57445331568146518 -0.57445331568146518 0.70180464938939491 2.7755575615628907e-17 -0.71236945056299872 -0.4092229928660982 -0.81853734679767132 -0.40315400780240607 3.3460076502852165
1 -98.333333333333343 58.125 -19.375 -0.58310100000355181 0.57445331568146518 -0.57445331568146518 0.70180464938939491 2.7755575615628907e-17 -0.71236945056299872 -0.4092229928660982 -0.81853734679767132 -0.40315400780240607 
1 -78.666666666666671 38.75 0 -0.58310100000355181 0.57445331568146518 -0.57445331568146518 0.70180464938939491 2.7755575615628907e-17 -0.71236945056299872 -0.4092229928660982 -0.81853734679767132 -0.40315400780240607 
2 -78.666666666666671 38.75 0 -0.58310100000355181 0.57445331568146518 0.57445331568146518 -0.70180464938939491 -2.7755575615628907e-17 -0.71236945056299872 -0.4092229928660982 -0.81853734679767132 0.40315400780240607 3.3460076502852165
1 -98.333333333333343 58.125 19.375 -0.58310100000355181 0.57445331568146518 0.57445331568146518 -0.70180464938939491 -2.7755575615628907e-17 -0.71236945056299872 -0.4092229928660982 -0.81853734679767132 0.40315400780240607 
1 -78.666666666666671 38.75 0 -0.58310100000355181 0.57445331568146518 0.57445331568146518 -0.70180464938939491 -2.7755575615628907e-17 -0.71236945056299872 -0.4092229928660982 -0.81853734679767132 0.40315400780240607 
3 -78.666666666666671 38.75 0 0.58310100000355181 -0.57445331568146518 -0.57445331568146518 0.70180464938939491 2.7755575615628907e-17 0.71236945056299872 -0.4092229928660982 -0.81853734679767132 0.40315400780240607 3.3460076502852165
-0.037152054560370656
1 -59 19.375 -19.375 0.58310100000355181 -0.57445331568146518 -0.57445331568146518 0.70180464938939491 2.7755575615628907e-17 0.71236945056299872 -0.4092229928660982 -0.81853734679767132 0.40315400780240607 
1 -78.666666666666671 38.75 0 0.58310100000355181 -0.57445331568146518 -0.57445331568146518 0.70180464938939491 2.7755575615628907e-17 0.71236945056299872 -0.4092229928660982 -0.81853734679767132 0.40315400780240607 
3 -78.666666666666671 38.75 0 0.58310100000355181 -0.57445331568146518 0.57445331568146518 -0.70180464938939491 -2.7755575615628907e-17 0.71236945056299872 -0.4092229928660982 -0.81853734679767132 -0.40315400780240607 3.3460076502852165
-0.037135418103803684
1 -59 19.375 19.375 0.58310100000355181 -0.57445331568146518 0.57445331568146518 -0.70180464938939491 -2.7755575615628907e-17 0.71236945056299872 -0.4092229928660982 -0.81853734679767132 -0.40315400780240607 
1 -78.666666666666671 38.75 0 0.58310100000355181 -0.57445331568146518 0.57445331568146518 -0.70180464938939491 -2.7755575615628907e-17 0.71236945056299872 -0.4092229928660982 -0.81853734679767132 -0.40315400780240607 
2 -78.666666666666671 38.75 0 0.58310100000355181 0.57445331568146518 -0.57445331568146518 0.70180464938939491 -2.7755575615628907e-17 0.71236945056299872 0.4092229928660982 -0.81853734679767132 -0.40315400780240607 3.3460076502852165
1 -59 58.125 -19.375 0.58310100000355181 0.57445331568146518 -0.57445331568146518 0.70180464938939491 -2.7755575615628907e-17 0.71236945056299872 0.4092229928660982 -0.81853734679767132 -0.40315400780240607 
1 -78.666666666666671 38.75 0 0.58310100000355181 0.57445331568146518 -0.57445331568146518 0.70180464938939491 -2.7755575615628907e-17 0.71236945056299872 0.4092229928660982 -0.81853734679767132 -0.40315400780240607 
2 -78.666666666666671 38.75 0 0.58310100000355181 0.57445331568146518 0.57445331568146518 -0.70180464938939491 2.7755575615628907e-17 0.71236945056299872 0.4092229928660982 -0.81853734679767132 0.40315400780240607 3.3460076502852165
1 -59 58.125 19.375 0.58310100000355181 0.57445331568146518 0.57445331568146518 -0.70180464938939491 2.7755575615628907e-17 0.71236945056299872 0.4092229928660982 -0.81853734679767132 0.40315400780240607 
1 -78.666666666666671 38.75 0 0.58310100000355181 0.57445331568146518 0.57445331568146518 -0.70180464938939491 2.7755575615628907e-17 0.71236945056299872 0.4092229928660982 -0.81853734679767132 0.40315400780240607 
2 -78.666666666666671 38.75 38.75 -0.58310100000355181 0.57445331568146518 -0.57445331568146518 0.70180464938939491 2.7755575615628907e-17 -0.71236945056299872 -0.4092229928660982 -0.81853734679767132 -0.40315400780240607 3.3460076502852165
1 -98.333333333333343 58.125 19.375 -0.58310100000355181 0.57445331568146518 -0.57445331568146518 0.70180464938939491 2.7755575615628907e-17 -0.71236945056299872 -0.4092229928660982 -0.81853734679767132 -0.40315400780240607 
1 -78.666666666666671 38.75 38.75 -0.58310100000355181 0.57445331568146518 -0.57445331568146518 0.70180464938939491 2.7755575615628907e-17 -0.71236945056299872 -0.4092229928660982 -0.81853734679767132 -0.40315400780240607 
2 -78.666666666666671 38.75 38.75 -0.58310100000355181 0.57445331568146518 0.57445331568146518 -0.70180464938939491 -2.7755575615628907e-17 -0.71236945056299872 -0.4092229928660982 -0.81853734679767132 0.40315400780240607 3.3460076502852165
1 -98.333333333333343 58.125 58.125 -0.58310100000355181 0.57445331568146518 0.57445331568146518 -0.70180464938939491 -2.7755575615628907e-17 -0.71236945056299872 -0.4092229928660982 -0.81853734679767132 0.40315400780240607 
1 -78.666666666666671 38.75 38.75 -0.58310100000355181 0.57445331568146518 0.57445331568146518 -0.70180464938939491 -2.7755575615628907e-17 -0.71236945056299872 -0.4092229928660982 -0.81853734679767132 0.40315400780240607 
3 -78.666666666666671 38.75 38.75 0.58310100000355181 -0.57445331568146518 -0.57445331568146518 0.70180464938939491 2.7755575615628907e-17 0.71236945056299872 -0.4092229928660982 -0.81853734679767132 0.40315400780240607 3.3460076502852165
-0.037135418103803684
1 -59 19.375 19.375 0.58310100000355181 -0.57445331568146518 -0.57445331568146518 0.70180464938939491 2.7755575615628907e-17 0.71236945056299872 -0.4092229928660982 -0.81853734679767132 0.40315400780240607 
1 -78.666666666666671 38.75 38.75 0.58310100000355181 -0.57445331568146518 -0.57445331568146518 0.70180464938939491 2.7755575615628907e-17 0.71236945056299872 -0.4092229928660982 -0.81853734679767132 0.40315400780240607 
2 -78.666666666666671 38.75 38.75 0.58310100000355181 0.57445331568146518 -0.57445331568146518 0.70180464938939491 -2.7755575615628907e-17 0.71236945056299872 0.4092229928660982 -0.81853734679767132 -0.40315400780240607 3.3460076502852165
1 -59 58.125 19.375 0.58310100000355181 0.57445331568146518 -0.57445331568146518 0.70180464938939491 -2.7755575615628907e-17 0.71236945056299872 0.4092229928660982 -0.81853734679767132 -0.40315400780240607 
1 -78.666666666666671 38.75 38.75 0.58310100000355181 0.57445331568146518 -0.57445331568146518 0.70180464938939491 -2.7755575615628907e-17 0.71236945056299872 0.4092229928660982 -0.81853734679767132 -0.40315400780240607 
2 -78.666666666666671 38.75 38.75 0.58310100000355181 0.57445331568146518 0.57445331568146518 -0.70180464938939491 2.7755575615628907e-17 0.71236945056299872 0.4092229928660982 -0.81853734679767132 0.40315400780240607 3.3460076502852165
1 -59 58.125 58.125 0.58310100000355181 0.57445331568146518 0.57445331568146518 -0.70180464938939491 2.7755575615628907e-17 0.71236945056299872 0.4092229928660982 -0.81853734679767132 0.40315400780240607 
1 -78.666666666666671 38.75 38.75 0.58310100000355181 0.57445331568146518 0.57445331568146518 -0.70180464938939491 2.7755575615628907e-17 0.71236945056299872 0.4092229928660982 -0.81853734679767132 0.40315400780240607 
3 -78.666666666666671 38.75 77.5 -0.58310100000355181 0.57445331568146518 -0.57445331568146518 0.70180464938939491 2.7755575615628907e-17 -0.71236945056299872 -0.4092229928660982 -0.81853734679767132 -0.40315400780240607 3.0843249509475301
0.0077585278983327349
1 -98.333333333333343 58.125 58.125 -0.58310100000355181 0.57445331568146518 -0.57445331568146518 0.70180464938939491 2.7755575615628907e-17 -0.71236945056299872 -0.4092229928660982 -0.81853734679767132 -0.40315400780240607 
1 -78.666666666666671 38.75 77.5 -0.58310100000355181 0.57445331568146518 -0.57445331568146518 0.70180464938939491 2.7755575615628907e-17 -0.71236945056299872 -0.4092229928660982 -0.81853734679767132 -0.40315400780240607 
3 -78.666666666666671 38.75 77.5 0.58310100000355181 0.57445331568146518 -0.57445331568146518 0.70180464938939491 -2.7755575615628907e-17 0.71236945056299872 0.4092229928660982 -0.81853734679767132 -0.40315400780240607 3.0843249509475301
0.0077585278983327349
1 -59 58.125 58.125 0.58310100000355181 0.57445331568146518 -0.57445331568146518 0.70180464938939491 -2.7755575615628907e-17 0.71236945056299872 0.4092229928660982 -0.81853734679767132 -0.40315400780240607 
1 -78.666666666666671 38.75 77.5 0.58310100000355181 0.57445331568146518 -0.57445331568146518 0.70180464938939491 -2.7755575615628907e-17 0.71236945056299872 0.4092229928660982 -0.81853734679767132 -0.40315400780240607 
3 -98.333333333333343 58.125 -58.125 0.58310100000355181 0.57445331568146518 -0.57445331568146518 0.70180464938939491 -2.7755575615628907e-17 0.71236945056299872 0.4092229928660982 -0.81853734679767132 -0.40315400780240607 3.3460076502852165
-0.049562608043954876
1 -78.666666666666671 77.5 -77.5 0.58310100000355181 0.57445331568146518 -0.57445331568146518 0.70180464938939491 -2.7755575615628907e-17 0.71236945056299872 0.4092229928660982 -0.81853734679767132 -0.40315400780240607 
1 -98.333333333333343 58.125 -58.125 0.58310100000355181 0.57445331568146518 -0.57445331568146518 0.70180464938939491 -2.7755575615628907e-17 0.71236945056299872 0.4092229928660982 -0.81853734679767132 -0.40315400780240607 
2 -98.333333333333343 58.125 -58.125 0.58310100000355181 0.57445331568146518 0.57445331568146518 -0.70180464938939491 2.7755575615628907e-17 0.71236945056299872 0.4092229928660982 -0.81853734679767132 0.40315400780240607 3.3460076502852165
1 -78.666666666666671 77.5 -38.75 0.58310100000355181 0.57445331568146518 0.57445331568146518 -0.70180464938939491 2.7755575615628907e-17 0.71236945056299872 0.4092229928660982 -0.81853734679767132 0.40315400780240607 
1 -98.333333333333343 58.125 -58.125 0.58310100000355181 0.57445331568146518 0.57445331568146518 -0.70180464938939491 2.7755575615628907e-17 0.71236945056299872 0.4092229928660982 -0.81853734679767132 0.40315400780240607 
2 -78.666666666666671 77.5 -38.75 -0.58310100000355181 -0.57445331568146518 0.57445331568146518 -0.70180464938939491 2.7755575615628907e-17 -0.71236945056299872 0.4092229928660982 -0.81853734679767132 -0.40315400780240607 3.3460076502852165
1 -98.333333333333343 58.125 -19.375 -0.58310100000355181 -0.57445331568146518 0.57445331568146518 -0.70180464938939491 2.7755575615628907e-17 -0.71236945056299872 0.4092229928660982 -0.81853734679767132 -0.40315400780240607 
1 -78.666666666666671 77.5 -38.75 -0.58310100000355181 -0.57445331568146518 0.57445331568146518 -0.70180464938939491 2.7755575615628907e-17 -0.71236945056299872 0.4092229928660982 -0.81853734679767132 -0.40315400780240607 
2 -78.666666666666671 77.5 -38.75 0.58310100000355181 -0.57445331568146518 -0.57445331568146518 0.70180464938939491 2.7755575615628907e-17 0.71236945056299872 -0.4092229928660982 -0.81853734679767132 0.40315400780240607 3.3460076502852165
1 -59 58.125 -58.125 0.58310100000355181 -0.57445331568146518 -0.57445331568146518 0.70180464938939491 2.7755575615628907e-17 0.71236945056299872 -0.4092229928660982 -0.81853734679767132 0.40315400780240607 
1 -78.666666666666671 77.5 -38.75 0.58310100000355181 -0.57445331568146518 -0.57445331568146518 0.70180464938939491 2.7755575615628907e-17 0.71236945056299872 -0.4092229928660982 -0.81853734679767132 0.40315400780240607 
2 -78.666666666666671 77.5 -38.75 0.58310100000355181 -0.57445331568146518 0.57445331568146518 -0.70180464938939491 -2.7755575615628907e-17 0.71236945056299872 -0.4092229928660982 -0.81853734679767132 -0.40315400780240607 3.3460076502852165
1 -59 58.125 -19.375 0.58310100000355181 -0.57445331568146518 0.57445331568146518 -0.70180464938939491 -2.7755575615628907e-17 0.71236945056299872 -0.4092229928660982 -0.81853734679767132 -0.40315400780240607 
1 -78.666666666666671 77.5 -38.75 0.58310100000355181 -0.57445331568146518 0.57445331568146518 -0.70180464938939491 -2.7755575615628907e-17 0.71236945056299872 -0.4092229928660982 -0.81853734679767132 -0.40315400780240607 
2 -98.333333333333343 58.125 -19.375 0.58310100000355181 0.57445331568146518 0.57445331568146518 -0.70180464938939491 2.7755575615628907e-17 0.71236945056299872 0.4092229928660982 -0.81853734679767132 0.40315400780240607 3.3460076502852165
1 -78.666666666666671 77.5 0 0.58310100000355181 0.57445331568146518 0.57445331568146518 -0.70180464938939491 2.7755575615628907e-17 0.71236945056299872 0.4092229928660982 -0.81853734679767132 0.40315400780240607 
1 -98.333333333333343 58.125 -19.375 0.58310100000355181 0.57445331568146518 0.57445331568146518 -0.70180464938939491 2.7755575615628907e-17 0.71236945056299872 0.4092229928660982 -0.81853734679767132 0.40315400780240607 
2 -78.666666666666671 77.5 0 -0.58310100000355181 -0.57445331568146518 0.57445331568146518 -0.70180464938939491 2.7755575615628907e-17 -0.71236945056299872 0.4092229928660982 -0.81853734679767132 -0.40315400780240607 3.3460076502852165
1 -98.333333333333343 58.125 19.375 -0.58310100000355181 -0.57445331568146518 0.57445331568146518 -0.70180464938939491 2.7755575615628907e-17 -0.71236945056299872 0.4092229928660982 -0.81853734679767132 -0.40315400780240607 
1 -78.666666666666671 77.5 0 -0.58310100000355181 -0.57445331568146518 0.57445331568146518 -0.70180464938939491 2.7755575615628907e-17 -0.71236945056299872 0.4092229928660982 -0.81853734679767132 -0.40315400780240607 
2 -78.666666666666671 77.5 0 0.58310100000355181 -0.57445331568146518 -0.57445331568146518 0.70180464938939491 2.7755575615628907e-17 0.71236945056299872 -0.4092229928660982 -0.81853734679767132 0.40315400780240607 3.3460076502852165
1 -59 58.125 -19.375 0.58310100000355181 -0.57445331568146518 -0.57445331568146518 0.70180464938939491 2.7755575615628907e-17 0.71236945056299872 -0.4092229928660982 -0.81853734679767132 0.40315400780240607 
1 -78.666666666666671 77.5 0 0.58310100000355181 -0.57445331568146518 -0.57445331568146518 0.70180464938939491 2.7755575615628907e-17 0.71236945056299872 -0.4092229928660982 -0.81853734679767132 0.40315400780240607 
2 -78.666666666666671 77.5 0 0.58310100000355181 -0.57445331568146518 0.57445331568146518 -0.70180464938939491 -2.7755575615628907e-17 0.71236945056299872 -0.4092229928660982 -0.81853734679767132 -0.40315400780240607 3.3460076502852165
1 -59 58.125 19.375 0.58310100000355181 -0.57445331568146518 0.57445331568146518 -0.70180464938939491 -2.7755575615628907e-17 0.71236945056299872 -0.4092229928660982 -0.81853734679767132 -0.40315400780240607 
1 -78.666666666666671 77.5 0 0.58310100000355181 -0.57445331568146518 0.57445331568146518 -0.70180464938939491 -2.7755575615628907e-17 0.71236945056299872 -0.4092229928660982 -0.81853734679767132 -0.40315400780240607 
2 -98.333333333333343 58.125 19.375 0.58310100000355181 0.57445331568146518 0.57445331568146518 -0.70180464938939491 2.7755575615628907e-17 0.71236945056299872 0.4092229928660982 -0.81853734679767132 0.40315400780240607 3.3460076502852165
1 -78.666666666666671 77.5 38.75 0.58310100000355181 0.57445331568146518 0.57445331568146518 -0.70180464938939491 2.7755575615628907e-17 0.71236945056299872 0.4092229928660982 -0.81853734679767132 0.40315400780240607 
1 -98.333333333333343 58.125 19.375 0.58310100000355181 0.57445331568146518 0.57445331568146518 -0.70180464938939491 2.7755575615628907e-17 0.71236945056299872 0.4092229928660982 -0.81853734679767132 0.40315400780240607 
2 -78.666666666666671 77.5 38.75 -0.58310100000355181 -0.57445331568146518 0.57445331568146518 -0.70180464938939491 2.7755575615628907e-17 -0.71236945056299872 0.4092229928660982 -0.81853734679767132 -0.40315400780240607 3.3460076502852165
1 -98.333333333333343 58.125 58.125 -0.58310100000355181 -0.57445331568146518 0.57445331568146518 -0.70180464938939491 2.7755575615628907e-17 -0.71236945056299872 0.4092229928660982 -0.81853734679767132 -0.40315400780240607 
1 -78.666666666666671 77.5 38.75 -0.58310100000355181 -0.57445331568146518 0.57445331568146518 -0.70180464938939491 2.7755575615628907e-17 -0.71236945056299872 0.4092229928660982 -0.81853734679767132 -0.40315400780240607 
2 -78.666666666666671 77.5 38.75 0.58310100000355181 -0.57445331568146518 -0.57445331568146518 0.70180464938939491 2.7755575615628907e-17 0.71236945056299872 -0.4092229928660982 -0.81853734679767132 0.40315400780240607 3.3460076502852165
1 -59 58.125 19.375 0.58310100000355181 -0.57445331568146518 -0.57445331568146518 0.70180464938939491 2.7755575615628907e-17 0.71236945056299872 -0.4092229928660982 -0.81853734679767132 0.40315400780240607 
1 -78.666666666666671 77.5 38.75 0.58310100000355181 -0.57445331568146518 -0.57445331568146518 0.70180464938939491 2.7755575615628907e-17 0.71236945056299872 -0.4092229928660982 -0.81853734679767132 0.40315400780240607 
2 -78.666666666666671 77.5 38.75 0.58310100000355181 -0.57445331568146518 0.57445331568146518 -0.70180464938939491 -2.7755575615628907e-17 0.71236945056299872 -0.4092229928660982 -0.81853734679767132 -0.40315400780240607 3.3460076502852165
1 -59 58.125 58.125 0.58310100000355181 -0.57445331568146518 0.57445331568146518 -0.70180464938939491 -2.7755575615628907e-17 0.71236945056299872 -0.4092229928660982 -0.81853734679767132 -0.40315400780240607 
1 -78.666666666666671 77.5 38.75 0.58310100000355181 -0.57445331568146518 0.57445331568146518 -0.70180464938939491 -2.7755575615628907e-17 0.71236945056299872 -0.4092229928660982 -0.81853734679767132 -0.40315400780240607 
3 -98.333333333333343 58.125 58.125 0.58310100000355181 0.57445331568146518 0.57445331568146518 -0.70180464938939491 2.7755575615628907e-17 0.71236945056299872 0.4092229928660982 -0.81853734679767132 0.40315400780240607 3.3460076502852165
-0.049562608043954876
1 -78.666666666666671 77.5 77.5 0.58310100000355181 0.57445331568146518 0.57445331568146518 -0.70180464938939491 2.7755575615628907e-17 0.71236945056299872 0.4092229928660982 -0.81853734679767132 0.40315400780240607 
1 -98.333333333333343 58.125 58.125 0.58310100000355181 0.57445331568146518 0.57445331568146518 -0.70180464938939491 2.7755575615628907e-17 0.71236945056299872 0.4092229928660982 -0.81853734679767132 0.40315400780240607 
2 -39.333333333333343 38.75 -77.5 -0.58310100000355147 0.57445331568146518 0.57445331568146518 -0.70180464938939502 2.7755575615628914e-17 -0.7123694505629985 -0.40922299286609809 -0.81853734679767109 0.40315400780240612 3.3460076502852165
1 -59 58.125 -58.125 -0.58310100000355147 0.57445331568146518 0.57445331568146518 -0.70180464938939502 2.7755575615628914e-17 -0.7123694505629985 -0.40922299286609809 -0.81853734679767109 0.40315400780240612 
1 -39.333333333333343 38.75 -77.5 -0.58310100000355147 0.57445331568146518 0.57445331568146518 -0.70180464938939502 2.7755575615628914e-17 -0.7123694505629985 -0.40922299286609809 -0.81853734679767109 0.40315400780240612 
3 -39.333333333333343 38.75 -77.5 0.58310100000355147 -0.57445331568146518 0.57445331568146518 -0.70180464938939502 2.7755575615628914e-17 0.7123694505629985 -0.40922299286609809 -0.81853734679767109 -0.40315400780240612 3.3460076502852165
-0.02496103267427182
1 -19.666666666666689 19.375000000000004 -58.125 0.58310100000355147 -0.57445331568146518 0.57445331568146518 -0.70180464938939502 2.7755575615628914e-17 0.7123694505629985 -0.40922299286609809 -0.81853734679767109 -0.40315400780240612 
1 -39.333333333333343 38.75 -77.5 0.58310100000355147 -0.57445331568146518 0.57445331568146518 -0.70180464938939502 2.7755575615628914e-17 0.7123694505629985 -0.40922299286609809 -0.81853734679767109 -0.40315400780240612 
3 -39.333333333333343 38.75 -77.5 0.58310100000355147 0.57445331568146518 0.57445331568146518 -0.70180464938939502 -2.7755575615628914e-17 0.7123694505629985 0.40922299286609809 -0.81853734679767109 0.40315400780240612 3.3460076502852165
-0.0018394626706625616
1 -19.666666666666689 58.125 -58.125 0.58310100000355147 0.57445331568146518 0.57445331568146518 -0.70180464938939502 -2.7755575615628914e-17 0.7123694505629985 0.40922299286609809 -0.81853734679767109 0.40315400780240612 
1 -39.333333333333343 38.75 -77.5 0.58310100000355147 0.57445331568146518 0.57445331568146518 -0.70180464938939502 -2.7755575615628914e-17 0.7123694505629985 0.40922299286609809 -0.81853734679767109 0.40315400780240612 
3 -39.333333333333343 38.75 -38.75 -0.58310100000355147 -0.57445331568146518 0.57445331568146518 -0.70180464938939502 -2.7755575615628914e-17 -0.7123694505629985 0.40922299286609809 -0.81853734679767109 -0.40315400780240612 3.3460076502852165
-0.037152054560370663
1 -59 19.375000000000004 -19.375000000000004 -0.58310100000355147 -0.57445331568146518 0.57445331568146518 -0.70180464938939502 -2.7755575615628914e-17 -0.7123694505629985 0.40922299286609809 -0.81853734679767109 -0.40315400780240612 
1 -39.333333333333343 38.75 -38.75 -0.58310100000355147 -0.57445331568146518 0.57445331568146518 -0.70180464938939502 -2.7755575615628914e-17 -0.7123694505629985 0.40922299286609809 -0.81853734679767109 -0.40315400780240612 
2 -39.333333333333343 38.75 -38.75 -0.58310100000355147 0.57445331568146518 -0.57445331568146518 0.70180464938939502 -2.7755575615628914e-17 -0.7123694505629985 -0.40922299286609809 -0.81853734679767109 -0.40315400780240612 3.3460076502852165
1 -59 58.125 -58.125 -0.58310100000355147 0.57445331568146518 -0.57445331568146518 0.70180464938939502 -2.7755575615628914e-17 -0.7123694505629985 -0.40922299286609809 -0.81853734679767109 -0.40315400780240612 
1 -39.333333333333343 38.75 -38.75 -0.58310100000355147 0.57445331568146518 -0.57445331568146518 0.70180464938939502 -2.7755575615628914e-17 -0.7123694505629985 -0.40922299286609809 -0.81853734679767109 -0.40315400780240612 
2 -39.333333333333343 38.75 -38.75 -0.58310100000355147 0.57445331568146518 0.57445331568146518 -0.70180464938939502 2.7755575615628914e-17 -0.7123694505629985 -0.40922299286609809 -0.81853734679767109 0.40315400780240612 3.3460076502852165
1 -59 58.125 -19.375000000000004 -0.58310100000355147 0.57445331568146518 0.57445331568146518 -0.70180464938939502 2.7755575615628914e-17 -0.7123694505629985 -0.40922299286609809 -0.81853734679767109 0.40315400780240612 
1 -39.333333333333343 38.75 -38.75 -0.58310100000355147 0.57445331568146518 0.57445331568146518 -0.70180464938939502 2.7755575615628914e-17 -0.7123694505629985 -0.40922299286609809 -0.81853734679767109 0.40315400780240612 
3 -39.333333333333343 38.75 -38.75 0.58310100000355147 -0.57445331568146518 -0.57445331568146518 0.70180464938939502 -2.7755575615628914e-17 0.7123694505629985 -0.40922299286609809 -0.81853734679767109 0.40315400780240612 3.3460076502852165
-0.02496103267427182
1 -19.666666666666689 19.375000000000004 -58.125 0.58310100000355147 -0.57445331568146518 -0.57445331568146518 0.70180464938939502 -2.7755575615628914e-17 0.7123694505629985 -0.40922299286609809 -0.81853734679767109 0.40315400780240612 
1 -39.333333333333343 38.75 -38.75 0.58310100000355147 -0.57445331568146518 -0.57445331568146518 0.70180464938939502 -2.7755575615628914e-17 0.7123694505629985 -0.40922299286609809 -0.81853734679767109 0.40315400780240612 
2 -39.333333333333343 38.75 -38.75 0.58310100000355147 -0.57445331568146518 0.57445331568146518 -0.70180464938939502 2.7755575615628914e-17 0.7123694505629985 -0.40922299286609809 -0.81853734679767109 -0.40315400780240612 3.3460076502852165
1 -19.666666666666689 19.375000000000004 -19.375000000000004 0.58310100000355147 -0.57445331568146518 0.57445331568146518 -0.70180464938939502 2.7755575615628914e-17 0.7123694505629985 -0.40922299286609809 -0.81853734679767109 -0.40315400780240612 
1 -39.333333333333343 38.75 -38.75 0.58310100000355147 -0.57445331568146518 0.57445331568146518 -0.70180464938939502 2.7755575615628914e-17 0.7123694505629985 -0.40922299286609809 -0.81853734679767109 -0.40315400780240612 
3 -39.333333333333343 38.75 -38.75 0.58310100000355147 0.57445331568146518 -0.57445331568146518 0.70180464938939502 2.7755575615628914e-17 0.7123694505629985 0.40922299286609809 -0.81853734679767109 -0.40315400780240612 3.3460076502852165
-0.0018394626706625616
1 -19.666666666666689 58.125 -58.125 0.58310100000355147 0.57445331568146518 -0.57445331568146518 0.70180464938939502 2.7755575615628914e-17 0.7123694505629985 0.40922299286609809 -0.81853734679767109 -0.40315400780240612 
1 -39.333333333333343 38.75 -38.75 0.58310100000355147 0.57445331568146518 -0.57445331568146518 0.70180464938939502 2.7755575615628914e-17 0.7123694505629985 0.40922299286609809 -0.81853734679767109 -0.40315400780240612 
2 -39.333333333333343 38.75 -38.75 0.58310100000355147 0.57445331568146518 0.57445331568146518 -0.70180464938939502 -2.7755575615628914e-17 0.7123694505629985 0.40922299286609809 -0.81853734679767109 0.40315400780240612 3.3460076502852165
1 -19.666666666666689 58.125 -19.375000000000004 0.58310100000355147 0.57445331568146518 0.57445331568146518 -0.70180464938939502 -2.7755575615628914e-17 0.7123694505629985 0.40922299286609809 -0.81853734679767109 0.40315400780240612 
1 -39.333333333333343 38.75 -38.75 0.58310100000355147 0.57445331568146518 0.57445331568146518 -0.70180464938939502 -2.7755575615628914e-17 0.7123694505629985 0.40922299286609809 -0.81853734679767109 0.40315400780240612 
3 -59 19.375 -19.375 0.58310100000355147 0.57445331568146518 0.57445331568146518 -0.70180464938939502 -2.7755575615628914e-17 0.7123694505629985 0.40922299286609809 -0.81853734679767109 0.40315400780240612 2.0923767561668036
0.037152054560370663
1 -39.333333333333343 38.75 -3.5527136788005009e-15 0.58310100000355147 0.57445331568146518 0.57445331568146518 -0.70180464938939502 -2.7755575615628914e-17 0.7123694505629985 0.40922299286609809 -0.81853734679767109 0.40315400780240612 
1 -59 19.375 -19.375 0.58310100000355147 0.57445331568146518 0.57445331568146518 -0.70180464938939502 -2.7755575615628914e-17 0.7123694505629985 0.40922299286609809 -0.81853734679767109 0.40315400780240612 
3 -39.333333333333343 38.75 0 -0.58310100000355147 -0.57445331568146518 0.57445331568146518 -0.70180464938939502 -2.7755575615628914e-17 -0.7123694505629985 0.40922299286609809 -0.81853734679767109 -0.40315400780240612 3.3460076502852165
-0.037135418103803691
1 -59 19.375000000000004 19.374999999999996 -0.58310100000355147 -0.57445331568146518 0.57445331568146518 -0.70180464938939502 -2.7755575615628914e-17 -0.7123694505629985 0.40922299286609809 -0.81853734679767109 -0.40315400780240612 
1 -39.333333333333343 38.75 0 -0.58310100000355147 -0.57445331568146518 0.57445331568146518 -0.70180464938939502 -2.7755575615628914e-17 -0.7123694505629985 0.40922299286609809 -0.81853734679767109 -0.40315400780240612 
2 -39.333333333333343 38.75 0 -0.58310100000355147 0.57445331568146518 -0.57445331568146518 0.70180464938939502 -2.7755575615628914e-17 -0.7123694505629985 -0.40922299286609809 -0.81853734679767109 -0.40315400780240612 3.3460076502852165
1 -59 58.125 -19.374999999999996 -0.58310100000355147 0.57445331568146518 -0.57445331568146518 0.70180464938939502 -2.7755575615628914e-17 -0.7123694505629985 -0.40922299286609809 -0.81853734679767109 -0.40315400780240612 
1 -39.333333333333343 38.75 0 -0.58310100000355147 0.57445331568146518 -0.57445331568146518 0.70180464938939502 -2.7755575615628914e-17 -0.7123694505629985 -0.40922299286609809 -0.81853734679767109 -0.40315400780240612 
2 -39.333333333333343 38.75 0 -0.58310100000355147 0.57445331568146518 0.57445331568146518 -0.70180464938939502 2.7755575615628914e-17 -0.7123694505629985 -0.40922299286609809 -0.81853734679767109 0.40315400780240612 3.3460076502852165
1 -59 58.125 19.374999999999996 -0.58310100000355147 0.57445331568146518 0.57445331568146518 -0.70180464938939502 2.7755575615628914e-17 -0.7123694505629985 -0.40922299286609809 -0.81853734679767109 0.40315400780240612 
1 -39.333333333333343 38.75 0 -0.58310100000355147 0.57445331568146518 0.57445331568146518 -0.70180464938939502 2.7755575615628914e-17 -0.7123694505629985 -0.40922299286609809 -0.81853734679767109 0.40315400780240612 
2 -39.333333333333343 38.75 0 0.58310100000355147 -0.57445331568146518 -0.57445331568146518 0.70180464938939502 -2.7755575615628914e-17 0.7123694505629985 -0.40922299286609809 -0.81853734679767109 0.40315400780240612 3.3460076502852165
1 -19.666666666666689 19.375000000000004 -19.374999999999996 0.58310100000355147 -0.57445331568146518 -0.57445331568146518 0.70180464938939502 -2.7755575615628914e-17 0.7123694505629985 -0.40922299286609809 -0.81853734679767109 0.40315400780240612 
1 -39.333333333333343 38.75 0 0.58310100000355147 -0.57445331568146518 -0.57445331568146518 0.70180464938939502 -2.7755575615628914e-17 0.7123694505629985 -0.40922299286609809 -0.81853734679767109 0.40315400780240612 
2 -39.333333333333343 38.75 0 0.58310100000355147 -0.57445331568146518 0.57445331568146518 -0.70180464938939502 2.7755575615628914e-17 0.7123694505629985 -0.40922299286609809 -0.81853734679767109 -0.40315400780240612 3.3460076502852165
1 -19.666666666666689 19.375000000000004 19.374999999999996 0.58310100000355147 -0.57445331568146518 0.57445331568146518 -0.70180464938939502 2.7755575615628914e-17 0.7123694505629985 -0.40922299286609809 -0.81853734679767109 -0.40315400780240612 
1 -39.333333333333343 38.75 0 0.58310100000355147 -0.57445331568146518 0.57445331568146518 -0.70180464938939502 2.7755575615628914e-17 0.7123694505629985 -0.40922299286609809 -0.81853734679767109 -0.40315400780240612 
2 -39.333333333333343 38.75 0 0.58310100000355147 0.57445331568146518 -0.57445331568146518 0.70180464938939502 2.7755575615628914e-17 0.7123694505629985 0.40922299286609809 -0.81853734679767109 -0.40315400780240612 3.3460076502852165
1 -19.666666666666689 58.125 -19.374999999999996 0.58310100000355147 0.57445331568146518 -0.57445331568146518 0.70180464938939502 2.7755575615628914e-17 0.7123694505629985 0.40922299286609809 -0.81853734679767109 -0.40315400780240612 
1 -39.333333333333343 38.75 0 0.58310100000355147 0.57445331568146518 -0.57445331568146518 0.70180464938939502 2.7755575615628914e-17 0.7123694505629985 0.40922299286609809 -0.81853734679767109 -0.40315400780240612 
2 -39.333333333333343 38.75 0 0.58310100000355147 0.57445331568146518 0.57445331568146518 -0.70180464938939502 -2.7755575615628914e-17 0.7123694505629985 0.40922299286609809 -0.81853734679767109 0.40315400780240612 3.3460076502852165
1 -19.666666666666689 58.125 19.374999999999996 0.58310100000355147 0.57445331568146518 0.57445331568146518 -0.70180464938939502 -2.7755575615628914e-17 0.7123694505629985 0.40922299286609809 -0.81853734679767109 0.40315400780240612 
1 -39.333333333333343 38.75 0 0.58310100000355147 0.57445331568146518 0.57445331568146518 -0.70180464938939502 -2.7755575615628914e-17 0.7123694505629985 0.40922299286609809 -0.81853734679767109 0.40315400780240612 
3 -59 19.375 19.375 0.58310100000355147 0.57445331568146518 0.57445331568146518 -0.70180464938939502 -2.7755575615628914e-17 0.7123694505629985 0.40922299286609809 -0.81853734679767109 0.40315400780240612 2.0929386407504169
0.037135418103803691
1 -39.333333333333343 38.75 38.75 0.58310100000355147 0.57445331568146518 0.57445331568146518 -0.70180464938939502 -2.7755575615628914e-17 0.7123694505629985 0.40922299286609809 -0.81853734679767109 0.40315400780240612 
1 -59 19.375 19.375 0.58310100000355147 0.57445331568146518 0.57445331568146518 -0.70180464938939502 -2.7755575615628914e-17 0.7123694505629985 0.40922299286609809 -0.81853734679767109 0.40315400780240612 
2 -39.333333333333343 38.75 38.75 -0.58310100000355147 0.57445331568146518 -0.57445331568146518 0.70180464938939502 -2.7755575615628914e-17 -0.7123694505629985 -0.40922299286609809 -0.81853734679767109 -0.40315400780240612 3.3460076502852165
1 -59 58.125 19.375000000000004 -0.58310100000355147 0.57445331568146518 -0.57445331568146518 0.70180464938939502 -2.7755575615628914e-17 -0.7123694505629985 -0.40922299286609809 -0.81853734679767109 -0.40315400780240612 
1 -39.333333333333343 38.75 38.75 -0.58310100000355147 0.57445331568146518 -0.57445331568146518 0.70180464938939502 -2.7755575615628914e-17 -0.7123694505629985 -0.40922299286609809 -0.81853734679767109 -0.40315400780240612 
2 -39.333333333333343 38.75 38.75 -0.58310100000355147 0.57445331568146518 0.57445331568146518 -0.70180464938939502 2.7755575615628914e-17 -0.7123694505629985 -0.40922299286609809 -0.81853734679767109 0.40315400780240612 3.3460076502852165
1 -59 58.125 58.125 -0.58310100000355147 0.57445331568146518 0.57445331568146518 -0.70180464938939502 2.7755575615628914e-17 -0.7123694505629985 -0.40922299286609809 -0.81853734679767109 0.40315400780240612 
1 -39.333333333333343 38.75 38.75 -0.58310100000355147 0.57445331568146518 0.57445331568146518 -0.70180464938939502 2.7755575615628914e-17 -0.7123694505629985 -0.40922299286609809 -0.81853734679767109 0.40315400780240612 
2 -39.333333333333343 38.75 38.75 0.58310100000355147 -0.57445331568146518 -0.57445331568146518 0.70180464938939502 -2.7755575615628914e-17 0.7123694505629985 -0.40922299286609809 -0.81853734679767109 0.40315400780240612 3.3460076502852165
1 -19.666666666666689 19.375000000000004 19.375000000000004 0.58310100000355147 -0.57445331568146518 -0.57445331568146518 0.70180464938939502 -2.7755575615628914e-17 0.7123694505629985 -0.40922299286609809 -0.81853734679767109 0.40315400780240612 
1 -39.333333333333343 38.75 38.75 0.58310100000355147 -0.57445331568146518 -0.57445331568146518 0.70180464938939502 -2.7755575615628914e-17 0.7123694505629985 -0.40922299286609809 -0.81853734679767109 0.40315400780240612 
3 -39.333333333333343 38.75 38.75 0.58310100000355147 -0.57445331568146518 0.57445331568146518 -0.70180464938939502 2.7755575615628914e-17 0.7123694505629985 -0.40922299286609809 -0.81853734679767109 -0.40315400780240612 3.3460076502852165
-0.024966073614751831
1 -19.666666666666686 19.375 58.125 0.58310100000355147 -0.57445331568146518 0.57445331568146518 -0.70180464938939502 2.7755575615628914e-17 0.7123694505629985 -0.40922299286609809 -0.81853734679767109 -0.40315400780240612 
1 -39.333333333333343 38.75 38.75 0.58310100000355147 -0.57445331568146518 0.57445331568146518 -0.70180464938939502 2.7755575615628914e-17 0.7123694505629985 -0.40922299286609809 -0.81853734679767109 -0.40315400780240612 
2 -39.333333333333343 38.75 38.75 0.58310100000355147 0.57445331568146518 -0.57445331568146518 0.70180464938939502 2.7755575615628914e-17 0.7123694505629985 0.40922299286609809 -0.81853734679767109 -0.40315400780240612 3.3460076502852165
1 -19.666666666666689 58.125 19.375000000000004 0.58310100000355147 0.57445331568146518 -0.57445331568146518 0.70180464938939502 2.7755575615628914e-17 0.7123694505629985 0.40922299286609809 -0.81853734679767109 -0.40315400780240612 
1 -39.333333333333343 38.75 38.75 0.58310100000355147 0.57445331568146518 -0.57445331568146518 0.70180464938939502 2.7755575615628914e-17 0.7123694505629985 0.40922299286609809 -0.81853734679767109 -0.40315400780240612 
3 -39.333333333333343 38.75 38.75 0.58310100000355147 0.57445331568146518 0.57445331568146518 -0.70180464938939502 -2.7755575615628914e-17 0.7123694505629985 0.40922299286609809 -0.81853734679767109 0.40315400780240612 3.3460076502852165
-0.0018366107951033564
1 -19.666666666666689 58.125 58.125 0.58310100000355147 0.57445331568146518 0.57445331568146518 -0.70180464938939502 -2.7755575615628914e-17 0.7123694505629985 0.40922299286609809 -0.81853734679767109 0.40315400780240612 
1 -39.333333333333343 38.75 38.75 0.58310100000355147 0.57445331568146518 0.57445331568146518 -0.70180464938939502 -2.7755575615628914e-17 0.7123694505629985 0.40922299286609809 -0.81853734679767109 0.40315400780240612 
2 -39.333333333333343 38.75 77.5 -0.58310100000355147 0.57445331568146518 -0.57445331568146518 0.70180464938939502 -2.7755575615628914e-17 -0.7123694505629985 -0.40922299286609809 -0.81853734679767109 -0.40315400780240612 3.3460076502852165
1 -59 58.125 58.125 -0.58310100000355147 0.57445331568146518 -0.57445331568146518 0.70180464938939502 -2.7755575615628914e-17 -0.7123694505629985 -0.40922299286609809 -0.81853734679767109 -0.40315400780240612 
1 -39.333333333333343 38.75 77.5 -0.58310100000355147 0.57445331568146518 -0.57445331568146518 0.70180464938939502 -2.7755575615628914e-17 -0.7123694505629985 -0.40922299286609809 -0.81853734679767109 -0.40315400780240612 
3 -39.333333333333343 38.75 77.5 0.58310100000355147 -0.57445331568146518 -0.57445331568146518 0.70180464938939502 -2.7755575615628914e-17 0.7123694505629985 -0.40922299286609809 -0.81853734679767109 0.40315400780240612 3.3460076502852165
-0.024966073614751831
1 -19.666666666666686 19.375 58.125 0.58310100000355147 -0.57445331568146518 -0.57445331568146518 0.70180464938939502 -2.7755575615628914e-17 0.7123694505629985 -0.40922299286609809 -0.81853734679767109 0.40315400780240612 
1 -39.333333333333343 38.75 77.5 0.58310100000355147 -0.57445331568146518 -0.57445331568146518 0.70180464938939502 -2.7755575615628914e-17 0.7123694505629985 -0.40922299286609809 -0.81853734679767109 0.40315400780240612 
3 -39.333333333333343 38.75 77.5 0.58310100000355147 0.57445331568146518 -0.57445331568146518 0.70180464938939502 2.7755575615628914e-17 0.7123694505629985 0.40922299286609809 -0.81853734679767109 -0.40315400780240612 3.3460076502852165
-0.0018366107951033564
1 -19.666666666666689 58.125 58.125 0.58310100000355147 0.57445331568146518 -0.57445331568146518 0.70180464938939502 2.7755575615628914e-17 0.7123694505629985 0.40922299286609809 -0.81853734679767109 -0.40315400780240612 
1 -39.333333333333343 38.75 77.5 0.58310100000355147 0.57445331568146518 -0.57445331568146518 0.70180464938939502 2.7755575615628914e-17 0.7123694505629985 0.40922299286609809 -0.81853734679767109 -0.40315400780240612 
3 -39.333333333333343 77.5 -38.75 -0.58310100000355147 -0.57445331568146518 0.57445331568146518 -0.70180464938939502 -2.7755575615628914e-17 -0.7123694505629985 0.40922299286609809 -0.81853734679767109 -0.40315400780240612 1.731409265622893
0.047835037244486844
1 -59 58.125 -19.375000000000004 -0.58310100000355147 -0.57445331568146518 0.57445331568146518 -0.70180464938939502 -2.7755575615628914e-17 -0.7123694505629985 0.40922299286609809 -0.81853734679767109 -0.40315400780240612 
1 -39.333333333333343 77.5 -38.75 -0.58310100000355147 -0.57445331568146518 0.57445331568146518 -0.70180464938939502 -2.7755575615628914e-17 -0.7123694505629985 0.40922299286609809 -0.81853734679767109 -0.40315400780240612 
3 -59 58.125 -19.375 0.58310100000355147 0.57445331568146518 0.57445331568146518 -0.70180464938939502 -2.7755575615628914e-17 0.7123694505629985 0.40922299286609809 -0.81853734679767109 0.40315400780240612 3.3460076502852165
-0.0060881503569264403
1 -39.333333333333343 77.5 -3.5527136788005009e-15 0.58310100000355147 0.57445331568146518 0.57445331568146518 -0.70180464938939502 -2.7755575615628914e-17 0.7123694505629985 0.40922299286609809 -0.81853734679767109 0.40315400780240612 
1 -59 58.125 -19.375 0.58310100000355147 0.57445331568146518 0.57445331568146518 -0.70180464938939502 -2.7755575615628914e-17 0.7123694505629985 0.40922299286609809 -0.81853734679767109 0.40315400780240612 
3 -39.333333333333343 77.5 0 -0.58310100000355147 -0.57445331568146518 0.57445331568146518 -0.70180464938939502 -2.7755575615628914e-17 -0.7123694505629985 0.40922299286609809 -0.81853734679767109 -0.40315400780240612 3.1406656888766711
0.0060881503569264403
1 -59 58.125 19.374999999999996 -0.58310100000355147 -0.57445331568146518 0.57445331568146518 -0.70180464938939502 -2.7755575615628914e-17 -0.7123694505629985 0.40922299286609809 -0.81853734679767109 -0.40315400780240612 
1 -39.333333333333343 77.5 0 -0.58310100000355147 -0.57445331568146518 0.57445331568146518 -0.70180464938939502 -2.7755575615628914e-17 -0.7123694505629985 0.40922299286609809 -0.81853734679767109 -0.40315400780240612 
3 -39.333333333333343 77.5 0 0.58310100000355147 -0.57445331568146518 -0.57445331568146518 0.70180464938939502 -2.7755575615628914e-17 0.7123694505629985 -0.40922299286609809 -0.81853734679767109 0.40315400780240612 3.1406656888766711
0.0060881503569264403
1 -19.666666666666689 58.125 -19.374999999999996 0.58310100000355147 -0.57445331568146518 -0.57445331568146518 0.70180464938939502 -2.7755575615628914e-17 0.7123694505629985 -0.40922299286609809 -0.81853734679767109 0.40315400780240612 
1 -39.333333333333343 77.5 0 0.58310100000355147 -0.57445331568146518 -0.57445331568146518 0.70180464938939502 -2.7755575615628914e-17 0.7123694505629985 -0.40922299286609809 -0.81853734679767109 0.40315400780240612 
3 -39.333333333333343 77.5 0 0.58310100000355147 -0.57445331568146518 0.57445331568146518 -0.70180464938939502 2.7755575615628914e-17 0.7123694505629985 -0.40922299286609809 -0.81853734679767109 -0.40315400780240612 3.1406656888766711
0.0060881503569264403
1 -19.666666666666689 58.125 19.374999999999996 0.58310100000355147 -0.57445331568146518 0.57445331568146518 -0.70180464938939502 2.7755575615628914e-17 0.7123694505629985 -0.40922299286609809 -0.81853734679767109 -0.40315400780240612 
1 -39.333333333333343 77.5 0 0.58310100000355147 -0.57445331568146518 0.57445331568146518 -0.70180464938939502 2.7755575615628914e-17 0.7123694505629985 -0.40922299286609809 -0.81853734679767109 -0.40315400780240612 
3 -59 58.125 19.375 0.58310100000355147 0.57445331568146518 0.57445331568146518 -0.70180464938939502 -2.7755575615628914e-17 0.7123694505629985 0.40922299286609809 -0.81853734679767109 0.40315400780240612 3.3460076502852165
-0.047776039422967556
1 -39.333333333333343 77.5 38.75 0.58310100000355147 0.57445331568146518 0.57445331568146518 -0.70180464938939502 -2.7755575615628914e-17 0.7123694505629985 0.40922299286609809 -0.81853734679767109 0.40315400780240612 
1 -59 58.125 19.375 0.58310100000355147 0.57445331568146518 0.57445331568146518 -0.70180464938939502 -2.7755575615628914e-17 0.7123694505629985 0.40922299286609809 -0.81853734679767109 0.40315400780240612 
3 0 0 0 -0.58310100000355214 0.57445331568146496 -0.57445331568146496 0.70180464938939446 2.7755575615628901e-17 -0.71236945056299894 -0.4092229928660982 -0.81853734679767132 -0.40315400780240568 2.7316756261759099
0.018212441218099704
1 -19.666666666666689 19.375000000000004 -19.375000000000004 -0.58310100000355214 0.57445331568146496 -0.57445331568146496 0.70180464938939446 2.7755575615628901e-17 -0.71236945056299894 -0.4092229928660982 -0.81853734679767132 -0.40315400780240568 
1 0 0 0 -0.58310100000355214 0.57445331568146496 -0.57445331568146496 0.70180464938939446 2.7755575615628901e-17 -0.71236945056299894 -0.4092229928660982 -0.81853734679767132 -0.40315400780240568 
3 0 0 0 -0.58310100000355214 0.57445331568146496 0.57445331568146496 -0.70180464938939446 -2.7755575615628901e-17 -0.71236945056299894 -0.4092229928660982 -0.81853734679767132 0.40315400780240568 2.7316756261759099
0.018212441218099704
1 -19.666666666666689 19.375000000000004 19.375000000000004 -0.58310100000355214 0.57445331568146496 0.57445331568146496 -0.70180464938939446 -2.7755575615628901e-17 -0.71236945056299894 -0.4092229928660982 -0.81853734679767132 0.40315400780240568 
1 0 0 0 -0.58310100000355214 0.57445331568146496 0.57445331568146496 -0.70180464938939446 -2.7755575615628901e-17 -0.71236945056299894 -0.4092229928660982 -0.81853734679767132 0.40315400780240568 
3 0 0 0 0.58310100000355147 0.57445331568146518 -0.57445331568146518 0.70180464938939502 2.7755575615628914e-17 0.7123694505629985 0.40922299286609809 -0.81853734679767109 -0.40315400780240612 2.7316756261759099
0.018212441218099718
1 19.666666666666654 19.374999999999996 -19.374999999999996 0.58310100000355147 0.57445331568146518 -0.57445331568146518 0.70180464938939502 2.7755575615628914e-17 0.7123694505629985 0.40922299286609809 -0.81853734679767109 -0.40315400780240612 
1 0 0 0 0.58310100000355147 0.57445331568146518 -0.57445331568146518 0.70180464938939502 2.7755575615628914e-17 0.7123694505629985 0.40922299286609809 -0.81853734679767109 -0.40315400780240612 
3 0 0 0 0.58310100000355147 0.57445331568146518 0.57445331568146518 -0.70180464938939502 -2.7755575615628914e-17 0.7123694505629985 0.40922299286609809 -0.81853734679767109 0.40315400780240612 2.7316756261759099
0.018212441218099718
1 19.666666666666654 19.374999999999996 19.374999999999996 0.58310100000355147 0.57445331568146518 0.57445331568146518 -0.70180464938939502 -2.7755575615628914e-17 0.7123694505629985 0.40922299286609809 -0.81853734679767109 0.40315400780240612 
1 0 0 0 0.58310100000355147 0.57445331568146518 0.57445331568146518 -0.70180464938939502 -2.7755575615628914e-17 0.7123694505629985 0.40922299286609809 -0.81853734679767109 0.40315400780240612 
3 -19.666666666666686 19.375 -58.125 0.58310100000355214 0.57445331568146496 -0.57445331568146496 0.70180464938939446 -2.7755575615628901e-17 0.71236945056299894 0.4092229928660982 -0.81853734679767132 -0.40315400780240568 2.5039540660842858
-0.0062432418926255421
1 3.5527136788005009e-15 38.75 -77.5 0.58310100000355214 0.57445331568146496 -0.57445331568146496 0.70180464938939446 -2.7755575615628901e-17 0.71236945056299894 0.4092229928660982 -0.81853734679767132 -0.40315400780240568 
1 -19.666666666666686 19.375 -58.125 0.58310100000355214 0.57445331568146496 -0.57445331568146496 0.70180464938939446 -2.7755575615628901e-17 0.71236945056299894 0.4092229928660982 -0.81853734679767132 -0.40315400780240568 
3 -19.666666666666686 19.375 -58.125 0.58310100000355214 0.57445331568146496 0.57445331568146496 -0.70180464938939446 2.7755575615628901e-17 0.71236945056299894 0.4092229928660982 -0.81853734679767132 0.40315400780240568 2.5039540660842858
0.024961032674271806
1 7.1054273576010019e-15 38.750000000000007 -38.749999999999993 0.58310100000355214 0.57445331568146496 0.57445331568146496 -0.70180464938939446 2.7755575615628901e-17 0.71236945056299894 0.4092229928660982 -0.81853734679767132 0.40315400780240568 
1 -19.666666666666686 19.375 -58.125 0.58310100000355214 0.57445331568146496 0.57445331568146496 -0.70180464938939446 2.7755575615628901e-17 0.71236945056299894 0.4092229928660982 -0.81853734679767132 0.40315400780240568 
3 0 38.75 -77.5 -0.58310100000355214 0.57445331568146496 0.57445331568146496 -0.70180464938939446 -2.7755575615628901e-17 -0.71236945056299894 -0.4092229928660982 -0.81853734679767132 0.40315400780240568 2.2933810220712796
0.029361635726938583
1 -19.666666666666689 58.125 -58.125 -0.58310100000355214 0.57445331568146496 0.57445331568146496 -0.70180464938939446 -2.7755575615628901e-17 -0.71236945056299894 -0.4092229928660982 -0.81853734679767132 0.40315400780240568 
1 0 38.75 -77.5 -0.58310100000355214 0.57445331568146496 0.57445331568146496 -0.70180464938939446 -2.7755575615628901e-17 -0.71236945056299894 -0.4092229928660982 -0.81853734679767132 0.40315400780240568 
3 0 38.75 -77.5 0.58310100000355147 -0.57445331568146518 0.57445331568146518 -0.70180464938939502 2.7755575615628914e-17 0.7123694505629985 -0.40922299286609809 -0.81853734679767109 -0.40315400780240612 2.2933810220712796
0.03119941384509382
1 19.666666666666654 19.375000000000004 -58.125 0.58310100000355147 -0.57445331568146518 0.57445331568146518 -0.70180464938939502 2.7755575615628914e-17 0.7123694505629985 -0.40922299286609809 -0.81853734679767109 -0.40315400780240612 
1 0 38.75 -77.5 0.58310100000355147 -0.57445331568146518 0.57445331568146518 -0.70180464938939502 2.7755575615628914e-17 0.7123694505629985 -0.40922299286609809 -0.81853734679767109 -0.40315400780240612 
2 0 38.75 -38.75 -0.58310100000355214 -0.57445331568146496 0.57445331568146496 -0.70180464938939446 2.7755575615628901e-17 -0.71236945056299894 0.4092229928660982 -0.81853734679767132 -0.40315400780240568 3.3460076502852165
1 -19.666666666666689 19.374999999999996 -19.374999999999996 -0.58310100000355214 -0.57445331568146496 0.57445331568146496 -0.70180464938939446 2.7755575615628901e-17 -0.71236945056299894 0.4092229928660982 -0.81853734679767132 -0.40315400780240568 
1 0 38.75 -38.75 -0.58310100000355214 -0.57445331568146496 0.57445331568146496 -0.70180464938939446 2.7755575615628901e-17 -0.71236945056299894 0.4092229928660982 -0.81853734679767132 -0.40315400780240568 
3 0 38.75 -38.75 -0.58310100000355214 0.57445331568146496 -0.57445331568146496 0.70180464938939446 2.7755575615628901e-17 -0.71236945056299894 -0.4092229928660982 -0.81853734679767132 -0.40315400780240568 3.3460076502852165
-0.0018394626706625605
1 -19.666666666666693 58.125000000000007 -58.125000000000007 -0.58310100000355214 0.57445331568146496 -0.57445331568146496 0.70180464938939446 2.7755575615628901e-17 -0.71236945056299894 -0.4092229928660982 -0.81853734679767132 -0.40315400780240568 
1 0 38.75 -38.75 -0.58310100000355214 0.57445331568146496 -0.57445331568146496 0.70180464938939446 2.7755575615628901e-17 -0.71236945056299894 -0.4092229928660982 -0.81853734679767132 -0.40315400780240568 
2 0 38.75 -38.75 -0.58310100000355214 0.57445331568146496 0.57445331568146496 -0.70180464938939446 -2.7755575615628901e-17 -0.71236945056299894 -0.4092229928660982 -0.81853734679767132 0.40315400780240568 3.3460076502852165
1 -19.666666666666689 58.125 -19.374999999999996 -0.58310100000355214 0.57445331568146496 0.57445331568146496 -0.70180464938939446 -2.7755575615628901e-17 -0.71236945056299894 -0.4092229928660982 -0.81853734679767132 0.40315400780240568 
1 0 38.75 -38.75 -0.58310100000355214 0.57445331568146496 0.57445331568146496 -0.70180464938939446 -2.7755575615628901e-17 -0.71236945056299894 -0.4092229928660982 -0.81853734679767132 0.40315400780240568 
2 0 38.75 -38.75 0.58310100000355147 -0.57445331568146518 -0.57445331568146518 0.70180464938939502 -2.7755575615628914e-17 0.7123694505629985 -0.40922299286609809 -0.81853734679767109 0.40315400780240612 3.3460076502852165
1 19.666666666666654 19.375000000000004 -58.125 0.58310100000355147 -0.57445331568146518 -0.57445331568146518 0.70180464938939502 -2.7755575615628914e-17 0.7123694505629985 -0.40922299286609809 -0.81853734679767109 0.40315400780240612 
1 0 38.75 -38.75 0.58310100000355147 -0.57445331568146518 -0.57445331568146518 0.70180464938939502 -2.7755575615628914e-17 0.7123694505629985 -0.40922299286609809 -0.81853734679767109 0.40315400780240612 
2 0 38.75 -38.75 0.58310100000355147 -0.57445331568146518 0.57445331568146518 -0.70180464938939502 2.7755575615628914e-17 0.7123694505629985 -0.40922299286609809 -0.81853734679767109 -0.40315400780240612 3.3460076502852165
1 19.666666666666654 19.375000000000004 -19.375000000000004 0.58310100000355147 -0.57445331568146518 0.57445331568146518 -0.70180464938939502 2.7755575615628914e-17 0.7123694505629985 -0.40922299286609809 -0.81853734679767109 -0.40315400780240612 
1 0 38.75 -38.75 0.58310100000355147 -0.57445331568146518 0.57445331568146518 -0.70180464938939502 2.7755575615628914e-17 0.7123694505629985 -0.40922299286609809 -0.81853734679767109 -0.40315400780240612 
3 0 38.75 -38.75 0.58310100000355147 0.57445331568146518 -0.57445331568146518 0.70180464938939502 2.7755575615628914e-17 0.7123694505629985 0.40922299286609809 -0.81853734679767109 -0.40315400780240612 3.3460076502852165
-0.042763374328110407
1 19.666666666666654 58.125 -58.125 0.58310100000355147 0.57445331568146518 -0.57445331568146518 0.70180464938939502 2.7755575615628914e-17 0.7123694505629985 0.40922299286609809 -0.81853734679767109 -0.40315400780240612 
1 0 38.75 -38.75 0.58310100000355147 0.57445331568146518 -0.57445331568146518 0.70180464938939502 2.7755575615628914e-17 0.7123694505629985 0.40922299286609809 -0.81853734679767109 -0.40315400780240612 
2 0 38.75 -38.75 0.58310100000355147 0.57445331568146518 0.57445331568146518 -0.70180464938939502 -2.7755575615628914e-17 0.7123694505629985 0.40922299286609809 -0.81853734679767109 0.40315400780240612 3.3460076502852165
1 19.666666666666654 58.125 -19.375000000000004 0.58310100000355147 0.57445331568146518 0.57445331568146518 -0.70180464938939502 -2.7755575615628914e-17 0.7123694505629985 0.40922299286609809 -0.81853734679767109 0.40315400780240612 
1 0 38.75 -38.75 0.58310100000355147 0.57445331568146518 0.57445331568146518 -0.70180464938939502 -2.7755575615628914e-17 0.7123694505629985 0.40922299286609809 -0.81853734679767109 0.40315400780240612 
2 -19.666666666666686 19.375 -19.375 0.58310100000355214 0.57445331568146496 0.57445331568146496 -0.70180464938939446 2.7755575615628901e-17 0.71236945056299894 0.4092229928660982 -0.81853734679767132 0.40315400780240568 3.3460076502852165
1 3.5527136788005009e-15 38.75 3.5527136788005009e-15 0.58310100000355214 0.57445331568146496 0.57445331568146496 -0.70180464938939446 2.7755575615628901e-17 0.71236945056299894 0.4092229928660982 -0.81853734679767132 0.40315400780240568 
1 -19.666666666666686 19.375 -19.375 0.58310100000355214 0.57445331568146496 0.57445331568146496 -0.70180464938939446 2.7755575615628901e-17 0.71236945056299894 0.4092229928660982 -0.81853734679767132 0.40315400780240568 
2 0 38.75 0 -0.58310100000355214 -0.57445331568146496 0.57445331568146496 -0.70180464938939446 2.7755575615628901e-17 -0.71236945056299894 0.4092229928660982 -0.81853734679767132 -0.40315400780240568 3.3460076502852165
1 -19.666666666666689 19.374999999999996 19.375000000000004 -0.58310100000355214 -0.57445331568146496 0.57445331568146496 -0.70180464938939446 2.7755575615628901e-17 -0.71236945056299894 0.4092229928660982 -0.81853734679767132 -0.40315400780240568 
1 0 38.75 0 -0.58310100000355214 -0.57445331568146496 0.57445331568146496 -0.70180464938939446 2.7755575615628901e-17 -0.71236945056299894 0.4092229928660982 -0.81853734679767132 -0.40315400780240568 
2 0 38.75 0 -0.58310100000355214 0.57445331568146496 -0.57445331568146496 0.70180464938939446 2.7755575615628901e-17 -0.71236945056299894 -0.4092229928660982 -0.81853734679767132 -0.40315400780240568 3.3460076502852165
1 -19.666666666666689 58.125 -19.375000000000004 -0.58310100000355214 0.57445331568146496 -0.57445331568146496 0.70180464938939446 2.7755575615628901e-17 -0.71236945056299894 -0.4092229928660982 -0.81853734679767132 -0.40315400780240568 
1 0 38.75 0 -0.58310100000355214 0.57445331568146496 -0.57445331568146496 0.70180464938939446 2.7755575615628901e-17 -0.71236945056299894 -0.4092229928660982 -0.81853734679767132 -0.40315400780240568 
2 0 38.75 0 -0.58310100000355214 0.57445331568146496 0.57445331568146496 -0.70180464938939446 -2.7755575615628901e-17 -0.71236945056299894 -0.4092229928660982 -0.81853734679767132 0.40315400780240568 3.3460076502852165
1 -19.666666666666689 58.125 19.375000000000004 -0.58310100000355214 0.57445331568146496 0.57445331568146496 -0.70180464938939446 -2.7755575615628901e-17 -0.71236945056299894 -0.4092229928660982 -0.81853734679767132 0.40315400780240568 
1 0 38.75 0 -0.58310100000355214 0.57445331568146496 0.57445331568146496 -0.70180464938939446 -2.7755575615628901e-17 -0.71236945056299894 -0.4092229928660982 -0.81853734679767132 0.40315400780240568 
2 0 38.75 0 0.58310100000355147 -0.57445331568146518 -0.57445331568146518 0.70180464938939502 -2.7755575615628914e-17 0.7123694505629985 -0.40922299286609809 -0.81853734679767109 0.40315400780240612 3.3460076502852165
1 19.666666666666654 19.375000000000004 -19.374999999999996 0.58310100000355147 -0.57445331568146518 -0.57445331568146518 0.70180464938939502 -2.7755575615628914e-17 0.7123694505629985 -0.40922299286609809 -0.81853734679767109 0.40315400780240612 
1 0 38.75 0 0.58310100000355147 -0.57445331568146518 -0.57445331568146518 0.70180464938939502 -2.7755575615628914e-17 0.7123694505629985 -0.40922299286609809 -0.81853734679767109 0.40315400780240612 
2 0 38.75 0 0.58310100000355147 -0.57445331568146518 0.57445331568146518 -0.70180464938939502 2.7755575615628914e-17 0.7123694505629985 -0.40922299286609809 -0.81853734679767109 -0.40315400780240612 3.3460076502852165
1 19.666666666666654 19.375000000000004 19.374999999999996 0.58310100000355147 -0.57445331568146518 0.57445331568146518 -0.70180464938939502 2.7755575615628914e-17 0.7123694505629985 -0.40922299286609809 -0.81853734679767109 -0.40315400780240612 
1 0 38.75 0 0.58310100000355147 -0.57445331568146518 0.57445331568146518 -0.70180464938939502 2.7755575615628914e-17 0.7123694505629985 -0.40922299286609809 -0.81853734679767109 -0.40315400780240612 
2 0 38.75 0 0.58310100000355147 0.57445331568146518 -0.57445331568146518 0.70180464938939502 2.7755575615628914e-17 0.7123694505629985 0.40922299286609809 -0.81853734679767109 -0.40315400780240612 3.3460076502852165
1 19.666666666666654 58.125 -19.374999999999996 0.58310100000355147 0.57445331568146518 -0.57445331568146518 0.70180464938939502 2.7755575615628914e-17 0.7123694505629985 0.40922299286609809 -0.81853734679767109 -0.40315400780240612 
1 0 38.75 0 0.58310100000355147 0.57445331568146518 -0.57445331568146518 0.70180464938939502 2.7755575615628914e-17 0.7123694505629985 0.40922299286609809 -0.81853734679767109 -0.40315400780240612 
2 0 38.75 0 0.58310100000355147 0.57445331568146518 0.57445331568146518 -0.70180464938939502 -2.7755575615628914e-17 0.7123694505629985 0.40922299286609809 -0.81853734679767109 0.40315400780240612 3.3460076502852165
1 19.666666666666654 58.125 19.374999999999996 0.58310100000355147 0.57445331568146518 0.57445331568146518 -0.70180464938939502 -2.7755575615628914e-17 0.7123694505629985 0.40922299286609809 -0.81853734679767109 0.40315400780240612 
1 0 38.75 0 0.58310100000355147 0.57445331568146518 0.57445331568146518 -0.70180464938939502 -2.7755575615628914e-17 0.7123694505629985 0.40922299286609809 -0.81853734679767109 0.40315400780240612 
2 -19.666666666666686 19.375 19.375 0.58310100000355214 0.57445331568146496 0.57445331568146496 -0.70180464938939446 2.7755575615628901e-17 0.71236945056299894 0.4092229928660982 -0.81853734679767132 0.40315400780240568 3.3460076502852165
1 3.5527136788005009e-15 38.75 38.75 0.58310100000355214 0.57445331568146496 0.57445331568146496 -0.70180464938939446 2.7755575615628901e-17 0.71236945056299894 0.4092229928660982 -0.81853734679767132 0.40315400780240568 
1 -19.666666666666686 19.375 19.375 0.58310100000355214 0.57445331568146496 0.57445331568146496 -0.70180464938939446 2.7755575615628901e-17 0.71236945056299894 0.4092229928660982 -0.81853734679767132 0.40315400780240568 
3 0 38.75 38.75 -0.58310100000355214 -0.57445331568146496 0.57445331568146496 -0.70180464938939446 2.7755575615628901e-17 -0.71236945056299894 0.4092229928660982 -0.81853734679767132 -0.40315400780240568 3.3460076502852165
-0.024966073614751817
1 -19.666666666666693 19.374999999999993 58.125000000000007 -0.58310100000355214 -0.57445331568146496 0.57445331568146496 -0.70180464938939446 2.7755575615628901e-17 -0.71236945056299894 0.4092229928660982 -0.81853734679767132 -0.40315400780240568 
1 0 38.75 38.75 -0.58310100000355214 -0.57445331568146496 0.57445331568146496 -0.70180464938939446 2.7755575615628901e-17 -0.71236945056299894 0.4092229928660982 -0.81853734679767132 -0.40315400780240568 
2 0 38.75 38.75 -0.58310100000355214 0.57445331568146496 -0.57445331568146496 0.70180464938939446 2.7755575615628901e-17 -0.71236945056299894 -0.4092229928660982 -0.81853734679767132 -0.40315400780240568 3.3460076502852165
1 -19.666666666666689 58.125 19.374999999999996 -0.58310100000355214 0.57445331568146496 -0.57445331568146496 0.70180464938939446 2.7755575615628901e-17 -0.71236945056299894 -0.4092229928660982 -0.81853734679767132 -0.40315400780240568 
1 0 38.75 38.75 -0.58310100000355214 0.57445331568146496 -0.57445331568146496 0.70180464938939446 2.7755575615628901e-17 -0.71236945056299894 -0.4092229928660982 -0.81853734679767132 -0.40315400780240568 
3 0 38.75 38.75 -0.58310100000355214 0.57445331568146496 0.57445331568146496 -0.70180464938939446 -2.7755575615628901e-17 -0.71236945056299894 -0.4092229928660982 -0.81853734679767132 0.40315400780240568 3.3460076502852165
-0.0018366107951033554
1 -19.666666666666689 58.125 58.125 -0.58310100000355214 0.57445331568146496 0.57445331568146496 -0.70180464938939446 -2.7755575615628901e-17 -0.71236945056299894 -0.4092229928660982 -0.81853734679767132 0.40315400780240568 
1 0 38.75 38.75 -0.58310100000355214 0.57445331568146496 0.57445331568146496 -0.70180464938939446 -2.7755575615628901e-17 -0.71236945056299894 -0.4092229928660982 -0.81853734679767132 0.40315400780240568 
2 0 38.75 38.75 0.58310100000355147 -0.57445331568146518 -0.57445331568146518 0.70180464938939502 -2.7755575615628914e-17 0.7123694505629985 -0.40922299286609809 -0.81853734679767109 0.40315400780240612 3.3460076502852165
1 19.666666666666654 19.375000000000004 19.375000000000004 0.58310100000355147 -0.57445331568146518 -0.57445331568146518 0.70180464938939502 -2.7755575615628914e-17 0.7123694505629985 -0.40922299286609809 -0.81853734679767109 0.40315400780240612 
1 0 38.75 38.75 0.58310100000355147 -0.57445331568146518 -0.57445331568146518 0.70180464938939502 -2.7755575615628914e-17 0.7123694505629985 -0.40922299286609809 -0.81853734679767109 0.40315400780240612 
2 0 38.75 38.75 0.58310100000355147 -0.57445331568146518 0.57445331568146518 -0.70180464938939502 2.7755575615628914e-17 0.7123694505629985 -0.40922299286609809 -0.81853734679767109 -0.40315400780240612 3.3460076502852165
1 19.666666666666654 19.375000000000004 58.125 0.58310100000355147 -0.57445331568146518 0.57445331568146518 -0.70180464938939502 2.7755575615628914e-17 0.7123694505629985 -0.40922299286609809 -0.81853734679767109 -0.40315400780240612 
1 0 38.75 38.75 0.58310100000355147 -0.57445331568146518 0.57445331568146518 -0.70180464938939502 2.7755575615628914e-17 0.7123694505629985 -0.40922299286609809 -0.81853734679767109 -0.40315400780240612 
2 0 38.75 38.75 0.58310100000355147 0.57445331568146518 -0.57445331568146518 0.70180464938939502 2.7755575615628914e-17 0.7123694505629985 0.40922299286609809 -0.81853734679767109 -0.40315400780240612 3.3460076502852165
1 19.666666666666654 58.125 19.375000000000004 0.58310100000355147 0.57445331568146518 -0.57445331568146518 0.70180464938939502 2.7755575615628914e-17 0.7123694505629985 0.40922299286609809 -0.81853734679767109 -0.40315400780240612 
1 0 38.75 38.75 0.58310100000355147 0.57445331568146518 -0.57445331568146518 0.70180464938939502 2.7755575615628914e-17 0.7123694505629985 0.40922299286609809 -0.81853734679767109 -0.40315400780240612 
3 0 38.75 38.75 0.58310100000355147 0.57445331568146518 0.57445331568146518 -0.70180464938939502 -2.7755575615628914e-17 0.7123694505629985 0.40922299286609809 -0.81853734679767109 0.40315400780240612 3.3460076502852165
-0.042752991231910391
1 19.666666666666657 58.125 58.125 0.58310100000355147 0.57445331568146518 0.57445331568146518 -0.70180464938939502 -2.7755575615628914e-17 0.7123694505629985 0.40922299286609809 -0.81853734679767109 0.40315400780240612 
1 0 38.75 38.75 0.58310100000355147 0.57445331568146518 0.57445331568146518 -0.70180464938939502 -2.7755575615628914e-17 0.7123694505629985 0.40922299286609809 -0.81853734679767109 0.40315400780240612 
3 -19.666666666666686 19.375 58.125 0.58310100000355214 0.57445331568146496 0.57445331568146496 -0.70180464938939446 2.7755575615628901e-17 0.71236945056299894 0.4092229928660982 -0.81853734679767132 0.40315400780240568 2.5037839406638009
-0.0061636296814710587
1 3.5527136788005009e-15 38.75 77.5 0.58310100000355214 0.57445331568146496 0.57445331568146496 -0.70180464938939446 2.7755575615628901e-17 0.71236945056299894 0.4092229928660982 -0.81853734679767132 0.40315400780240568 
1 -19.666666666666686 19.375 58.125 0.58310100000355214 0.57445331568146496 0.57445331568146496 -0.70180464938939446 2.7755575615628901e-17 0.71236945056299894 0.4092229928660982 -0.81853734679767132 0.40315400780240568 
3 0 38.75 77.5 -0.58310100000355214 0.57445331568146496 -0.57445331568146496 0.70180464938939446 2.7755575615628901e-17 -0.71236945056299894 -0.4092229928660982 -0.81853734679767132 -0.40315400780240568 2.2958961382714205
0.029289978081531755
1 -19.666666666666689 58.125 58.125 -0.58310100000355214 0.57445331568146496 -0.57445331568146496 0.70180464938939446 2.7755575615628901e-17 -0.71236945056299894 -0.4092229928660982 -0.81853734679767132 -0.40315400780240568 
1 0 38.75 77.5 -0.58310100000355214 0.57445331568146496 -0.57445331568146496 0.70180464938939446 2.7755575615628901e-17 -0.71236945056299894 -0.4092229928660982 -0.81853734679767132 -0.40315400780240568 
3 0 38.75 77.5 0.58310100000355147 -0.57445331568146518 -0.57445331568146518 0.70180464938939502 -2.7755575615628914e-17 0.7123694505629985 -0.40922299286609809 -0.81853734679767109 0.40315400780240612 2.2958961382714205
0.031124915044553437
1 19.666666666666654 19.375000000000004 58.125 0.58310100000355147 -0.57445331568146518 -0.57445331568146518 0.70180464938939502 -2.7755575615628914e-17 0.7123694505629985 -0.40922299286609809 -0.81853734679767109 0.40315400780240612 
1 0 38.75 77.5 0.58310100000355147 -0.57445331568146518 -0.57445331568146518 0.70180464938939502 -2.7755575615628914e-17 0.7123694505629985 -0.40922299286609809 -0.81853734679767109 0.40315400780240612 
2 39.333333333333314 0 -38.75 -0.58310100000355147 0.57445331568146518 -0.57445331568146518 0.70180464938939502 -2.7755575615628914e-17 -0.7123694505629985 -0.40922299286609809 -0.81853734679767109 -0.40315400780240612 3.3460076502852165
1 19.666666666666661 19.374999999999996 -58.125 -0.58310100000355147 0.57445331568146518 -0.57445331568146518 0.70180464938939502 -2.7755575615628914e-17 -0.7123694505629985 -0.40922299286609809 -0.81853734679767109 -0.40315400780240612 
1 39.333333333333314 0 -38.75 -0.58310100000355147 0.57445331568146518 -0.57445331568146518 0.70180464938939502 -2.7755575615628914e-17 -0.7123694505629985 -0.40922299286609809 -0.81853734679767109 -0.40315400780240612 
2 39.333333333333314 0 -38.75 -0.58310100000355147 0.57445331568146518 0.57445331568146518 -0.70180464938939502 2.7755575615628914e-17 -0.7123694505629985 -0.40922299286609809 -0.81853734679767109 0.40315400780240612 3.3460076502852165
1 19.666666666666661 19.374999999999996 -19.375000000000004 -0.58310100000355147 0.57445331568146518 0.57445331568146518 -0.70180464938939502 2.7755575615628914e-17 -0.7123694505629985 -0.40922299286609809 -0.81853734679767109 0.40315400780240612 
1 39.333333333333314 0 -38.75 -0.58310100000355147 0.57445331568146518 0.57445331568146518 -0.70180464938939502 2.7755575615628914e-17 -0.7123694505629985 -0.40922299286609809 -0.81853734679767109 0.40315400780240612 
3 39.333333333333314 0 -38.75 0.58310100000355214 -0.57445331568146496 0.57445331568146496 -0.70180464938939446 -2.7755575615628901e-17 0.71236945056299894 -0.4092229928660982 -0.81853734679767132 -0.40315400780240568 3.3460076502852165
-0.027550633299281629
1 59 -19.375000000000004 -19.374999999999996 0.58310100000355214 -0.57445331568146496 0.57445331568146496 -0.70180464938939446 -2.7755575615628901e-17 0.71236945056299894 -0.4092229928660982 -0.81853734679767132 -0.40315400780240568 
1 39.333333333333314 0 -38.75 0.58310100000355214 -0.57445331568146496 0.57445331568146496 -0.70180464938939446 -2.7755575615628901e-17 0.71236945056299894 -0.4092229928660982 -0.81853734679767132 -0.40315400780240568 
2 39.333333333333314 0 -38.75 0.58310100000355214 0.57445331568146496 -0.57445331568146496 0.70180464938939446 -2.7755575615628901e-17 0.71236945056299894 0.4092229928660982 -0.81853734679767132 -0.40315400780240568 3.3460076502852165
1 59 19.375000000000004 -58.125 0.58310100000355214 0.57445331568146496 -0.57445331568146496 0.70180464938939446 -2.7755575615628901e-17 0.71236945056299894 0.4092229928660982 -0.81853734679767132 -0.40315400780240568 
1 39.333333333333314 0 -38.75 0.58310100000355214 0.57445331568146496 -0.57445331568146496 0.70180464938939446 -2.7755575615628901e-17 0.71236945056299894 0.4092229928660982 -0.81853734679767132 -0.40315400780240568 
2 39.333333333333314 0 -38.75 0.58310100000355214 0.57445331568146496 0.57445331568146496 -0.70180464938939446 2.7755575615628901e-17 0.71236945056299894 0.4092229928660982 -0.81853734679767132 0.40315400780240568 3.3460076502852165
1 59 19.375000000000004 -19.374999999999996 0.58310100000355214 0.57445331568146496 0.57445331568146496 -0.70180464938939446 2.7755575615628901e-17 0.71236945056299894 0.4092229928660982 -0.81853734679767132 0.40315400780240568 
1 39.333333333333314 0 -38.75 0.58310100000355214 0.57445331568146496 0.57445331568146496 -0.70180464938939446 2.7755575615628901e-17 0.71236945056299894 0.4092229928660982 -0.81853734679767132 0.40315400780240568 
2 39.333333333333314 0 0 -0.58310100000355147 0.57445331568146518 -0.57445331568146518 0.70180464938939502 -2.7755575615628914e-17 -0.7123694505629985 -0.40922299286609809 -0.81853734679767109 -0.40315400780240612 3.3460076502852165
1 19.666666666666661 19.374999999999996 -19.374999999999996 -0.58310100000355147 0.57445331568146518 -0.57445331568146518 0.70180464938939502 -2.7755575615628914e-17 -0.7123694505629985 -0.40922299286609809 -0.81853734679767109 -0.40315400780240612 
1 39.333333333333314 0 0 -0.58310100000355147 0.57445331568146518 -0.57445331568146518 0.70180464938939502 -2.7755575615628914e-17 -0.7123694505629985 -0.40922299286609809 -0.81853734679767109 -0.40315400780240612 
2 39.333333333333314 0 0 -0.58310100000355147 0.57445331568146518 0.57445331568146518 -0.70180464938939502 2.7755575615628914e-17 -0.7123694505629985 -0.40922299286609809 -0.81853734679767109 0.40315400780240612 3.3460076502852165
1 19.666666666666661 19.374999999999996 19.374999999999996 -0.58310100000355147 0.57445331568146518 0.57445331568146518 -0.70180464938939502 2.7755575615628914e-17 -0.7123694505629985 -0.40922299286609809 -0.81853734679767109 0.40315400780240612 
1 39.333333333333314 0 0 -0.58310100000355147 0.57445331568146518 0.57445331568146518 -0.70180464938939502 2.7755575615628914e-17 -0.7123694505629985 -0.40922299286609809 -0.81853734679767109 0.40315400780240612 
3 39.333333333333314 0 0 0.58310100000355214 -0.57445331568146496 -0.57445331568146496 0.70180464938939446 2.7755575615628901e-17 0.71236945056299894 -0.4092229928660982 -0.81853734679767132 0.40315400780240568 3.3460076502852165
-0.027550633299281629
1 59 -19.375000000000004 -19.375000000000004 0.58310100000355214 -0.57445331568146496 -0.57445331568146496 0.70180464938939446 2.7755575615628901e-17 0.71236945056299894 -0.4092229928660982 -0.81853734679767132 0.40315400780240568 
1 39.333333333333314 0 0 0.58310100000355214 -0.57445331568146496 -0.57445331568146496 0.70180464938939446 2.7755575615628901e-17 0.71236945056299894 -0.4092229928660982 -0.81853734679767132 0.40315400780240568 
3 39.333333333333314 0 0 0.58310100000355214 -0.57445331568146496 0.57445331568146496 -0.70180464938939446 -2.7755575615628901e-17 0.71236945056299894 -0.4092229928660982 -0.81853734679767132 -0.40315400780240568 3.3460076502852165
-0.027512070850426215
1 59.000000000000007 -19.375000000000007 19.375000000000007 0.58310100000355214 -0.57445331568146496 0.57445331568146496 -0.70180464938939446 -2.7755575615628901e-17 0.71236945056299894 -0.4092229928660982 -0.81853734679767132 -0.40315400780240568 
1 39.333333333333314 0 0 0.58310100000355214 -0.57445331568146496 0.57445331568146496 -0.70180464938939446 -2.7755575615628901e-17 0.71236945056299894 -0.4092229928660982 -0.81853734679767132 -0.40315400780240568 
2 39.333333333333314 0 0 0.58310100000355214 0.57445331568146496 -0.57445331568146496 0.70180464938939446 -2.7755575615628901e-17 0.71236945056299894 0.4092229928660982 -0.81853734679767132 -0.40315400780240568 3.3460076502852165
1 59 19.375000000000004 -19.375000000000004 0.58310100000355214 0.57445331568146496 -0.57445331568146496 0.70180464938939446 -2.7755575615628901e-17 0.71236945056299894 0.4092229928660982 -0.81853734679767132 -0.40315400780240568 
1 39.333333333333314 0 0 0.58310100000355214 0.57445331568146496 -0.57445331568146496 0.70180464938939446 -2.7755575615628901e-17 0.71236945056299894 0.4092229928660982 -0.81853734679767132 -0.40315400780240568 
2 39.333333333333314 0 0 0.58310100000355214 0.57445331568146496 0.57445331568146496 -0.70180464938939446 2.7755575615628901e-17 0.71236945056299894 0.4092229928660982 -0.81853734679767132 0.40315400780240568 3.3460076502852165
1 59 19.375000000000004 19.375000000000004 0.58310100000355214 0.57445331568146496 0.57445331568146496 -0.70180464938939446 2.7755575615628901e-17 0.71236945056299894 0.4092229928660982 -0.81853734679767132 0.40315400780240568 
1 39.333333333333314 0 0 0.58310100000355214 0.57445331568146496 0.57445331568146496 -0.70180464938939446 2.7755575615628901e-17 0.71236945056299894 0.4092229928660982 -0.81853734679767132 0.40315400780240568 
2 39.333333333333314 0 38.75 -0.58310100000355147 0.57445331568146518 -0.57445331568146518 0.70180464938939502 -2.7755575615628914e-17 -0.7123694505629985 -0.40922299286609809 -0.81853734679767109 -0.40315400780240612 3.3460076502852165
1 19.666666666666661 19.374999999999996 19.375000000000004 -0.58310100000355147 0.57445331568146518 -0.57445331568146518 0.70180464938939502 -2.7755575615628914e-17 -0.7123694505629985 -0.40922299286609809 -0.81853734679767109 -0.40315400780240612 
1 39.333333333333314 0 38.75 -0.58310100000355147 0.57445331568146518 -0.57445331568146518 0.70180464938939502 -2.7755575615628914e-17 -0.7123694505629985 -0.40922299286609809 -0.81853734679767109 -0.40315400780240612 
2 39.333333333333314 0 38.75 -0.58310100000355147 0.57445331568146518 0.57445331568146518 -0.70180464938939502 2.7755575615628914e-17 -0.7123694505629985 -0.40922299286609809 -0.81853734679767109 0.40315400780240612 3.3460076502852165
1 19.666666666666661 19.374999999999996 58.125 -0.58310100000355147 0.57445331568146518 0.57445331568146518 -0.70180464938939502 2.7755575615628914e-17 -0.7123694505629985 -0.40922299286609809 -0.81853734679767109 0.40315400780240612 
1 39.333333333333314 0 38.75 -0.58310100000355147 0.57445331568146518 0.57445331568146518 -0.70180464938939502 2.7755575615628914e-17 -0.7123694505629985 -0.40922299286609809 -0.81853734679767109 0.40315400780240612 
3 39.333333333333314 0 38.75 0.58310100000355214 -0.57445331568146496 -0.57445331568146496 0.70180464938939446 2.7755575615628901e-17 0.71236945056299894 -0.4092229928660982 -0.81853734679767132 0.40315400780240568 3.3460076502852165
-0.027512070850426215
1 59.000000000000007 -19.375000000000007 19.374999999999993 0.58310100000355214 -0.57445331568146496 -0.57445331568146496 0.70180464938939446 2.7755575615628901e-17 0.71236945056299894 -0.4092229928660982 -0.81853734679767132 0.40315400780240568 
1 39.333333333333314 0 38.75 0.58310100000355214 -0.57445331568146496 -0.57445331568146496 0.70180464938939446 2.7755575615628901e-17 0.71236945056299894 -0.4092229928660982 -0.81853734679767132 0.40315400780240568 
2 39.333333333333314 0 38.75 0.58310100000355214 0.57445331568146496 -0.57445331568146496 0.70180464938939446 -2.7755575615628901e-17 0.71236945056299894 0.4092229928660982 -0.81853734679767132 -0.40315400780240568 3.3460076502852165
1 59 19.375000000000004 19.374999999999996 0.58310100000355214 0.57445331568146496 -0.57445331568146496 0.70180464938939446 -2.7755575615628901e-17 0.71236945056299894 0.4092229928660982 -0.81853734679767132 -0.40315400780240568 
1 39.333333333333314 0 38.75 0.58310100000355214 0.57445331568146496 -0.57445331568146496 0.70180464938939446 -2.7755575615628901e-17 0.71236945056299894 0.4092229928660982 -0.81853734679767132 -0.40315400780240568 
2 39.333333333333314 0 38.75 0.58310100000355214 0.57445331568146496 0.57445331568146496 -0.70180464938939446 2.7755575615628901e-17 0.71236945056299894 0.4092229928660982 -0.81853734679767132 0.40315400780240568 3.3460076502852165
1 59 19.375000000000004 58.125 0.58310100000355214 0.57445331568146496 0.57445331568146496 -0.70180464938939446 2.7755575615628901e-17 0.71236945056299894 0.4092229928660982 -0.81853734679767132 0.40315400780240568 
1 39.333333333333314 0 38.75 0.58310100000355214 0.57445331568146496 0.57445331568146496 -0.70180464938939446 2.7755575615628901e-17 0.71236945056299894 0.4092229928660982 -0.81853734679767132 0.40315400780240568 
2 19.666666666666657 19.375 -58.125 0.58310100000355147 0.57445331568146518 0.57445331568146518 -0.70180464938939502 -2.7755575615628914e-17 0.7123694505629985 0.40922299286609809 -0.81853734679767109 0.40315400780240612 3.3460076502852165
1 39.333333333333314 38.75 -38.75 0.58310100000355147 0.57445331568146518 0.57445331568146518 -0.70180464938939502 -2.7755575615628914e-17 0.7123694505629985 0.40922299286609809 -0.81853734679767109 0.40315400780240612 
1 19.666666666666657 19.375 -58.125 0.58310100000355147 0.57445331568146518 0.57445331568146518 -0.70180464938939502 -2.7755575615628914e-17 0.7123694505629985 0.40922299286609809 -0.81853734679767109 0.40315400780240612 
2 39.333333333333314 38.75 -38.75 -0.58310100000355147 -0.57445331568146518 0.57445331568146518 -0.70180464938939502 -2.7755575615628914e-17 -0.7123694505629985 0.40922299286609809 -0.81853734679767109 -0.40315400780240612 3.3460076502852165
1 19.666666666666661 19.375000000000004 -19.375000000000004 -0.58310100000355147 -0.57445331568146518 0.57445331568146518 -0.70180464938939502 -2.7755575615628914e-17 -0.7123694505629985 0.40922299286609809 -0.81853734679767109 -0.40315400780240612 
1 39.333333333333314 38.75 -38.75 -0.58310100000355147 -0.57445331568146518 0.57445331568146518 -0.70180464938939502 -2.7755575615628914e-17 -0.7123694505629985 0.40922299286609809 -0.81853734679767109 -0.40315400780240612 
3 39.333333333333314 38.75 -38.75 -0.58310100000355147 0.57445331568146518 -0.57445331568146518 0.70180464938939502 -2.7755575615628914e-17 -0.7123694505629985 -0.40922299286609809 -0.81853734679767109 -0.40315400780240612 3.3460076502852165
-0.042763374328110407
1 19.666666666666661 58.125 -58.125 -0.58310100000355147 0.57445331568146518 -0.57445331568146518 0.70180464938939502 -2.7755575615628914e-17 -0.7123694505629985 -0.40922299286609809 -0.81853734679767109 -0.40315400780240612 
1 39.333333333333314 38.75 -38.75 -0.58310100000355147 0.57445331568146518 -0.57445331568146518 0.70180464938939502 -2.7755575615628914e-17 -0.7123694505629985 -0.40922299286609809 -0.81853734679767109 -0.40315400780240612 
2 39.333333333333314 38.75 -38.75 -0.58310100000355147 0.57445331568146518 0.57445331568146518 -0.70180464938939502 2.7755575615628914e-17 -0.7123694505629985 -0.40922299286609809 -0.81853734679767109 0.40315400780240612 3.3460076502852165
1 19.666666666666661 58.125 -19.375000000000004 -0.58310100000355147 0.57445331568146518 0.57445331568146518 -0.70180464938939502 2.7755575615628914e-17 -0.7123694505629985 -0.40922299286609809 -0.81853734679767109 0.40315400780240612 
1 39.333333333333314 38.75 -38.75 -0.58310100000355147 0.57445331568146518 0.57445331568146518 -0.70180464938939502 2.7755575615628914e-17 -0.7123694505629985 -0.40922299286609809 -0.81853734679767109 0.40315400780240612 
2 39.333333333333314 38.75 -38.75 0.58310100000355214 -0.57445331568146496 -0.57445331568146496 0.70180464938939446 2.7755575615628901e-17 0.71236945056299894 -0.4092229928660982 -0.81853734679767132 0.40315400780240568 3.3460076502852165
1 59 19.374999999999996 -58.125 0.58310100000355214 -0.57445331568146496 -0.57445331568146496 0.70180464938939446 2.7755575615628901e-17 0.71236945056299894 -0.4092229928660982 -0.81853734679767132 0.40315400780240568 
1 39.333333333333314 38.75 -38.75 0.58310100000355214 -0.57445331568146496 -0.57445331568146496 0.70180464938939446 2.7755575615628901e-17 0.71236945056299894 -0.4092229928660982 -0.81853734679767132 0.40315400780240568 
2 39.333333333333314 38.75 -38.75 0.58310100000355214 -0.57445331568146496 0.57445331568146496 -0.70180464938939446 -2.7755575615628901e-17 0.71236945056299894 -0.4092229928660982 -0.81853734679767132 -0.40315400780240568 3.3460076502852165
1 59 19.374999999999996 -19.374999999999996 0.58310100000355214 -0.57445331568146496 0.57445331568146496 -0.70180464938939446 -2.7755575615628901e-17 0.71236945056299894 -0.4092229928660982 -0.81853734679767132 -0.40315400780240568 
1 39.333333333333314 38.75 -38.75 0.58310100000355214 -0.57445331568146496 0.57445331568146496 -0.70180464938939446 -2.7755575615628901e-17 0.71236945056299894 -0.4092229928660982 -0.81853734679767132 -0.40315400780240568 
3 39.333333333333314 38.75 -38.75 0.58310100000355214 0.57445331568146496 0.57445331568146496 -0.70180464938939446 2.7755575615628901e-17 0.71236945056299894 0.4092229928660982 -0.81853734679767132 0.40315400780240568 3.3460076502852165
-0.023821718728814108
1 59.000000000000007 58.125000000000007 -19.374999999999993 0.58310100000355214 0.57445331568146496 0.57445331568146496 -0.70180464938939446 2.7755575615628901e-17 0.71236945056299894 0.4092229928660982 -0.81853734679767132 0.40315400780240568 
1 39.333333333333314 38.75 -38.75 0.58310100000355214 0.57445331568146496 0.57445331568146496 -0.70180464938939446 2.7755575615628901e-17 0.71236945056299894 0.4092229928660982 -0.81853734679767132 0.40315400780240568 
2 19.666666666666657 19.375 -19.375 0.58310100000355147 0.57445331568146518 0.57445331568146518 -0.70180464938939502 -2.7755575615628914e-17 0.7123694505629985 0.40922299286609809 -0.81853734679767109 0.40315400780240612 3.3460076502852165
1 39.333333333333314 38.75 -3.5527136788005009e-15 0.58310100000355147 0.57445331568146518 0.57445331568146518 -0.70180464938939502 -2.7755575615628914e-17 0.7123694505629985 0.40922299286609809 -0.81853734679767109 0.40315400780240612 
1 19.666666666666657 19.375 -19.375 0.58310100000355147 0.57445331568146518 0.57445331568146518 -0.70180464938939502 -2.7755575615628914e-17 0.7123694505629985 0.40922299286609809 -0.81853734679767109 0.40315400780240612 
2 39.333333333333314 38.75 0 -0.58310100000355147 -0.57445331568146518 0.57445331568146518 -0.70180464938939502 -2.7755575615628914e-17 -0.7123694505629985 0.40922299286609809 -0.81853734679767109 -0.40315400780240612 3.3460076502852165
1 19.666666666666661 19.375000000000004 19.374999999999996 -0.58310100000355147 -0.57445331568146518 0.57445331568146518 -0.70180464938939502 -2.7755575615628914e-17 -0.7123694505629985 0.40922299286609809 -0.81853734679767109 -0.40315400780240612 
1 39.333333333333314 38.75 0 -0.58310100000355147 -0.57445331568146518 0.57445331568146518 -0.70180464938939502 -2.7755575615628914e-17 -0.7123694505629985 0.40922299286609809 -0.81853734679767109 -0.40315400780240612 
2 39.333333333333314 38.75 0 -0.58310100000355147 0.57445331568146518 -0.57445331568146518 0.70180464938939502 -2.7755575615628914e-17 -0.7123694505629985 -0.40922299286609809 -0.81853734679767109 -0.40315400780240612 3.3460076502852165
1 19.666666666666661 58.125 -19.374999999999996 -0.58310100000355147 0.57445331568146518 -0.57445331568146518 0.70180464938939502 -2.7755575615628914e-17 -0.7123694505629985 -0.40922299286609809 -0.81853734679767109 -0.40315400780240612 
1 39.333333333333314 38.75 0 -0.58310100000355147 0.57445331568146518 -0.57445331568146518 0.70180464938939502 -2.7755575615628914e-17 -0.7123694505629985 -0.40922299286609809 -0.81853734679767109 -0.40315400780240612 
2 39.333333333333314 38.75 0 -0.58310100000355147 0.57445331568146518 0.57445331568146518 -0.70180464938939502 2.7755575615628914e-17 -0.7123694505629985 -0.40922299286609809 -0.81853734679767109 0.40315400780240612 3.3460076502852165
1 19.666666666666661 58.125 19.374999999999996 -0.58310100000355147 0.57445331568146518 0.57445331568146518 -0.70180464938939502 2.7755575615628914e-17 -0.7123694505629985 -0.40922299286609809 -0.81853734679767109 0.40315400780240612 
1 39.333333333333314 38.75 0 -0.58310100000355147 0.57445331568146518 0.57445331568146518 -0.70180464938939502 2.7755575615628914e-17 -0.7123694505629985 -0.40922299286609809 -0.81853734679767109 0.40315400780240612 
2 39.333333333333314 38.75 0 0.58310100000355214 -0.57445331568146496 -0.57445331568146496 0.70180464938939446 2.7755575615628901e-17 0.71236945056299894 -0.4092229928660982 -0.81853734679767132 0.40315400780240568 3.3460076502852165
1 59 19.374999999999996 -19.375000000000004 0.58310100000355214 -0.57445331568146496 -0.57445331568146496 0.70180464938939446 2.7755575615628901e-17 0.71236945056299894 -0.4092229928660982 -0.81853734679767132 0.40315400780240568 
1 39.333333333333314 38.75 0 0.58310100000355214 -0.57445331568146496 -0.57445331568146496 0.70180464938939446 2.7755575615628901e-17 0.71236945056299894 -0.4092229928660982 -0.81853734679767132 0.40315400780240568 
2 39.333333333333314 38.75 0 0.58310100000355214 -0.57445331568146496 0.57445331568146496 -0.70180464938939446 -2.7755575615628901e-17 0.71236945056299894 -0.4092229928660982 -0.81853734679767132 -0.40315400780240568 3.3460076502852165
1 59 19.374999999999996 19.375000000000004 0.58310100000355214 -0.57445331568146496 0.57445331568146496 -0.70180464938939446 -2.7755575615628901e-17 0.71236945056299894 -0.4092229928660982 -0.81853734679767132 -0.40315400780240568 
1 39.333333333333314 38.75 0 0.58310100000355214 -0.57445331568146496 0.57445331568146496 -0.70180464938939446 -2.7755575615628901e-17 0.71236945056299894 -0.4092229928660982 -0.81853734679767132 -0.40315400780240568 
3 39.333333333333314 38.75 0 0.58310100000355214 0.57445331568146496 -0.57445331568146496 0.70180464938939446 -2.7755575615628901e-17 0.71236945056299894 0.4092229928660982 -0.81853734679767132 -0.40315400780240568 3.3460076502852165
-0.023821718728814108
1 59.000000000000007 58.125000000000007 -19.375000000000007 0.58310100000355214 0.57445331568146496 -0.57445331568146496 0.70180464938939446 -2.7755575615628901e-17 0.71236945056299894 0.4092229928660982 -0.81853734679767132 -0.40315400780240568 
1 39.333333333333314 38.75 0 0.58310100000355214 0.57445331568146496 -0.57445331568146496 0.70180464938939446 -2.7755575615628901e-17 0.71236945056299894 0.4092229928660982 -0.81853734679767132 -0.40315400780240568 
3 39.333333333333314 38.75 0 0.58310100000355214 0.57445331568146496 0.57445331568146496 -0.70180464938939446 2.7755575615628901e-17 0.71236945056299894 0.4092229928660982 -0.81853734679767132 0.40315400780240568 3.3460076502852165
-0.023817184315401779
1 59.000000000000007 58.125000000000007 19.375000000000007 0.58310100000355214 0.57445331568146496 0.57445331568146496 -0.70180464938939446 2.7755575615628901e-17 0.71236945056299894 0.4092229928660982 -0.81853734679767132 0.40315400780240568 
1 39.333333333333314 38.75 0 0.58310100000355214 0.57445331568146496 0.57445331568146496 -0.70180464938939446 2.7755575615628901e-17 0.71236945056299894 0.4092229928660982 -0.81853734679767132 0.40315400780240568 
2 19.666666666666657 19.375 19.375 0.58310100000355147 0.57445331568146518 0.57445331568146518 -0.70180464938939502 -2.7755575615628914e-17 0.7123694505629985 0.40922299286609809 -0.81853734679767109 0.40315400780240612 3.3460076502852165
1 39.333333333333314 38.75 38.75 0.58310100000355147 0.57445331568146518 0.57445331568146518 -0.70180464938939502 -2.7755575615628914e-17 0.7123694505629985 0.40922299286609809 -0.81853734679767109 0.40315400780240612 
1 19.666666666666657 19.375 19.375 0.58310100000355147 0.57445331568146518 0.57445331568146518 -0.70180464938939502 -2.7755575615628914e-17 0.7123694505629985 0.40922299286609809 -0.81853734679767109 0.40315400780240612 
2 39.333333333333314 38.75 38.75 -0.58310100000355147 -0.57445331568146518 0.57445331568146518 -0.70180464938939502 -2.7755575615628914e-17 -0.7123694505629985 0.40922299286609809 -0.81853734679767109 -0.40315400780240612 3.3460076502852165
1 19.666666666666661 19.375000000000004 58.125 -0.58310100000355147 -0.57445331568146518 0.57445331568146518 -0.70180464938939502 -2.7755575615628914e-17 -0.7123694505629985 0.40922299286609809 -0.81853734679767109 -0.40315400780240612 
1 39.333333333333314 38.75 38.75 -0.58310100000355147 -0.57445331568146518 0.57445331568146518 -0.70180464938939502 -2.7755575615628914e-17 -0.7123694505629985 0.40922299286609809 -0.81853734679767109 -0.40315400780240612 
2 39.333333333333314 38.75 38.75 -0.58310100000355147 0.57445331568146518 -0.57445331568146518 0.70180464938939502 -2.7755575615628914e-17 -0.7123694505629985 -0.40922299286609809 -0.81853734679767109 -0.40315400780240612 3.3460076502852165
1 19.666666666666661 58.125 19.375000000000004 -0.58310100000355147 0.57445331568146518 -0.57445331568146518 0.70180464938939502 -2.7755575615628914e-17 -0.7123694505629985 -0.40922299286609809 -0.81853734679767109 -0.40315400780240612 
1 39.333333333333314 38.75 38.75 -0.58310100000355147 0.57445331568146518 -0.57445331568146518 0.70180464938939502 -2.7755575615628914e-17 -0.7123694505629985 -0.40922299286609809 -0.81853734679767109 -0.40315400780240612 
3 39.333333333333314 38.75 38.75 -0.58310100000355147 0.57445331568146518 0.57445331568146518 -0.70180464938939502 2.7755575615628914e-17 -0.7123694505629985 -0.40922299286609809 -0.81853734679767109 0.40315400780240612 3.3460076502852165
-0.042752991231910391
1 19.666666666666657 58.125 58.125 -0.58310100000355147 0.57445331568146518 0.57445331568146518 -0.70180464938939502 2.7755575615628914e-17 -0.7123694505629985 -0.40922299286609809 -0.81853734679767109 0.40315400780240612 
1 39.333333333333314 38.75 38.75 -0.58310100000355147 0.57445331568146518 0.57445331568146518 -0.70180464938939502 2.7755575615628914e-17 -0.7123694505629985 -0.40922299286609809 -0.81853734679767109 0.40315400780240612 
2 39.333333333333314 38.75 38.75 0.58310100000355214 -0.57445331568146496 -0.57445331568146496 0.70180464938939446 2.7755575615628901e-17 0.71236945056299894 -0.4092229928660982 -0.81853734679767132 0.40315400780240568 3.3460076502852165
1 59 19.374999999999996 19.374999999999996 0.58310100000355214 -0.57445331568146496 -0.57445331568146496 0.70180464938939446 2.7755575615628901e-17 0.71236945056299894 -0.4092229928660982 -0.81853734679767132 0.40315400780240568 
1 39.333333333333314 38.75 38.75 0.58310100000355214 -0.57445331568146496 -0.57445331568146496 0.70180464938939446 2.7755575615628901e-17 0.71236945056299894 -0.4092229928660982 -0.81853734679767132 0.40315400780240568 
2 39.333333333333314 38.75 38.75 0.58310100000355214 -0.57445331568146496 0.57445331568146496 -0.70180464938939446 -2.7755575615628901e-17 0.71236945056299894 -0.4092229928660982 -0.81853734679767132 -0.40315400780240568 3.3460076502852165
1 59 19.374999999999996 58.125 0.58310100000355214 -0.57445331568146496 0.57445331568146496 -0.70180464938939446 -2.7755575615628901e-17 0.71236945056299894 -0.4092229928660982 -0.81853734679767132 -0.40315400780240568 
1 39.333333333333314 38.75 38.75 0.58310100000355214 -0.57445331568146496 0.57445331568146496 -0.70180464938939446 -2.7755575615628901e-17 0.71236945056299894 -0.4092229928660982 -0.81853734679767132 -0.40315400780240568 
3 39.333333333333314 38.75 38.75 0.58310100000355214 0.57445331568146496 -0.57445331568146496 0.70180464938939446 -2.7755575615628901e-17 0.71236945056299894 0.4092229928660982 -0.81853734679767132 -0.40315400780240568 3.3460076502852165
-0.023817184315401779
1 59.000000000000007 58.125000000000007 19.374999999999993 0.58310100000355214 0.57445331568146496 -0.57445331568146496 0.70180464938939446 -2.7755575615628901e-17 0.71236945056299894 0.4092229928660982 -0.81853734679767132 -0.40315400780240568 
1 39.333333333333314 38.75 38.75 0.58310100000355214 0.57445331568146496 -0.57445331568146496 0.70180464938939446 -2.7755575615628901e-17 0.71236945056299894 0.4092229928660982 -0.81853734679767132 -0.40315400780240568 
3 78.666666666666657 0 -38.75 -0.58310100000355147 -0.57445331568146518 0.57445331568146518 -0.70180464938939502 -2.7755575615628914e-17 -0.7123694505629985 0.40922299286609809 -0.81853734679767109 -0.40315400780240612 3.3460076502852165
-0.027550633299281646
1 59 -19.374999999999996 -19.375000000000004 -0.58310100000355147 -0.57445331568146518 0.57445331568146518 -0.70180464938939502 -2.7755575615628914e-17 -0.7123694505629985 0.40922299286609809 -0.81853734679767109 -0.40315400780240612 
1 78.666666666666657 0 -38.75 -0.58310100000355147 -0.57445331568146518 0.57445331568146518 -0.70180464938939502 -2.7755575615628914e-17 -0.7123694505629985 0.40922299286609809 -0.81853734679767109 -0.40315400780240612 
2 78.666666666666657 0 -38.75 -0.58310100000355147 0.57445331568146518 -0.57445331568146518 0.70180464938939502 -2.7755575615628914e-17 -0.7123694505629985 -0.40922299286609809 -0.81853734679767109 -0.40315400780240612 3.3460076502852165
1 59 19.374999999999996 -58.125 -0.58310100000355147 0.57445331568146518 -0.57445331568146518 0.70180464938939502 -2.7755575615628914e-17 -0.7123694505629985 -0.40922299286609809 -0.81853734679767109 -0.40315400780240612 
1 78.666666666666657 0 -38.75 -0.58310100000355147 0.57445331568146518 -0.57445331568146518 0.70180464938939502 -2.7755575615628914e-17 -0.7123694505629985 -0.40922299286609809 -0.81853734679767109 -0.40315400780240612 
2 78.666666666666657 0 -38.75 -0.58310100000355147 0.57445331568146518 0.57445331568146518 -0.70180464938939502 2.7755575615628914e-17 -0.7123694505629985 -0.40922299286609809 -0.81853734679767109 0.40315400780240612 3.3460076502852165
1 59 19.374999999999996 -19.375000000000004 -0.58310100000355147 0.57445331568146518 0.57445331568146518 -0.70180464938939502 2.7755575615628914e-17 -0.7123694505629985 -0.40922299286609809 -0.81853734679767109 0.40315400780240612 
1 78.666666666666657 0 -38.75 -0.58310100000355147 0.57445331568146518 0.57445331568146518 -0.70180464938939502 2.7755575615628914e-17 -0.7123694505629985 -0.40922299286609809 -0.81853734679767109 0.40315400780240612 
3 78.666666666666657 0 -38.75 0.58310100000355147 -0.57445331568146518 -0.57445331568146518 0.70180464938939502 -2.7755575615628914e-17 0.7123694505629985 -0.40922299286609809 -0.81853734679767109 0.40315400780240612 3.3460076502852165
-0.018291058276839391
1 98.333333333333314 -19.374999999999996 -58.125 0.58310100000355147 -0.57445331568146518 -0.57445331568146518 0.70180464938939502 -2.7755575615628914e-17 0.7123694505629985 -0.40922299286609809 -0.81853734679767109 0.40315400780240612 
1 78.666666666666657 0 -38.75 0.58310100000355147 -0.57445331568146518 -0.57445331568146518 0.70180464938939502 -2.7755575615628914e-17 0.7123694505629985 -0.40922299286609809 -0.81853734679767109 0.40315400780240612 
2 78.666666666666657 0 -38.75 0.58310100000355147 -0.57445331568146518 0.57445331568146518 -0.70180464938939502 2.7755575615628914e-17 0.7123694505629985 -0.40922299286609809 -0.81853734679767109 -0.40315400780240612 3.3460076502852165
1 98.333333333333314 -19.374999999999996 -19.375000000000004 0.58310100000355147 -0.57445331568146518 0.57445331568146518 -0.70180464938939502 2.7755575615628914e-17 0.7123694505629985 -0.40922299286609809 -0.81853734679767109 -0.40315400780240612 
1 78.666666666666657 0 -38.75 0.58310100000355147 -0.57445331568146518 0.57445331568146518 -0.70180464938939502 2.7755575615628914e-17 0.7123694505629985 -0.40922299286609809 -0.81853734679767109 -0.40315400780240612 
3 78.666666666666657 0 -38.75 0.58310100000355147 0.57445331568146518 -0.57445331568146518 0.70180464938939502 2.7755575615628914e-17 0.7123694505629985 0.40922299286609809 -0.81853734679767109 -0.40315400780240612 3.3460076502852165
-0.0051021063384043006
1 98.333333333333314 19.374999999999996 -58.125 0.58310100000355147 0.57445331568146518 -0.57445331568146518 0.70180464938939502 2.7755575615628914e-17 0.7123694505629985 0.40922299286609809 -0.81853734679767109 -0.40315400780240612 
1 78.666666666666657 0 -38.75 0.58310100000355147 0.57445331568146518 -0.57445331568146518 0.70180464938939502 2.7755575615628914e-17 0.7123694505629985 0.40922299286609809 -0.81853734679767109 -0.40315400780240612 
3 78.666666666666657 0 -38.75 0.58310100000355147 0.57445331568146518 0.57445331568146518 -0.70180464938939502 -2.7755575615628914e-17 0.7123694505629985 0.40922299286609809 -0.81853734679767109 0.40315400780240612 3.3460076502852165
-0.0096868976471684767
1 98.333333333333314 19.374999999999996 -19.375000000000004 0.58310100000355147 0.57445331568146518 0.57445331568146518 -0.70180464938939502 -2.7755575615628914e-17 0.7123694505629985 0.40922299286609809 -0.81853734679767109 0.40315400780240612 
1 78.666666666666657 0 -38.75 0.58310100000355147 0.57445331568146518 0.57445331568146518 -0.70180464938939502 -2.7755575615628914e-17 0.7123694505629985 0.40922299286609809 -0.81853734679767109 0.40315400780240612 
3 59 -19.375 -19.375 0.58310100000355147 0.57445331568146518 0.57445331568146518 -0.70180464938939502 -2.7755575615628914e-17 0.7123694505629985 0.40922299286609809 -0.81853734679767109 0.40315400780240612 2.416552456920523
0.027550633299281646
1 78.666666666666657 -3.5527136788005009e-15 -3.5527136788005009e-15 0.58310100000355147 0.57445331568146518 0.57445331568146518 -0.70180464938939502 -2.7755575615628914e-17 0.7123694505629985 0.40922299286609809 -0.81853734679767109 0.40315400780240612 
1 59 -19.375 -19.375 0.58310100000355147 0.57445331568146518 0.57445331568146518 -0.70180464938939502 -2.7755575615628914e-17 0.7123694505629985 0.40922299286609809 -0.81853734679767109 0.40315400780240612 
3 78.666666666666657 0 0 -0.58310100000355147 -0.57445331568146518 0.57445331568146518 -0.70180464938939502 -2.7755575615628914e-17 -0.7123694505629985 0.40922299286609809 -0.81853734679767109 -0.40315400780240612 3.3460076502852165
-0.027512070850426232
1 59 -19.374999999999996 19.374999999999996 -0.58310100000355147 -0.57445331568146518 0.57445331568146518 -0.70180464938939502 -2.7755575615628914e-17 -0.7123694505629985 0.40922299286609809 -0.81853734679767109 -0.40315400780240612 
1 78.666666666666657 0 0 -0.58310100000355147 -0.57445331568146518 0.57445331568146518 -0.70180464938939502 -2.7755575615628914e-17 -0.7123694505629985 0.40922299286609809 -0.81853734679767109 -0.40315400780240612 
2 78.666666666666657 0 0 -0.58310100000355147 0.57445331568146518 -0.57445331568146518 0.70180464938939502 -2.7755575615628914e-17 -0.7123694505629985 -0.40922299286609809 -0.81853734679767109 -0.40315400780240612 3.3460076502852165
1 59 19.374999999999996 -19.374999999999996 -0.58310100000355147 0.57445331568146518 -0.57445331568146518 0.70180464938939502 -2.7755575615628914e-17 -0.7123694505629985 -0.40922299286609809 -0.81853734679767109 -0.40315400780240612 
1 78.666666666666657 0 0 -0.58310100000355147 0.57445331568146518 -0.57445331568146518 0.70180464938939502 -2.7755575615628914e-17 -0.7123694505629985 -0.40922299286609809 -0.81853734679767109 -0.40315400780240612 
2 78.666666666666657 0 0 -0.58310100000355147 0.57445331568146518 0.57445331568146518 -0.70180464938939502 2.7755575615628914e-17 -0.7123694505629985 -0.40922299286609809 -0.81853734679767109 0.40315400780240612 3.3460076502852165
1 59 19.374999999999996 19.374999999999996 -0.58310100000355147 0.57445331568146518 0.57445331568146518 -0.70180464938939502 2.7755575615628914e-17 -0.7123694505629985 -0.40922299286609809 -0.81853734679767109 0.40315400780240612 
1 78.666666666666657 0 0 -0.58310100000355147 0.57445331568146518 0.57445331568146518 -0.70180464938939502 2.7755575615628914e-17 -0.7123694505629985 -0.40922299286609809 -0.81853734679767109 0.40315400780240612 
2 78.666666666666657 0 0 0.58310100000355147 -0.57445331568146518 -0.57445331568146518 0.70180464938939502 -2.7755575615628914e-17 0.7123694505629985 -0.40922299286609809 -0.81853734679767109 0.40315400780240612 3.3460076502852165
1 98.333333333333314 -19.374999999999996 -19.374999999999996 0.58310100000355147 -0.57445331568146518 -0.57445331568146518 0.70180464938939502 -2.7755575615628914e-17 0.7123694505629985 -0.40922299286609809 -0.81853734679767109 0.40315400780240612 
1 78.666666666666657 0 0 0.58310100000355147 -0.57445331568146518 -0.57445331568146518 0.70180464938939502 -2.7755575615628914e-17 0.7123694505629985 -0.40922299286609809 -0.81853734679767109 0.40315400780240612 
2 78.666666666666657 0 0 0.58310100000355147 -0.57445331568146518 0.57445331568146518 -0.70180464938939502 2.7755575615628914e-17 0.7123694505629985 -0.40922299286609809 -0.81853734679767109 -0.40315400780240612 3.3460076502852165
1 98.333333333333314 -19.374999999999996 19.374999999999996 0.58310100000355147 -0.57445331568146518 0.57445331568146518 -0.70180464938939502 2.7755575615628914e-17 0.7123694505629985 -0.40922299286609809 -0.81853734679767109 -0.40315400780240612 
1 78.666666666666657 0 0 0.58310100000355147 -0.57445331568146518 0.57445331568146518 -0.70180464938939502 2.7755575615628914e-17 0.7123694505629985 -0.40922299286609809 -0.81853734679767109 -0.40315400780240612 
3 78.666666666666657 0 0 0.58310100000355147 0.57445331568146518 -0.57445331568146518 0.70180464938939502 2.7755575615628914e-17 0.7123694505629985 0.40922299286609809 -0.81853734679767109 -0.40315400780240612 3.3460076502852165
-0.0096868976471684767
1 98.333333333333314 19.374999999999996 -19.374999999999996 0.58310100000355147 0.57445331568146518 -0.57445331568146518 0.70180464938939502 2.7755575615628914e-17 0.7123694505629985 0.40922299286609809 -0.81853734679767109 -0.40315400780240612 
1 78.666666666666657 0 0 0.58310100000355147 0.57445331568146518 -0.57445331568146518 0.70180464938939502 2.7755575615628914e-17 0.7123694505629985 0.40922299286609809 -0.81853734679767109 -0.40315400780240612 
3 78.666666666666657 0 0 0.58310100000355147 0.57445331568146518 0.57445331568146518 -0.70180464938939502 -2.7755575615628914e-17 0.7123694505629985 0.40922299286609809 -0.81853734679767109 0.40315400780240612 3.3460076502852165
-0.010062429301665803
1 98.333333333333314 19.374999999999993 19.374999999999993 0.58310100000355147 0.57445331568146518 0.57445331568146518 -0.70180464938939502 -2.7755575615628914e-17 0.7123694505629985 0.40922299286609809 -0.81853734679767109 0.40315400780240612 
1 78.666666666666657 0 0 0.58310100000355147 0.57445331568146518 0.57445331568146518 -0.70180464938939502 -2.7755575615628914e-17 0.7123694505629985 0.40922299286609809 -0.81853734679767109 0.40315400780240612 
3 59 -19.375 19.375 0.58310100000355147 0.57445331568146518 0.57445331568146518 -0.70180464938939502 -2.7755575615628914e-17 0.7123694505629985 0.40922299286609809 -0.81853734679767109 0.40315400780240612 2.4178540666978439
0.027512070850426232
1 78.666666666666657 -3.5527136788005009e-15 38.75 0.58310100000355147 0.57445331568146518 0.57445331568146518 -0.70180464938939502 -2.7755575615628914e-17 0.7123694505629985 0.40922299286609809 -0.81853734679767109 0.40315400780240612 
1 59 -19.375 19.375 0.58310100000355147 0.57445331568146518 0.57445331568146518 -0.70180464938939502 -2.7755575615628914e-17 0.7123694505629985 0.40922299286609809 -0.81853734679767109 0.40315400780240612 
2 78.666666666666657 0 38.75 -0.58310100000355147 0.57445331568146518 -0.57445331568146518 0.70180464938939502 -2.7755575615628914e-17 -0.7123694505629985 -0.40922299286609809 -0.81853734679767109 -0.40315400780240612 3.3460076502852165
1 59 19.374999999999996 19.375000000000004 -0.58310100000355147 0.57445331568146518 -0.57445331568146518 0.70180464938939502 -2.7755575615628914e-17 -0.7123694505629985 -0.40922299286609809 -0.81853734679767109 -0.40315400780240612 
1 78.666666666666657 0 38.75 -0.58310100000355147 0.57445331568146518 -0.57445331568146518 0.70180464938939502 -2.7755575615628914e-17 -0.7123694505629985 -0.40922299286609809 -0.81853734679767109 -0.40315400780240612 
2 78.666666666666657 0 38.75 -0.58310100000355147 0.57445331568146518 0.57445331568146518 -0.70180464938939502 2.7755575615628914e-17 -0.7123694505629985 -0.40922299286609809 -0.81853734679767109 0.40315400780240612 3.3460076502852165
1 59 19.374999999999996 58.125 -0.58310100000355147 0.57445331568146518 0.57445331568146518 -0.70180464938939502 2.7755575615628914e-17 -0.7123694505629985 -0.40922299286609809 -0.81853734679767109 0.40315400780240612 
1 78.666666666666657 0 38.75 -0.58310100000355147 0.57445331568146518 0.57445331568146518 -0.70180464938939502 2.7755575615628914e-17 -0.7123694505629985 -0.40922299286609809 -0.81853734679767109 0.40315400780240612 
2 78.666666666666657 0 38.75 0.58310100000355147 -0.57445331568146518 -0.57445331568146518 0.70180464938939502 -2.7755575615628914e-17 0.7123694505629985 -0.40922299286609809 -0.81853734679767109 0.40315400780240612 3.3460076502852165
1 98.333333333333314 -19.374999999999996 19.375000000000004 0.58310100000355147 -0.57445331568146518 -0.57445331568146518 0.70180464938939502 -2.7755575615628914e-17 0.7123694505629985 -0.40922299286609809 -0.81853734679767109 0.40315400780240612 
1 78.666666666666657 0 38.75 0.58310100000355147 -0.57445331568146518 -0.57445331568146518 0.70180464938939502 -2.7755575615628914e-17 0.7123694505629985 -0.40922299286609809 -0.81853734679767109 0.40315400780240612 
3 78.666666666666657 0 38.75 0.58310100000355147 -0.57445331568146518 0.57445331568146518 -0.70180464938939502 2.7755575615628914e-17 0.7123694505629985 -0.40922299286609809 -0.81853734679767109 -0.40315400780240612 3.3460076502852165
-0.018247592533245195
1 98.333333333333314 -19.374999999999996 58.125 0.58310100000355147 -0.57445331568146518 0.57445331568146518 -0.70180464938939502 2.7755575615628914e-17 0.7123694505629985 -0.40922299286609809 -0.81853734679767109 -0.40315400780240612 
1 78.666666666666657 0 38.75 0.58310100000355147 -0.57445331568146518 0.57445331568146518 -0.70180464938939502 2.7755575615628914e-17 0.7123694505629985 -0.40922299286609809 -0.81853734679767109 -0.40315400780240612 
3 78.666666666666657 0 38.75 0.58310100000355147 0.57445331568146518 -0.57445331568146518 0.70180464938939502 2.7755575615628914e-17 0.7123694505629985 0.40922299286609809 -0.81853734679767109 -0.40315400780240612 3.3460076502852165
-0.010062429301665803
1 98.333333333333314 19.374999999999993 19.375000000000007 0.58310100000355147 0.57445331568146518 -0.57445331568146518 0.70180464938939502 2.7755575615628914e-17 0.7123694505629985 0.40922299286609809 -0.81853734679767109 -0.40315400780240612 
1 78.666666666666657 0 38.75 0.58310100000355147 0.57445331568146518 -0.57445331568146518 0.70180464938939502 2.7755575615628914e-17 0.7123694505629985 0.40922299286609809 -0.81853734679767109 -0.40315400780240612 
3 78.666666666666657 0 38.75 0.58310100000355147 0.57445331568146518 0.57445331568146518 -0.70180464938939502 -2.7755575615628914e-17 0.7123694505629985 0.40922299286609809 -0.81853734679767109 0.40315400780240612 3.3460076502852165
-0.0050298506353315744
1 98.333333333333314 19.374999999999996 58.125 0.58310100000355147 0.57445331568146518 0.57445331568146518 -0.70180464938939502 -2.7755575615628914e-17 0.7123694505629985 0.40922299286609809 -0.81853734679767109 0.40315400780240612 
1 78.666666666666657 0 38.75 0.58310100000355147 0.57445331568146518 0.57445331568146518 -0.70180464938939502 -2.7755575615628914e-17 0.7123694505629985 0.40922299286609809 -0.81853734679767109 0.40315400780240612 
2 59 19.375 -58.125 0.58310100000355147 0.57445331568146518 0.57445331568146518 -0.70180464938939502 -2.7755575615628914e-17 0.7123694505629985 0.40922299286609809 -0.81853734679767109 0.40315400780240612 3.3460076502852165
1 78.666666666666657 38.75 -38.75 0.58310100000355147 0.57445331568146518 0.57445331568146518 -0.70180464938939502 -2.7755575615628914e-17 0.7123694505629985 0.40922299286609809 -0.81853734679767109 0.40315400780240612 
1 59 19.375 -58.125 0.58310100000355147 0.57445331568146518 0.57445331568146518 -0.70180464938939502 -2.7755575615628914e-17 0.7123694505629985 0.40922299286609809 -0.81853734679767109 0.40315400780240612 
2 78.666666666666657 38.75 -38.75 -0.58310100000355147 -0.57445331568146518 0.57445331568146518 -0.70180464938939502 -2.7755575615628914e-17 -0.7123694505629985 0.40922299286609809 -0.81853734679767109 -0.40315400780240612 3.3460076502852165
1 59 19.375000000000004 -19.375000000000004 -0.58310100000355147 -0.57445331568146518 0.57445331568146518 -0.70180464938939502 -2.7755575615628914e-17 -0.7123694505629985 0.40922299286609809 -0.81853734679767109 -0.40315400780240612 
1 78.666666666666657 38.75 -38.75 -0.58310100000355147 -0.57445331568146518 0.57445331568146518 -0.70180464938939502 -2.7755575615628914e-17 -0.7123694505629985 0.40922299286609809 -0.81853734679767109 -0.40315400780240612 
3 78.666666666666657 38.75 -38.75 -0.58310100000355147 0.57445331568146518 0.57445331568146518 -0.70180464938939502 2.7755575615628914e-17 -0.7123694505629985 -0.40922299286609809 -0.81853734679767109 0.40315400780240612 3.3460076502852165
-0.023821718728814122
1 59 58.125 -19.375000000000004 -0.58310100000355147 0.57445331568146518 0.57445331568146518 -0.70180464938939502 2.7755575615628914e-17 -0.7123694505629985 -0.40922299286609809 -0.81853734679767109 0.40315400780240612 
1 78.666666666666657 38.75 -38.75 -0.58310100000355147 0.57445331568146518 0.57445331568146518 -0.70180464938939502 2.7755575615628914e-17 -0.7123694505629985 -0.40922299286609809 -0.81853734679767109 0.40315400780240612 
3 78.666666666666657 38.75 -38.75 0.58310100000355147 -0.57445331568146518 -0.57445331568146518 0.70180464938939502 -2.7755575615628914e-17 0.7123694505629985 -0.40922299286609809 -0.81853734679767109 0.40315400780240612 3.3460076502852165
-0.0051021063384043006
1 98.333333333333314 19.375000000000004 -58.125 0.58310100000355147 -0.57445331568146518 -0.57445331568146518 0.70180464938939502 -2.7755575615628914e-17 0.7123694505629985 -0.40922299286609809 -0.81853734679767109 0.40315400780240612 
1 78.666666666666657 38.75 -38.75 0.58310100000355147 -0.57445331568146518 -0.57445331568146518 0.70180464938939502 -2.7755575615628914e-17 0.7123694505629985 -0.40922299286609809 -0.81853734679767109 0.40315400780240612 
3 78.666666666666657 38.75 -38.75 0.58310100000355147 -0.57445331568146518 0.57445331568146518 -0.70180464938939502 2.7755575615628914e-17 0.7123694505629985 -0.40922299286609809 -0.81853734679767109 -0.40315400780240612 3.3460076502852165
-0.0096868976471684767
1 98.333333333333314 19.375000000000004 -19.375000000000004 0.58310100000355147 -0.57445331568146518 0.57445331568146518 -0.70180464938939502 2.7755575615628914e-17 0.7123694505629985 -0.40922299286609809 -0.81853734679767109 -0.40315400780240612 
1 78.666666666666657 38.75 -38.75 0.58310100000355147 -0.57445331568146518 0.57445331568146518 -0.70180464938939502 2.7755575615628914e-17 0.7123694505629985 -0.40922299286609809 -0.81853734679767109 -0.40315400780240612 
3 78.666666666666657 38.75 -38.75 0.58310100000355147 0.57445331568146518 0.57445331568146518 -0.70180464938939502 -2.7755575615628914e-17 0.7123694505629985 0.40922299286609809 -0.81853734679767109 0.40315400780240612 3.3460076502852165
-0.025192970021597337
1 98.333333333333314 58.125 -19.375000000000004 0.58310100000355147 0.57445331568146518 0.57445331568146518 -0.70180464938939502 -2.7755575615628914e-17 0.7123694505629985 0.40922299286609809 -0.81853734679767109 0.40315400780240612 
1 78.666666666666657 38.75 -38.75 0.58310100000355147 0.57445331568146518 0.57445331568146518 -0.70180464938939502 -2.7755575615628914e-17 0.7123694505629985 0.40922299286609809 -0.81853734679767109 0.40315400780240612 
2 59 19.375 -19.375 0.58310100000355147 0.57445331568146518 0.57445331568146518 -0.70180464938939502 -2.7755575615628914e-17 0.7123694505629985 0.40922299286609809 -0.81853734679767109 0.40315400780240612 3.3460076502852165
1 78.666666666666657 38.75 -3.5527136788005009e-15 0.58310100000355147 0.57445331568146518 0.57445331568146518 -0.70180464938939502 -2.7755575615628914e-17 0.7123694505629985 0.40922299286609809 -0.81853734679767109 0.40315400780240612 
1 59 19.375 -19.375 0.58310100000355147 0.57445331568146518 0.57445331568146518 -0.70180464938939502 -2.7755575615628914e-17 0.7123694505629985 0.40922299286609809 -0.81853734679767109 0.40315400780240612 
2 78.666666666666657 38.75 0 -0.58310100000355147 -0.57445331568146518 0.57445331568146518 -0.70180464938939502 -2.7755575615628914e-17 -0.7123694505629985 0.40922299286609809 -0.81853734679767109 -0.40315400780240612 3.3460076502852165
1 59 19.375000000000004 19.374999999999996 -0.58310100000355147 -0.57445331568146518 0.57445331568146518 -0.70180464938939502 -2.7755575615628914e-17 -0.7123694505629985 0.40922299286609809 -0.81853734679767109 -0.40315400780240612 
1 78.666666666666657 38.75 0 -0.58310100000355147 -0.57445331568146518 0.57445331568146518 -0.70180464938939502 -2.7755575615628914e-17 -0.7123694505629985 0.40922299286609809 -0.81853734679767109 -0.40315400780240612 
3 78.666666666666657 38.75 0 -0.58310100000355147 0.57445331568146518 -0.57445331568146518 0.70180464938939502 -2.7755575615628914e-17 -0.7123694505629985 -0.40922299286609809 -0.81853734679767109 -0.40315400780240612 3.3460076502852165
-0.023821718728814122
1 59 58.125 -19.374999999999996 -0.58310100000355147 0.57445331568146518 -0.57445331568146518 0.70180464938939502 -2.7755575615628914e-17 -0.7123694505629985 -0.40922299286609809 -0.81853734679767109 -0.40315400780240612 
1 78.666666666666657 38.75 0 -0.58310100000355147 0.57445331568146518 -0.57445331568146518 0.70180464938939502 -2.7755575615628914e-17 -0.7123694505629985 -0.40922299286609809 -0.81853734679767109 -0.40315400780240612 
3 78.666666666666657 38.75 0 -0.58310100000355147 0.57445331568146518 0.57445331568146518 -0.70180464938939502 2.7755575615628914e-17 -0.7123694505629985 -0.40922299286609809 -0.81853734679767109 0.40315400780240612 3.3460076502852165
-0.023817184315401793
1 59 58.125 19.375 -0.58310100000355147 0.57445331568146518 0.57445331568146518 -0.70180464938939502 2.7755575615628914e-17 -0.7123694505629985 -0.40922299286609809 -0.81853734679767109 0.40315400780240612 
1 78.666666666666657 38.75 0 -0.58310100000355147 0.57445331568146518 0.57445331568146518 -0.70180464938939502 2.7755575615628914e-17 -0.7123694505629985 -0.40922299286609809 -0.81853734679767109 0.40315400780240612 
3 78.666666666666657 38.75 0 0.58310100000355147 -0.57445331568146518 -0.57445331568146518 0.70180464938939502 -2.7755575615628914e-17 0.7123694505629985 -0.40922299286609809 -0.81853734679767109 0.40315400780240612 3.3460076502852165
-0.0096868976471684767
1 98.333333333333314 19.375000000000004 -19.374999999999996 0.58310100000355147 -0.57445331568146518 -0.57445331568146518 0.70180464938939502 -2.7755575615628914e-17 0.7123694505629985 -0.40922299286609809 -0.81853734679767109 0.40315400780240612 
1 78.666666666666657 38.75 0 0.58310100000355147 -0.57445331568146518 -0.57445331568146518 0.70180464938939502 -2.7755575615628914e-17 0.7123694505629985 -0.40922299286609809 -0.81853734679767109 0.40315400780240612 
3 78.666666666666657 38.75 0 0.58310100000355147 -0.57445331568146518 0.57445331568146518 -0.70180464938939502 2.7755575615628914e-17 0.7123694505629985 -0.40922299286609809 -0.81853734679767109 -0.40315400780240612 3.3460076502852165
-0.010062429301665803
1 98.333333333333314 19.375000000000007 19.374999999999993 0.58310100000355147 -0.57445331568146518 0.57445331568146518 -0.70180464938939502 2.7755575615628914e-17 0.7123694505629985 -0.40922299286609809 -0.81853734679767109 -0.40315400780240612 
1 78.666666666666657 38.75 0 0.58310100000355147 -0.57445331568146518 0.57445331568146518 -0.70180464938939502 2.7755575615628914e-17 0.7123694505629985 -0.40922299286609809 -0.81853734679767109 -0.40315400780240612 
3 78.666666666666657 38.75 0 0.58310100000355147 0.57445331568146518 -0.57445331568146518 0.70180464938939502 2.7755575615628914e-17 0.7123694505629985 0.40922299286609809 -0.81853734679767109 -0.40315400780240612 3.3460076502852165
-0.025192970021597337
1 98.333333333333314 58.125 -19.374999999999996 0.58310100000355147 0.57445331568146518 -0.57445331568146518 0.70180464938939502 2.7755575615628914e-17 0.7123694505629985 0.40922299286609809 -0.81853734679767109 -0.40315400780240612 
1 78.666666666666657 38.75 0 0.58310100000355147 0.57445331568146518 -0.57445331568146518 0.70180464938939502 2.7755575615628914e-17 0.7123694505629985 0.40922299286609809 -0.81853734679767109 -0.40315400780240612 
3 78.666666666666657 38.75 0 0.58310100000355147 0.57445331568146518 0.57445331568146518 -0.70180464938939502 -2.7755575615628914e-17 0.7123694505629985 0.40922299286609809 -0.81853734679767109 0.40315400780240612 3.3460076502852165
-0.025165459480297706
1 98.333333333333314 58.125 19.374999999999996 0.58310100000355147 0.57445331568146518 0.57445331568146518 -0.70180464938939502 -2.7755575615628914e-17 0.7123694505629985 0.40922299286609809 -0.81853734679767109 0.40315400780240612 
1 78.666666666666657 38.75 0 0.58310100000355147 0.57445331568146518 0.57445331568146518 -0.70180464938939502 -2.7755575615628914e-17 0.7123694505629985 0.40922299286609809 -0.81853734679767109 0.40315400780240612 
2 59 19.375 19.375 0.58310100000355147 0.57445331568146518 0.57445331568146518 -0.70180464938939502 -2.7755575615628914e-17 0.7123694505629985 0.40922299286609809 -0.81853734679767109 0.40315400780240612 3.3460076502852165
1 78.666666666666657 38.75 38.75 0.58310100000355147 0.57445331568146518 0.57445331568146518 -0.70180464938939502 -2.7755575615628914e-17 0.7123694505629985 0.40922299286609809 -0.81853734679767109 0.40315400780240612 
1 59 19.375 19.375 0.58310100000355147 0.57445331568146518 0.57445331568146518 -0.70180464938939502 -2.7755575615628914e-17 0.7123694505629985 0.40922299286609809 -0.81853734679767109 0.40315400780240612 
2 78.666666666666657 38.75 38.75 -0.58310100000355147 -0.57445331568146518 0.57445331568146518 -0.70180464938939502 -2.7755575615628914e-17 -0.7123694505629985 0.40922299286609809 -0.81853734679767109 -0.40315400780240612 3.3460076502852165
1 59 19.375000000000004 58.125 -0.58310100000355147 -0.57445331568146518 0.57445331568146518 -0.70180464938939502 -2.7755575615628914e-17 -0.7123694505629985 0.40922299286609809 -0.81853734679767109 -0.40315400780240612 
1 78.666666666666657 38.75 38.75 -0.58310100000355147 -0.57445331568146518 0.57445331568146518 -0.70180464938939502 -2.7755575615628914e-17 -0.7123694505629985 0.40922299286609809 -0.81853734679767109 -0.40315400780240612 
3 78.666666666666657 38.75 38.75 -0.58310100000355147 0.57445331568146518 -0.57445331568146518 0.70180464938939502 -2.7755575615628914e-17 -0.7123694505629985 -0.40922299286609809 -0.81853734679767109 -0.40315400780240612 3.3460076502852165
-0.023817184315401793
1 59 58.125 19.375 -0.58310100000355147 0.57445331568146518 -0.57445331568146518 0.70180464938939502 -2.7755575615628914e-17 -0.7123694505629985 -0.40922299286609809 -0.81853734679767109 -0.40315400780240612 
1 78.666666666666657 38.75 38.75 -0.58310100000355147 0.57445331568146518 -0.57445331568146518 0.70180464938939502 -2.7755575615628914e-17 -0.7123694505629985 -0.40922299286609809 -0.81853734679767109 -0.40315400780240612 
3 78.666666666666657 38.75 38.75 0.58310100000355147 -0.57445331568146518 -0.57445331568146518 0.70180464938939502 -2.7755575615628914e-17 0.7123694505629985 -0.40922299286609809 -0.81853734679767109 0.40315400780240612 3.3460076502852165
-0.010062429301665803
1 98.333333333333314 19.375000000000007 19.375000000000007 0.58310100000355147 -0.57445331568146518 -0.57445331568146518 0.70180464938939502 -2.7755575615628914e-17 0.7123694505629985 -0.40922299286609809 -0.81853734679767109 0.40315400780240612 
1 78.666666666666657 38.75 38.75 0.58310100000355147 -0.57445331568146518 -0.57445331568146518 0.70180464938939502 -2.7755575615628914e-17 0.7123694505629985 -0.40922299286609809 -0.81853734679767109 0.40315400780240612 
3 78.666666666666657 38.75 38.75 0.58310100000355147 -0.57445331568146518 0.57445331568146518 -0.70180464938939502 2.7755575615628914e-17 0.7123694505629985 -0.40922299286609809 -0.81853734679767109 -0.40315400780240612 3.3460076502852165
-0.0050298506353315744
1 98.333333333333314 19.375000000000004 58.125 0.58310100000355147 -0.57445331568146518 0.57445331568146518 -0.70180464938939502 2.7755575615628914e-17 0.7123694505629985 -0.40922299286609809 -0.81853734679767109 -0.40315400780240612 
1 78.666666666666657 38.75 38.75 0.58310100000355147 -0.57445331568146518 0.57445331568146518 -0.70180464938939502 2.7755575615628914e-17 0.7123694505629985 -0.40922299286609809 -0.81853734679767109 -0.40315400780240612 
3 78.666666666666657 38.75 38.75 0.58310100000355147 0.57445331568146518 -0.57445331568146518 0.70180464938939502 2.7755575615628914e-17 0.7123694505629985 0.40922299286609809 -0.81853734679767109 -0.40315400780240612 3.3460076502852165
-0.025165459480297706
1 98.333333333333314 58.125 19.375000000000004 0.58310100000355147 0.57445331568146518 -0.57445331568146518 0.70180464938939502 2.7755575615628914e-17 0.7123694505629985 0.40922299286609809 -0.81853734679767109 -0.40315400780240612 
1 78.666666666666657 38.75 38.75 0.58310100000355147 0.57445331568146518 -0.57445331568146518 0.70180464938939502 2.7755575615628914e-17 0.7123694505629985 0.40922299286609809 -0.81853734679767109 -0.40315400780240612 
3 118 -38.75 -38.75 -0.58310100000355214 0.57445331568146496 -0.57445331568146496 0.70180464938939446 2.7755575615628901e-17 -0.71236945056299894 -0.4092229928660982 -0.81853734679767132 -0.40315400780240568 3.3460076502852165
-0.01829105827683938
1 98.333333333333314 -19.374999999999996 -58.125 -0.58310100000355214 0.57445331568146496 -0.57445331568146496 0.70180464938939446 2.7755575615628901e-17 -0.71236945056299894 -0.4092229928660982 -0.81853734679767132 -0.40315400780240568 
1 118 -38.75 -38.75 -0.58310100000355214 0.57445331568146496 -0.57445331568146496 0.70180464938939446 2.7755575615628901e-17 -0.71236945056299894 -0.4092229928660982 -0.81853734679767132 -0.40315400780240568 
2 118 -38.75 -38.75 -0.58310100000355214 0.57445331568146496 0.57445331568146496 -0.70180464938939446 -2.7755575615628901e-17 -0.71236945056299894 -0.4092229928660982 -0.81853734679767132 0.40315400780240568 3.3460076502852165
1 98.333333333333314 -19.374999999999996 -19.374999999999996 -0.58310100000355214 0.57445331568146496 0.57445331568146496 -0.70180464938939446 -2.7755575615628901e-17 -0.71236945056299894 -0.4092229928660982 -0.81853734679767132 0.40315400780240568 
1 118 -38.75 -38.75 -0.58310100000355214 0.57445331568146496 0.57445331568146496 -0.70180464938939446 -2.7755575615628901e-17 -0.71236945056299894 -0.4092229928660982 -0.81853734679767132 0.40315400780240568 
2 118 -38.75 -38.75 0.58310100000355092 -0.57445331568146552 -0.57445331568146552 0.70180464938939557 2.7755575615628914e-17 0.71236945056299794 -0.40922299286609798 -0.81853734679767087 0.40315400780240668 3.3460076502852165
1 137.66666666666663 -58.125 -58.125 0.58310100000355092 -0.57445331568146552 -0.57445331568146552 0.70180464938939557 2.7755575615628914e-17 0.71236945056299794 -0.40922299286609798 -0.81853734679767087 0.40315400780240668 
1 118 -38.75 -38.75 0.58310100000355092 -0.57445331568146552 -0.57445331568146552 0.70180464938939557 2.7755575615628914e-17 0.71236945056299794 -0.40922299286609798 -0.81853734679767087 0.40315400780240668 
3 118 -38.75 -38.75 0.58310100000355092 -0.57445331568146552 0.57445331568146552 -0.70180464938939557 -2.7755575615628914e-17 0.71236945056299794 -0.40922299286609798 -0.81853734679767087 -0.40315400780240668 3.3460076502852165
-0.010941051538888856
1 137.66666666666663 -58.125 -19.375 0.58310100000355092 -0.57445331568146552 0.57445331568146552 -0.70180464938939557 -2.7755575615628914e-17 0.71236945056299794 -0.40922299286609798 -0.81853734679767087 -0.40315400780240668 
1 118 -38.75 -38.75 0.58310100000355092 -0.57445331568146552 0.57445331568146552 -0.70180464938939557 -2.7755575615628914e-17 0.71236945056299794 -0.40922299286609798 -0.81853734679767087 -0.40315400780240668 
2 118 -38.75 -38.75 0.58310100000355092 0.57445331568146552 -0.57445331568146552 0.70180464938939557 -2.7755575615628914e-17 0.71236945056299794 0.40922299286609798 -0.81853734679767087 -0.40315400780240668 3.3460076502852165
1 137.66666666666663 -19.375 -58.125 0.58310100000355092 0.57445331568146552 -0.57445331568146552 0.70180464938939557 -2.7755575615628914e-17 0.71236945056299794 0.40922299286609798 -0.81853734679767087 -0.40315400780240668 
1 118 -38.75 -38.75 0.58310100000355092 0.57445331568146552 -0.57445331568146552 0.70180464938939557 -2.7755575615628914e-17 0.71236945056299794 0.40922299286609798 -0.81853734679767087 -0.40315400780240668 
2 118 -38.75 -38.75 0.58310100000355092 0.57445331568146552 0.57445331568146552 -0.70180464938939557 2.7755575615628914e-17 0.71236945056299794 0.40922299286609798 -0.81853734679767087 0.40315400780240668 3.3460076502852165
1 137.66666666666663 -19.375 -19.375 0.58310100000355092 0.57445331568146552 0.57445331568146552 -0.70180464938939557 2.7755575615628914e-17 0.71236945056299794 0.40922299286609798 -0.81853734679767087 0.40315400780240668 
1 118 -38.75 -38.75 0.58310100000355092 0.57445331568146552 0.57445331568146552 -0.70180464938939557 2.7755575615628914e-17 0.71236945056299794 0.40922299286609798 -0.81853734679767087 0.40315400780240668 
2 118 -38.75 0 -0.58310100000355214 0.57445331568146496 -0.57445331568146496 0.70180464938939446 2.7755575615628901e-17 -0.71236945056299894 -0.4092229928660982 -0.81853734679767132 -0.40315400780240568 3.3460076502852165
1 98.333333333333314 -19.374999999999996 -19.375000000000004 -0.58310100000355214 0.57445331568146496 -0.57445331568146496 0.70180464938939446 2.7755575615628901e-17 -0.71236945056299894 -0.4092229928660982 -0.81853734679767132 -0.40315400780240568 
1 118 -38.75 0 -0.58310100000355214 0.57445331568146496 -0.57445331568146496 0.70180464938939446 2.7755575615628901e-17 -0.71236945056299894 -0.4092229928660982 -0.81853734679767132 -0.40315400780240568 
2 118 -38.75 0 -0.58310100000355214 0.57445331568146496 0.57445331568146496 -0.70180464938939446 -2.7755575615628901e-17 -0.71236945056299894 -0.4092229928660982 -0.81853734679767132 0.40315400780240568 3.3460076502852165
1 98.333333333333314 -19.374999999999996 19.375000000000004 -0.58310100000355214 0.57445331568146496 0.57445331568146496 -0.70180464938939446 -2.7755575615628901e-17 -0.71236945056299894 -0.4092229928660982 -0.81853734679767132 0.40315400780240568 
1 118 -38.75 0 -0.58310100000355214 0.57445331568146496 0.57445331568146496 -0.70180464938939446 -2.7755575615628901e-17 -0.71236945056299894 -0.4092229928660982 -0.81853734679767132 0.40315400780240568 
3 118 -38.75 0 0.58310100000355092 -0.57445331568146552 -0.57445331568146552 0.70180464938939557 2.7755575615628914e-17 0.71236945056299794 -0.40922299286609798 -0.81853734679767087 0.40315400780240668 3.3460076502852165
-0.010941051538888856
1 137.66666666666663 -58.125 -19.375 0.58310100000355092 -0.57445331568146552 -0.57445331568146552 0.70180464938939557 2.7755575615628914e-17 0.71236945056299794 -0.40922299286609798 -0.81853734679767087 0.40315400780240668 
1 118 -38.75 0 0.58310100000355092 -0.57445331568146552 -0.57445331568146552 0.70180464938939557 2.7755575615628914e-17 0.71236945056299794 -0.40922299286609798 -0.81853734679767087 0.40315400780240668 
3 118 -38.75 0 0.58310100000355092 -0.57445331568146552 0.57445331568146552 -0.70180464938939557 -2.7755575615628914e-17 0.71236945056299794 -0.40922299286609798 -0.81853734679767087 -0.40315400780240668 3.3460076502852165
-0.01094712072749842
1 137.66666666666663 -58.125 19.375 0.58310100000355092 -0.57445331568146552 0.57445331568146552 -0.70180464938939557 -2.7755575615628914e-17 0.71236945056299794 -0.40922299286609798 -0.81853734679767087 -0.40315400780240668 
1 118 -38.75 0 0.58310100000355092 -0.57445331568146552 0.57445331568146552 -0.70180464938939557 -2.7755575615628914e-17 0.71236945056299794 -0.40922299286609798 -0.81853734679767087 -0.40315400780240668 
2 118 -38.75 0 0.58310100000355092 0.57445331568146552 -0.57445331568146552 0.70180464938939557 -2.7755575615628914e-17 0.71236945056299794 0.40922299286609798 -0.81853734679767087 -0.40315400780240668 3.3460076502852165
1 137.66666666666663 -19.375 -19.375 0.58310100000355092 0.57445331568146552 -0.57445331568146552 0.70180464938939557 -2.7755575615628914e-17 0.71236945056299794 0.40922299286609798 -0.81853734679767087 -0.40315400780240668 
1 118 -38.75 0 0.58310100000355092 0.57445331568146552 -0.57445331568146552 0.70180464938939557 -2.7755575615628914e-17 0.71236945056299794 0.40922299286609798 -0.81853734679767087 -0.40315400780240668 
2 118 -38.75 0 0.58310100000355092 0.57445331568146552 0.57445331568146552 -0.70180464938939557 2.7755575615628914e-17 0.71236945056299794 0.40922299286609798 -0.81853734679767087 0.40315400780240668 3.3460076502852165
1 137.66666666666663 -19.375 19.375 0.58310100000355092 0.57445331568146552 0.57445331568146552 -0.70180464938939557 2.7755575615628914e-17 0.71236945056299794 0.40922299286609798 -0.81853734679767087 0.40315400780240668 
1 118 -38.75 0 0.58310100000355092 0.57445331568146552 0.57445331568146552 -0.70180464938939557 2.7755575615628914e-17 0.71236945056299794 0.40922299286609798 -0.81853734679767087 0.40315400780240668 
2 118 -38.75 38.75 -0.58310100000355214 0.57445331568146496 -0.57445331568146496 0.70180464938939446 2.7755575615628901e-17 -0.71236945056299894 -0.4092229928660982 -0.81853734679767132 -0.40315400780240568 3.3460076502852165
1 98.333333333333314 -19.374999999999996 19.374999999999996 -0.58310100000355214 0.57445331568146496 -0.57445331568146496 0.70180464938939446 2.7755575615628901e-17 -0.71236945056299894 -0.4092229928660982 -0.81853734679767132 -0.40315400780240568 
1 118 -38.75 38.75 -0.58310100000355214 0.57445331568146496 -0.57445331568146496 0.70180464938939446 2.7755575615628901e-17 -0.71236945056299894 -0.4092229928660982 -0.81853734679767132 -0.40315400780240568 
3 118 -38.75 38.75 -0.58310100000355214 0.57445331568146496 0.57445331568146496 -0.70180464938939446 -2.7755575615628901e-17 -0.71236945056299894 -0.4092229928660982 -0.81853734679767132 0.40315400780240568 3.3460076502852165
-0.018247592533245184
1 98.333333333333314 -19.374999999999993 58.125000000000007 -0.58310100000355214 0.57445331568146496 0.57445331568146496 -0.70180464938939446 -2.7755575615628901e-17 -0.71236945056299894 -0.4092229928660982 -0.81853734679767132 0.40315400780240568 
1 118 -38.75 38.75 -0.58310100000355214 0.57445331568146496 0.57445331568146496 -0.70180464938939446 -2.7755575615628901e-17 -0.71236945056299894 -0.4092229928660982 -0.81853734679767132 0.40315400780240568 
3 118 -38.75 38.75 0.58310100000355092 -0.57445331568146552 -0.57445331568146552 0.70180464938939557 2.7755575615628914e-17 0.71236945056299794 -0.40922299286609798 -0.81853734679767087 0.40315400780240668 3.3460076502852165
-0.01094712072749842
1 137.66666666666663 -58.125 19.375 0.58310100000355092 -0.57445331568146552 -0.57445331568146552 0.70180464938939557 2.7755575615628914e-17 0.71236945056299794 -0.40922299286609798 -0.81853734679767087 0.40315400780240668 
1 118 -38.75 38.75 0.58310100000355092 -0.57445331568146552 -0.57445331568146552 0.70180464938939557 2.7755575615628914e-17 0.71236945056299794 -0.40922299286609798 -0.81853734679767087 0.40315400780240668 
2 118 -38.75 38.75 0.58310100000355092 -0.57445331568146552 0.57445331568146552 -0.70180464938939557 -2.7755575615628914e-17 0.71236945056299794 -0.40922299286609798 -0.81853734679767087 -0.40315400780240668 3.3460076502852165
1 137.66666666666663 -58.125 58.125 0.58310100000355092 -0.57445331568146552 0.57445331568146552 -0.70180464938939557 -2.7755575615628914e-17 0.71236945056299794 -0.40922299286609798 -0.81853734679767087 -0.40315400780240668 
1 118 -38.75 38.75 0.58310100000355092 -0.57445331568146552 0.57445331568146552 -0.70180464938939557 -2.7755575615628914e-17 0.71236945056299794 -0.40922299286609798 -0.81853734679767087 -0.40315400780240668 
2 118 -38.75 38.75 0.58310100000355092 0.57445331568146552 -0.57445331568146552 0.70180464938939557 -2.7755575615628914e-17 0.71236945056299794 0.40922299286609798 -0.81853734679767087 -0.40315400780240668 3.3460076502852165
1 137.66666666666663 -19.375 19.375 0.58310100000355092 0.57445331568146552 -0.57445331568146552 0.70180464938939557 -2.7755575615628914e-17 0.71236945056299794 0.40922299286609798 -0.81853734679767087 -0.40315400780240668 
1 118 -38.75 38.75 0.58310100000355092 0.57445331568146552 -0.57445331568146552 0.70180464938939557 -2.7755575615628914e-17 0.71236945056299794 0.40922299286609798 -0.81853734679767087 -0.40315400780240668 
2 118 -38.75 38.75 0.58310100000355092 0.57445331568146552 0.57445331568146552 -0.70180464938939557 2.7755575615628914e-17 0.71236945056299794 0.40922299286609798 -0.81853734679767087 0.40315400780240668 3.3460076502852165
1 137.66666666666663 -19.375 58.125 0.58310100000355092 0.57445331568146552 0.57445331568146552 -0.70180464938939557 2.7755575615628914e-17 0.71236945056299794 0.40922299286609798 -0.81853734679767087 0.40315400780240668 
1 118 -38.75 38.75 0.58310100000355092 0.57445331568146552 0.57445331568146552 -0.70180464938939557 2.7755575615628914e-17 0.71236945056299794 0.40922299286609798 -0.81853734679767087 0.40315400780240668 
3 98.333333333333314 -19.375 -58.125 0.58310100000355214 0.57445331568146496 0.57445331568146496 -0.70180464938939446 2.7755575615628901e-17 0.71236945056299894 0.4092229928660982 -0.81853734679767132 0.40315400780240568 2.7290231686046762
0.01829105827683938
1 118 3.5527136788005009e-15 -38.75 0.58310100000355214 0.57445331568146496 0.57445331568146496 -0.70180464938939446 2.7755575615628901e-17 0.71236945056299894 0.4092229928660982 -0.81853734679767132 0.40315400780240568 
1 98.333333333333314 -19.375 -58.125 0.58310100000355214 0.57445331568146496 0.57445331568146496 -0.70180464938939446 2.7755575615628901e-17 0.71236945056299894 0.4092229928660982 -0.81853734679767132 0.40315400780240568 
2 118 0 -38.75 -0.58310100000355214 -0.57445331568146496 0.57445331568146496 -0.70180464938939446 2.7755575615628901e-17 -0.71236945056299894 0.4092229928660982 -0.81853734679767132 -0.40315400780240568 3.3460076502852165
1 98.333333333333314 -19.375000000000004 -19.374999999999996 -0.58310100000355214 -0.57445331568146496 0.57445331568146496 -0.70180464938939446 2.7755575615628901e-17 -0.71236945056299894 0.4092229928660982 -0.81853734679767132 -0.40315400780240568 
1 118 0 -38.75 -0.58310100000355214 -0.57445331568146496 0.57445331568146496 -0.70180464938939446 2.7755575615628901e-17 -0.71236945056299894 0.4092229928660982 -0.81853734679767132 -0.40315400780240568 
3 118 0 -38.75 -0.58310100000355214 0.57445331568146496 -0.57445331568146496 0.70180464938939446 2.7755575615628901e-17 -0.71236945056299894 -0.4092229928660982 -0.81853734679767132 -0.40315400780240568 3.3460076502852165
-0.0051021063384042971
1 98.333333333333314 19.375000000000007 -58.125000000000007 -0.58310100000355214 0.57445331568146496 -0.57445331568146496 0.70180464938939446 2.7755575615628901e-17 -0.71236945056299894 -0.4092229928660982 -0.81853734679767132 -0.40315400780240568 
1 118 0 -38.75 -0.58310100000355214 0.57445331568146496 -0.57445331568146496 0.70180464938939446 2.7755575615628901e-17 -0.71236945056299894 -0.4092229928660982 -0.81853734679767132 -0.40315400780240568 
3 118 0 -38.75 -0.58310100000355214 0.57445331568146496 0.57445331568146496 -0.70180464938939446 -2.7755575615628901e-17 -0.71236945056299894 -0.4092229928660982 -0.81853734679767132 0.40315400780240568 3.3460076502852165
-0.0096868976471684715
1 98.333333333333314 19.375000000000007 -19.374999999999993 -0.58310100000355214 0.57445331568146496 0.57445331568146496 -0.70180464938939446 -2.7755575615628901e-17 -0.71236945056299894 -0.4092229928660982 -0.81853734679767132 0.40315400780240568 
1 118 0 -38.75 -0.58310100000355214 0.57445331568146496 0.57445331568146496 -0.70180464938939446 -2.7755575615628901e-17 -0.71236945056299894 -0.4092229928660982 -0.81853734679767132 0.40315400780240568 
2 118 0 -38.75 0.58310100000355092 -0.57445331568146552 -0.57445331568146552 0.70180464938939557 2.7755575615628914e-17 0.71236945056299794 -0.40922299286609798 -0.81853734679767087 0.40315400780240668 3.3460076502852165
1 137.66666666666663 -19.375 -58.125 0.58310100000355092 -0.57445331568146552 -0.57445331568146552 0.70180464938939557 2.7755575615628914e-17 0.71236945056299794 -0.40922299286609798 -0.81853734679767087 0.40315400780240668 
1 118 0 -38.75 0.58310100000355092 -0.57445331568146552 -0.57445331568146552 0.70180464938939557 2.7755575615628914e-17 0.71236945056299794 -0.40922299286609798 -0.81853734679767087 0.40315400780240668 
2 118 0 -38.75 0.58310100000355092 -0.57445331568146552 0.57445331568146552 -0.70180464938939557 -2.7755575615628914e-17 0.71236945056299794 -0.40922299286609798 -0.81853734679767087 -0.40315400780240668 3.3460076502852165
1 137.66666666666663 -19.375 -19.375 0.58310100000355092 -0.57445331568146552 0.57445331568146552 -0.70180464938939557 -2.7755575615628914e-17 0.71236945056299794 -0.40922299286609798 -0.81853734679767087 -0.40315400780240668 
1 118 0 -38.75 0.58310100000355092 -0.57445331568146552 0.57445331568146552 -0.70180464938939557 -2.7755575615628914e-17 0.71236945056299794 -0.40922299286609798 -0.81853734679767087 -0.40315400780240668 
2 118 0 -38.75 0.58310100000355092 0.57445331568146552 -0.57445331568146552 0.70180464938939557 -2.7755575615628914e-17 0.71236945056299794 0.40922299286609798 -0.81853734679767087 -0.40315400780240668 3.3460076502852165
1 137.66666666666663 19.375 -58.125 0.58310100000355092 0.57445331568146552 -0.57445331568146552 0.70180464938939557 -2.7755575615628914e-17 0.71236945056299794 0.40922299286609798 -0.81853734679767087 -0.40315400780240668 
1 118 0 -38.75 0.58310100000355092 0.57445331568146552 -0.57445331568146552 0.70180464938939557 -2.7755575615628914e-17 0.71236945056299794 0.40922299286609798 -0.81853734679767087 -0.40315400780240668 
3 118 0 -38.75 0.58310100000355092 0.57445331568146552 0.57445331568146552 -0.70180464938939557 2.7755575615628914e-17 0.71236945056299794 0.40922299286609798 -0.81853734679767087 0.40315400780240668 3.3460076502852165
-0.041531983088200344
1 137.66666666666663 19.374999999999996 -19.375000000000004 0.58310100000355092 0.57445331568146552 0.57445331568146552 -0.70180464938939557 2.7755575615628914e-17 0.71236945056299794 0.40922299286609798 -0.81853734679767087 0.40315400780240668 
1 118 0 -38.75 0.58310100000355092 0.57445331568146552 0.57445331568146552 -0.70180464938939557 2.7755575615628914e-17 0.71236945056299794 0.40922299286609798 -0.81853734679767087 0.40315400780240668 
3 98.333333333333314 -19.375 -19.375 0.58310100000355214 0.57445331568146496 0.57445331568146496 -0.70180464938939446 2.7755575615628901e-17 0.71236945056299894 0.4092229928660982 -0.81853734679767132 0.40315400780240568 3.3460076502852165
-0.049562608043954855
1 118 3.5527136788005009e-15 3.5527136788005009e-15 0.58310100000355214 0.57445331568146496 0.57445331568146496 -0.70180464938939446 2.7755575615628901e-17 0.71236945056299894 0.4092229928660982 -0.81853734679767132 0.40315400780240568 
1 98.333333333333314 -19.375 -19.375 0.58310100000355214 0.57445331568146496 0.57445331568146496 -0.70180464938939446 2.7755575615628901e-17 0.71236945056299894 0.4092229928660982 -0.81853734679767132 0.40315400780240568 
3 118 0 0 -0.58310100000355214 -0.57445331568146496 0.57445331568146496 -0.70180464938939446 2.7755575615628901e-17 -0.71236945056299894 0.4092229928660982 -0.81853734679767132 -0.40315400780240568 1.6730038251426083
0.049562608043954855
1 98.333333333333314 -19.375000000000004 19.375000000000004 -0.58310100000355214 -0.57445331568146496 0.57445331568146496 -0.70180464938939446 2.7755575615628901e-17 -0.71236945056299894 0.4092229928660982 -0.81853734679767132 -0.40315400780240568 
1 118 0 0 -0.58310100000355214 -0.57445331568146496 0.57445331568146496 -0.70180464938939446 2.7755575615628901e-17 -0.71236945056299894 0.4092229928660982 -0.81853734679767132 -0.40315400780240568 
2 98.333333333333314 -19.375 19.375 0.58310100000355214 0.57445331568146496 0.57445331568146496 -0.70180464938939446 2.7755575615628901e-17 0.71236945056299894 0.4092229928660982 -0.81853734679767132 0.40315400780240568 3.3460076502852165
1 118 3.5527136788005009e-15 38.75 0.58310100000355214 0.57445331568146496 0.57445331568146496 -0.70180464938939446 2.7755575615628901e-17 0.71236945056299894 0.4092229928660982 -0.81853734679767132 0.40315400780240568 
1 98.333333333333314 -19.375 19.375 0.58310100000355214 0.57445331568146496 0.57445331568146496 -0.70180464938939446 2.7755575615628901e-17 0.71236945056299894 0.4092229928660982 -0.81853734679767132 0.40315400780240568 
3 118 0 38.75 -0.58310100000355214 -0.57445331568146496 0.57445331568146496 -0.70180464938939446 2.7755575615628901e-17 -0.71236945056299894 0.4092229928660982 -0.81853734679767132 -0.40315400780240568 3.3460076502852165
-0.018247592533245184
1 98.333333333333314 -19.375000000000007 58.125000000000007 -0.58310100000355214 -0.57445331568146496 0.57445331568146496 -0.70180464938939446 2.7755575615628901e-17 -0.71236945056299894 0.4092229928660982 -0.81853734679767132 -0.40315400780240568 
1 118 0 38.75 -0.58310100000355214 -0.57445331568146496 0.57445331568146496 -0.70180464938939446 2.7755575615628901e-17 -0.71236945056299894 0.4092229928660982 -0.81853734679767132 -0.40315400780240568 
3 118 0 38.75 -0.58310100000355214 0.57445331568146496 -0.57445331568146496 0.70180464938939446 2.7755575615628901e-17 -0.71236945056299894 -0.4092229928660982 -0.81853734679767132 -0.40315400780240568 3.3460076502852165
-0.010062429301665796
1 98.333333333333314 19.375000000000004 19.374999999999996 -0.58310100000355214 0.57445331568146496 -0.57445331568146496 0.70180464938939446 2.7755575615628901e-17 -0.71236945056299894 -0.4092229928660982 -0.81853734679767132 -0.40315400780240568 
1 118 0 38.75 -0.58310100000355214 0.57445331568146496 -0.57445331568146496 0.70180464938939446 2.7755575615628901e-17 -0.71236945056299894 -0.4092229928660982 -0.81853734679767132 -0.40315400780240568 
3 118 0 38.75 -0.58310100000355214 0.57445331568146496 0.57445331568146496 -0.70180464938939446 -2.7755575615628901e-17 -0.71236945056299894 -0.4092229928660982 -0.81853734679767132 0.40315400780240568 3.3460076502852165
-0.005029850635331571
1 98.333333333333314 19.375000000000004 58.125 -0.58310100000355214 0.57445331568146496 0.57445331568146496 -0.70180464938939446 -2.7755575615628901e-17 -0.71236945056299894 -0.4092229928660982 -0.81853734679767132 0.40315400780240568 
1 118 0 38.75 -0.58310100000355214 0.57445331568146496 0.57445331568146496 -0.70180464938939446 -2.7755575615628901e-17 -0.71236945056299894 -0.4092229928660982 -0.81853734679767132 0.40315400780240568 
2 118 0 38.75 0.58310100000355092 -0.57445331568146552 -0.57445331568146552 0.70180464938939557 2.7755575615628914e-17 0.71236945056299794 -0.40922299286609798 -0.81853734679767087 0.40315400780240668 3.3460076502852165
1 137.66666666666663 -19.375 19.375 0.58310100000355092 -0.57445331568146552 -0.57445331568146552 0.70180464938939557 2.7755575615628914e-17 0.71236945056299794 -0.40922299286609798 -0.81853734679767087 0.40315400780240668 
1 118 0 38.75 0.58310100000355092 -0.57445331568146552 -0.57445331568146552 0.70180464938939557 2.7755575615628914e-17 0.71236945056299794 -0.40922299286609798 -0.81853734679767087 0.40315400780240668 
2 118 0 38.75 0.58310100000355092 -0.57445331568146552 0.57445331568146552 -0.70180464938939557 -2.7755575615628914e-17 0.71236945056299794 -0.40922299286609798 -0.81853734679767087 -0.40315400780240668 3.3460076502852165
1 137.66666666666663 -19.375 58.125 0.58310100000355092 -0.57445331568146552 0.57445331568146552 -0.70180464938939557 -2.7755575615628914e-17 0.71236945056299794 -0.40922299286609798 -0.81853734679767087 -0.40315400780240668 
1 118 0 38.75 0.58310100000355092 -0.57445331568146552 0.57445331568146552 -0.70180464938939557 -2.7755575615628914e-17 0.71236945056299794 -0.40922299286609798 -0.81853734679767087 -0.40315400780240668 
3 118 0 38.75 0.58310100000355092 0.57445331568146552 -0.57445331568146552 0.70180464938939557 -2.7755575615628914e-17 0.71236945056299794 0.40922299286609798 -0.81853734679767087 -0.40315400780240668 3.3460076502852165
-0.041993757542793608
1 137.66666666666663 19.375 19.375 0.58310100000355092 0.57445331568146552 -0.57445331568146552 0.70180464938939557 -2.7755575615628914e-17 0.71236945056299794 0.40922299286609798 -0.81853734679767087 -0.40315400780240668 
1 118 0 38.75 0.58310100000355092 0.57445331568146552 -0.57445331568146552 0.70180464938939557 -2.7755575615628914e-17 0.71236945056299794 0.40922299286609798 -0.81853734679767087 -0.40315400780240668 
2 118 0 38.75 0.58310100000355092 0.57445331568146552 0.57445331568146552 -0.70180464938939557 2.7755575615628914e-17 0.71236945056299794 0.40922299286609798 -0.81853734679767087 0.40315400780240668 3.3460076502852165
1 137.66666666666663 19.375 58.125 0.58310100000355092 0.57445331568146552 0.57445331568146552 -0.70180464938939557 2.7755575615628914e-17 0.71236945056299794 0.40922299286609798 -0.81853734679767087 0.40315400780240668 
1 118 0 38.75 0.58310100000355092 0.57445331568146552 0.57445331568146552 -0.70180464938939557 2.7755575615628914e-17 0.71236945056299794 0.40922299286609798 -0.81853734679767087 0.40315400780240668 
3 98.333333333333314 19.375 -58.125 0.58310100000355214 0.57445331568146496 0.57445331568146496 -0.70180464938939446 2.7755575615628901e-17 0.71236945056299894 0.4092229928660982 -0.81853734679767132 0.40315400780240568 3.1739237482808642
0.0051021063384042971
1 118 38.750000000000007 -38.749999999999993 0.58310100000355214 0.57445331568146496 0.57445331568146496 -0.70180464938939446 2.7755575615628901e-17 0.71236945056299894 0.4092229928660982 -0.81853734679767132 0.40315400780240568 
1 98.333333333333314 19.375 -58.125 0.58310100000355214 0.57445331568146496 0.57445331568146496 -0.70180464938939446 2.7755575615628901e-17 0.71236945056299894 0.4092229928660982 -0.81853734679767132 0.40315400780240568 
3 118 38.75 -38.75 -0.58310100000355214 -0.57445331568146496 0.57445331568146496 -0.70180464938939446 2.7755575615628901e-17 -0.71236945056299894 0.4092229928660982 -0.81853734679767132 -0.40315400780240568 3.3460076502852165
-0.0096868976471684715
1 98.333333333333314 19.374999999999993 -19.374999999999993 -0.58310100000355214 -0.57445331568146496 0.57445331568146496 -0.70180464938939446 2.7755575615628901e-17 -0.71236945056299894 0.4092229928660982 -0.81853734679767132 -0.40315400780240568 
1 118 38.75 -38.75 -0.58310100000355214 -0.57445331568146496 0.57445331568146496 -0.70180464938939446 2.7755575615628901e-17 -0.71236945056299894 0.4092229928660982 -0.81853734679767132 -0.40315400780240568 
3 118 38.75 -38.75 -0.58310100000355214 0.57445331568146496 -0.57445331568146496 0.70180464938939446 2.7755575615628901e-17 -0.71236945056299894 -0.4092229928660982 -0.81853734679767132 -0.40315400780240568 3.3460076502852165
-0.049562608043954855
1 98.333333333333314 58.125 -58.125 -0.58310100000355214 0.57445331568146496 -0.57445331568146496 0.70180464938939446 2.7755575615628901e-17 -0.71236945056299894 -0.4092229928660982 -0.81853734679767132 -0.40315400780240568 
1 118 38.75 -38.75 -0.58310100000355214 0.57445331568146496 -0.57445331568146496 0.70180464938939446 2.7755575615628901e-17 -0.71236945056299894 -0.4092229928660982 -0.81853734679767132 -0.40315400780240568 
3 118 38.75 -38.75 -0.58310100000355214 0.57445331568146496 0.57445331568146496 -0.70180464938939446 -2.7755575615628901e-17 -0.71236945056299894 -0.4092229928660982 -0.81853734679767132 0.40315400780240568 3.3460076502852165
-0.025192970021597323
1 98.333333333333314 58.125 -19.374999999999996 -0.58310100000355214 0.57445331568146496 0.57445331568146496 -0.70180464938939446 -2.7755575615628901e-17 -0.71236945056299894 -0.4092229928660982 -0.81853734679767132 0.40315400780240568 
1 118 38.75 -38.75 -0.58310100000355214 0.57445331568146496 0.57445331568146496 -0.70180464938939446 -2.7755575615628901e-17 -0.71236945056299894 -0.4092229928660982 -0.81853734679767132 0.40315400780240568 
2 118 38.75 -38.75 0.58310100000355092 -0.57445331568146552 -0.57445331568146552 0.70180464938939557 2.7755575615628914e-17 0.71236945056299794 -0.40922299286609798 -0.81853734679767087 0.40315400780240668 3.3460076502852165
1 137.66666666666663 19.375 -58.125 0.58310100000355092 -0.57445331568146552 -0.57445331568146552 0.70180464938939557 2.7755575615628914e-17 0.71236945056299794 -0.40922299286609798 -0.81853734679767087 0.40315400780240668 
1 118 38.75 -38.75 0.58310100000355092 -0.57445331568146552 -0.57445331568146552 0.70180464938939557 2.7755575615628914e-17 0.71236945056299794 -0.40922299286609798 -0.81853734679767087 0.40315400780240668 
3 118 38.75 -38.75 0.58310100000355092 -0.57445331568146552 0.57445331568146552 -0.70180464938939557 -2.7755575615628914e-17 0.71236945056299794 -0.40922299286609798 -0.81853734679767087 -0.40315400780240668 3.3460076502852165
-0.041531983088200344
1 137.66666666666663 19.375000000000004 -19.375000000000004 0.58310100000355092 -0.57445331568146552 0.57445331568146552 -0.70180464938939557 -2.7755575615628914e-17 0.71236945056299794 -0.40922299286609798 -0.81853734679767087 -0.40315400780240668 
1 118 38.75 -38.75 0.58310100000355092 -0.57445331568146552 0.57445331568146552 -0.70180464938939557 -2.7755575615628914e-17 0.71236945056299794 -0.40922299286609798 -0.81853734679767087 -0.40315400780240668 
2 118 38.75 -38.75 0.58310100000355092 0.57445331568146552 -0.57445331568146552 0.70180464938939557 -2.7755575615628914e-17 0.71236945056299794 0.40922299286609798 -0.81853734679767087 -0.40315400780240668 3.3460076502852165
1 137.66666666666663 58.125 -58.125 0.58310100000355092 0.57445331568146552 -0.57445331568146552 0.70180464938939557 -2.7755575615628914e-17 0.71236945056299794 0.40922299286609798 -0.81853734679767087 -0.40315400780240668 
1 118 38.75 -38.75 0.58310100000355092 0.57445331568146552 -0.57445331568146552 0.70180464938939557 -2.7755575615628914e-17 0.71236945056299794 0.40922299286609798 -0.81853734679767087 -0.40315400780240668 
2 118 38.75 -38.75 0.58310100000355092 0.57445331568146552 0.57445331568146552 -0.70180464938939557 2.7755575615628914e-17 0.71236945056299794 0.40922299286609798 -0.81853734679767087 0.40315400780240668 3.3460076502852165
1 137.66666666666663 58.125 -19.375 0.58310100000355092 0.57445331568146552 0.57445331568146552 -0.70180464938939557 2.7755575615628914e-17 0.71236945056299794 0.40922299286609798 -0.81853734679767087 0.40315400780240668 
1 118 38.75 -38.75 0.58310100000355092 0.57445331568146552 0.57445331568146552 -0.70180464938939557 2.7755575615628914e-17 0.71236945056299794 0.40922299286609798 -0.81853734679767087 0.40315400780240668 
3 98.333333333333314 19.375 -19.375 0.58310100000355214 0.57445331568146496 0.57445331568146496 -0.70180464938939446 2.7755575615628901e-17 0.71236945056299894 0.4092229928660982 -0.81853734679767132 0.40315400780240568 3.0192804689740775
0.0096868976471684715
1 118 38.750000000000007 7.1054273576010019e-15 0.58310100000355214 0.57445331568146496 0.57445331568146496 -0.70180464938939446 2.7755575615628901e-17 0.71236945056299894 0.4092229928660982 -0.81853734679767132 0.40315400780240568 
1 98.333333333333314 19.375 -19.375 0.58310100000355214 0.57445331568146496 0.57445331568146496 -0.70180464938939446 2.7755575615628901e-17 0.71236945056299894 0.4092229928660982 -0.81853734679767132 0.40315400780240568 
3 118 38.75 0 -0.58310100000355214 -0.57445331568146496 0.57445331568146496 -0.70180464938939446 2.7755575615628901e-17 -0.71236945056299894 0.4092229928660982 -0.81853734679767132 -0.40315400780240568 3.3460076502852165
-0.010062429301665796
1 98.333333333333314 19.374999999999996 19.375000000000004 -0.58310100000355214 -0.57445331568146496 0.57445331568146496 -0.70180464938939446 2.7755575615628901e-17 -0.71236945056299894 0.4092229928660982 -0.81853734679767132 -0.40315400780240568 
1 118 38.75 0 -0.58310100000355214 -0.57445331568146496 0.57445331568146496 -0.70180464938939446 2.7755575615628901e-17 -0.71236945056299894 0.4092229928660982 -0.81853734679767132 -0.40315400780240568 
3 118 38.75 0 -0.58310100000355214 0.57445331568146496 -0.57445331568146496 0.70180464938939446 2.7755575615628901e-17 -0.71236945056299894 -0.4092229928660982 -0.81853734679767132 -0.40315400780240568 3.3460076502852165
-0.025192970021597323
1 98.333333333333314 58.125 -19.375000000000004 -0.58310100000355214 0.57445331568146496 -0.57445331568146496 0.70180464938939446 2.7755575615628901e-17 -0.71236945056299894 -0.4092229928660982 -0.81853734679767132 -0.40315400780240568 
1 118 38.75 0 -0.58310100000355214 0.57445331568146496 -0.57445331568146496 0.70180464938939446 2.7755575615628901e-17 -0.71236945056299894 -0.4092229928660982 -0.81853734679767132 -0.40315400780240568 
3 118 38.75 0 -0.58310100000355214 0.57445331568146496 0.57445331568146496 -0.70180464938939446 -2.7755575615628901e-17 -0.71236945056299894 -0.4092229928660982 -0.81853734679767132 0.40315400780240568 3.3460076502852165
-0.025165459480297692
1 98.333333333333314 58.125 19.375000000000004 -0.58310100000355214 0.57445331568146496 0.57445331568146496 -0.70180464938939446 -2.7755575615628901e-17 -0.71236945056299894 -0.4092229928660982 -0.81853734679767132 0.40315400780240568 
1 118 38.75 0 -0.58310100000355214 0.57445331568146496 0.57445331568146496 -0.70180464938939446 -2.7755575615628901e-17 -0.71236945056299894 -0.4092229928660982 -0.81853734679767132 0.40315400780240568 
3 118 38.75 0 0.58310100000355092 -0.57445331568146552 -0.57445331568146552 0.70180464938939557 2.7755575615628914e-17 0.71236945056299794 -0.40922299286609798 -0.81853734679767087 0.40315400780240668 3.3460076502852165
-0.041531983088200344
1 137.66666666666663 19.375000000000004 -19.374999999999996 0.58310100000355092 -0.57445331568146552 -0.57445331568146552 0.70180464938939557 2.7755575615628914e-17 0.71236945056299794 -0.40922299286609798 -0.81853734679767087 0.40315400780240668 
1 118 38.75 0 0.58310100000355092 -0.57445331568146552 -0.57445331568146552 0.70180464938939557 2.7755575615628914e-17 0.71236945056299794 -0.40922299286609798 -0.81853734679767087 0.40315400780240668 
3 118 38.75 0 0.58310100000355092 -0.57445331568146552 0.57445331568146552 -0.70180464938939557 -2.7755575615628914e-17 0.71236945056299794 -0.40922299286609798 -0.81853734679767087 -0.40315400780240668 3.3460076502852165
-0.041993757542793608
1 137.66666666666663 19.375 19.375 0.58310100000355092 -0.57445331568146552 0.57445331568146552 -0.70180464938939557 -2.7755575615628914e-17 0.71236945056299794 -0.40922299286609798 -0.81853734679767087 -0.40315400780240668 
1 118 38.75 0 0.58310100000355092 -0.57445331568146552 0.57445331568146552 -0.70180464938939557 -2.7755575615628914e-17 0.71236945056299794 -0.40922299286609798 -0.81853734679767087 -0.40315400780240668 
2 118 38.75 0 0.58310100000355092 0.57445331568146552 -0.57445331568146552 0.70180464938939557 -2.7755575615628914e-17 0.71236945056299794 0.40922299286609798 -0.81853734679767087 -0.40315400780240668 3.3460076502852165
1 137.66666666666663 58.125 -19.375 0.58310100000355092 0.57445331568146552 -0.57445331568146552 0.70180464938939557 -2.7755575615628914e-17 0.71236945056299794 0.40922299286609798 -0.81853734679767087 -0.40315400780240668 
1 118 38.75 0 0.58310100000355092 0.57445331568146552 -0.57445331568146552 0.70180464938939557 -2.7755575615628914e-17 0.71236945056299794 0.40922299286609798 -0.81853734679767087 -0.40315400780240668 
2 118 38.75 0 0.58310100000355092 0.57445331568146552 0.57445331568146552 -0.70180464938939557 2.7755575615628914e-17 0.71236945056299794 0.40922299286609798 -0.81853734679767087 0.40315400780240668 3.3460076502852165
1 137.66666666666663 58.125 19.375 0.58310100000355092 0.57445331568146552 0.57445331568146552 -0.70180464938939557 2.7755575615628914e-17 0.71236945056299794 0.40922299286609798 -0.81853734679767087 0.40315400780240668 
1 118 38.75 0 0.58310100000355092 0.57445331568146552 0.57445331568146552 -0.70180464938939557 2.7755575615628914e-17 0.71236945056299794 0.40922299286609798 -0.81853734679767087 0.40315400780240668 
3 98.333333333333314 19.375 19.375 0.58310100000355214 0.57445331568146496 0.57445331568146496 -0.70180464938939446 2.7755575615628901e-17 0.71236945056299894 0.4092229928660982 -0.81853734679767132 0.40315400780240568 3.0066134076011086
0.010062429301665796
1 118 38.75 38.75 0.58310100000355214 0.57445331568146496 0.57445331568146496 -0.70180464938939446 2.7755575615628901e-17 0.71236945056299894 0.4092229928660982 -0.81853734679767132 0.40315400780240568 
1 98.333333333333314 19.375 19.375 0.58310100000355214 0.57445331568146496 0.57445331568146496 -0.70180464938939446 2.7755575615628901e-17 0.71236945056299894 0.4092229928660982 -0.81853734679767132 0.40315400780240568 
3 118 38.75 38.75 -0.58310100000355214 -0.57445331568146496 0.57445331568146496 -0.70180464938939446 2.7755575615628901e-17 -0.71236945056299894 0.4092229928660982 -0.81853734679767132 -0.40315400780240568 3.3460076502852165
-0.005029850635331571
1 98.333333333333314 19.374999999999996 58.125 -0.58310100000355214 -0.57445331568146496 0.57445331568146496 -0.70180464938939446 2.7755575615628901e-17 -0.71236945056299894 0.4092229928660982 -0.81853734679767132 -0.40315400780240568 
1 118 38.75 38.75 -0.58310100000355214 -0.57445331568146496 0.57445331568146496 -0.70180464938939446 2.7755575615628901e-17 -0.71236945056299894 0.4092229928660982 -0.81853734679767132 -0.40315400780240568 
3 118 38.75 38.75 -0.58310100000355214 0.57445331568146496 -0.57445331568146496 0.70180464938939446 2.7755575615628901e-17 -0.71236945056299894 -0.4092229928660982 -0.81853734679767132 -0.40315400780240568 3.3460076502852165
-0.025165459480297692
1 98.333333333333314 58.125 19.374999999999996 -0.58310100000355214 0.57445331568146496 -0.57445331568146496 0.70180464938939446 2.7755575615628901e-17 -0.71236945056299894 -0.4092229928660982 -0.81853734679767132 -0.40315400780240568 
1 118 38.75 38.75 -0.58310100000355214 0.57445331568146496 -0.57445331568146496 0.70180464938939446 2.7755575615628901e-17 -0.71236945056299894 -0.4092229928660982 -0.81853734679767132 -0.40315400780240568 
3 118 38.75 38.75 -0.58310100000355214 0.57445331568146496 0.57445331568146496 -0.70180464938939446 -2.7755575615628901e-17 -0.71236945056299894 -0.4092229928660982 -0.81853734679767132 0.40315400780240568 3.3460076502852165
-0.049562608043954855
1 98.333333333333314 58.125 58.125 -0.58310100000355214 0.57445331568146496 0.57445331568146496 -0.70180464938939446 -2.7755575615628901e-17 -0.71236945056299894 -0.4092229928660982 -0.81853734679767132 0.40315400780240568 
1 118 38.75 38.75 -0.58310100000355214 0.57445331568146496 0.57445331568146496 -0.70180464938939446 -2.7755575615628901e-17 -0.71236945056299894 -0.4092229928660982 -0.81853734679767132 0.40315400780240568 
3 118 38.75 38.75 0.58310100000355092 -0.57445331568146552 -0.57445331568146552 0.70180464938939557 2.7755575615628914e-17 0.71236945056299794 -0.40922299286609798 -0.81853734679767087 0.40315400780240668 3.3460076502852165
-0.041993757542793608
1 137.66666666666663 19.375 19.375 0.58310100000355092 -0.57445331568146552 -0.57445331568146552 0.70180464938939557 2.7755575615628914e-17 0.71236945056299794 -0.40922299286609798 -0.81853734679767087 0.40315400780240668 
1 118 38.75 38.75 0.58310100000355092 -0.57445331568146552 -0.57445331568146552 0.70180464938939557 2.7755575615628914e-17 0.71236945056299794 -0.40922299286609798 -0.81853734679767087 0.40315400780240668 
2 118 38.75 38.75 0.58310100000355092 -0.57445331568146552 0.57445331568146552 -0.70180464938939557 -2.7755575615628914e-17 0.71236945056299794 -0.40922299286609798 -0.81853734679767087 -0.40315400780240668 3.3460076502852165
1 137.66666666666663 19.375 58.125 0.58310100000355092 -0.57445331568146552 0.57445331568146552 -0.70180464938939557 -2.7755575615628914e-17 0.71236945056299794 -0.40922299286609798 -0.81853734679767087 -0.40315400780240668 
1 118 38.75 38.75 0.58310100000355092 -0.57445331568146552 0.57445331568146552 -0.70180464938939557 -2.7755575615628914e-17 0.71236945056299794 -0.40922299286609798 -0.81853734679767087 -0.40315400780240668 
2 118 38.75 38.75 0.58310100000355092 0.57445331568146552 -0.57445331568146552 0.70180464938939557 -2.7755575615628914e-17 0.71236945056299794 0.40922299286609798 -0.81853734679767087 -0.40315400780240668 3.3460076502852165
1 137.66666666666663 58.125 19.375 0.58310100000355092 0.57445331568146552 -0.57445331568146552 0.70180464938939557 -2.7755575615628914e-17 0.71236945056299794 0.40922299286609798 -0.81853734679767087 -0.40315400780240668 
1 118 38.75 38.75 0.58310100000355092 0.57445331568146552 -0.57445331568146552 0.70180464938939557 -2.7755575615628914e-17 0.71236945056299794 0.40922299286609798 -0.81853734679767087 -0.40315400780240668 
2 118 38.75 38.75 0.58310100000355092 0.57445331568146552 0.57445331568146552 -0.70180464938939557 2.7755575615628914e-17 0.71236945056299794 0.40922299286609798 -0.81853734679767087 0.40315400780240668 3.3460076502852165
1 137.66666666666663 58.125 58.125 0.58310100000355092 0.57445331568146552 0.57445331568146552 -0.70180464938939557 2.7755575615628914e-17 0.71236945056299794 0.40922299286609798 -0.81853734679767087 0.40315400780240668 
1 118 38.75 38.75 0.58310100000355092 0.57445331568146552 0.57445331568146552 -0.70180464938939557 2.7755575615628914e-17 0.71236945056299794 0.40922299286609798 -0.81853734679767087 0.40315400780240668 
2 137.66666666666663 -58.125 -58.125 0.58310100000355214 -0.57445331568146496 -0.57445331568146496 0.70180464938939446 2.7755575615628901e-17 0.71236945056299894 -0.4092229928660982 -0.81853734679767132 0.40315400780240568 3.3460076502852165
1 157.33333333333331 -77.5 -77.5 0.58310100000355214 -0.57445331568146496 -0.57445331568146496 0.70180464938939446 2.7755575615628901e-17 0.71236945056299894 -0.4092229928660982 -0.81853734679767132 0.40315400780240568 
1 137.66666666666663 -58.125 -58.125 0.58310100000355214 -0.57445331568146496 -0.57445331568146496 0.70180464938939446 2.7755575615628901e-17 0.71236945056299894 -0.4092229928660982 -0.81853734679767132 0.40315400780240568 
2 137.66666666666663 -58.125 -58.125 0.58310100000355214 -0.57445331568146496 0.57445331568146496 -0.70180464938939446 -2.7755575615628901e-17 0.71236945056299894 -0.4092229928660982 -0.81853734679767132 -0.40315400780240568 3.3460076502852165
1 157.33333333333331 -77.5 -38.75 0.58310100000355214 -0.57445331568146496 0.57445331568146496 -0.70180464938939446 -2.7755575615628901e-17 0.71236945056299894 -0.4092229928660982 -0.81853734679767132 -0.40315400780240568 
1 137.66666666666663 -58.125 -58.125 0.58310100000355214 -0.57445331568146496 0.57445331568146496 -0.70180464938939446 -2.7755575615628901e-17 0.71236945056299894 -0.4092229928660982 -0.81853734679767132 -0.40315400780240568 
2 137.66666666666663 -58.125 -58.125 0.58310100000355214 0.57445331568146496 -0.57445331568146496 0.70180464938939446 -2.7755575615628901e-17 0.71236945056299894 0.4092229928660982 -0.81853734679767132 -0.40315400780240568 3.3460076502852165
1 157.33333333333331 -38.75 -77.5 0.58310100000355214 0.57445331568146496 -0.57445331568146496 0.70180464938939446 -2.7755575615628901e-17 0.71236945056299894 0.4092229928660982 -0.81853734679767132 -0.40315400780240568 
1 137.66666666666663 -58.125 -58.125 0.58310100000355214 0.57445331568146496 -0.57445331568146496 0.70180464938939446 -2.7755575615628901e-17 0.71236945056299894 0.4092229928660982 -0.81853734679767132 -0.40315400780240568 
2 137.66666666666663 -58.125 -58.125 0.58310100000355214 0.57445331568146496 0.57445331568146496 -0.70180464938939446 2.7755575615628901e-17 0.71236945056299894 0.4092229928660982 -0.81853734679767132 0.40315400780240568 3.3460076502852165
1 157.33333333333331 -38.75 -38.75 0.58310100000355214 0.57445331568146496 0.57445331568146496 -0.70180464938939446 2.7755575615628901e-17 0.71236945056299894 0.4092229928660982 -0.81853734679767132 0.40315400780240568 
1 137.66666666666663 -58.125 -58.125 0.58310100000355214 0.57445331568146496 0.57445331568146496 -0.70180464938939446 2.7755575615628901e-17 0.71236945056299894 0.4092229928660982 -0.81853734679767132 0.40315400780240568 
3 157.33333333333331 -77.5 -38.75 -0.58310100000355214 0.57445331568146496 0.57445331568146496 -0.70180464938939446 -2.7755575615628901e-17 -0.71236945056299894 -0.4092229928660982 -0.81853734679767132 0.40315400780240568 3.3460076502852165
-0.010941051538888844
1 137.66666666666663 -58.125 -19.374999999999996 -0.58310100000355214 0.57445331568146496 0.57445331568146496 -0.70180464938939446 -2.7755575615628901e-17 -0.71236945056299894 -0.4092229928660982 -0.81853734679767132 0.40315400780240568 
1 157.33333333333331 -77.5 -38.75 -0.58310100000355214 0.57445331568146496 0.57445331568146496 -0.70180464938939446 -2.7755575615628901e-17 -0.71236945056299894 -0.4092229928660982 -0.81853734679767132 0.40315400780240568 
2 157.33333333333331 -38.75 -77.5 -0.58310100000355214 0.57445331568146496 0.57445331568146496 -0.70180464938939446 -2.7755575615628901e-17 -0.71236945056299894 -0.4092229928660982 -0.81853734679767132 0.40315400780240568 3.3460076502852165
1 137.66666666666663 -19.374999999999996 -58.125 -0.58310100000355214 0.57445331568146496 0.57445331568146496 -0.70180464938939446 -2.7755575615628901e-17 -0.71236945056299894 -0.4092229928660982 -0.81853734679767132 0.40315400780240568 
1 157.33333333333331 -38.75 -77.5 -0.58310100000355214 0.57445331568146496 0.57445331568146496 -0.70180464938939446 -2.7755575615628901e-17 -0.71236945056299894 -0.4092229928660982 -0.81853734679767132 0.40315400780240568 
3 157.33333333333331 -38.75 -38.75 -0.58310100000355214 -0.57445331568146496 0.57445331568146496 -0.70180464938939446 2.7755575615628901e-17 -0.71236945056299894 0.4092229928660982 -0.81853734679767132 -0.40315400780240568 3.3460076502852165
-0.010941051538888844
1 137.66666666666663 -58.125 -19.374999999999996 -0.58310100000355214 -0.57445331568146496 0.57445331568146496 -0.70180464938939446 2.7755575615628901e-17 -0.71236945056299894 0.4092229928660982 -0.81853734679767132 -0.40315400780240568 
1 157.33333333333331 -38.75 -38.75 -0.58310100000355214 -0.57445331568146496 0.57445331568146496 -0.70180464938939446 2.7755575615628901e-17 -0.71236945056299894 0.4092229928660982 -0.81853734679767132 -0.40315400780240568 
2 157.33333333333331 -38.75 -38.75 -0.58310100000355214 0.57445331568146496 -0.57445331568146496 0.70180464938939446 2.7755575615628901e-17 -0.71236945056299894 -0.4092229928660982 -0.81853734679767132 -0.40315400780240568 3.3460076502852165
1 137.66666666666663 -19.374999999999996 -58.125 -0.58310100000355214 0.57445331568146496 -0.57445331568146496 0.70180464938939446 2.7755575615628901e-17 -0.71236945056299894 -0.4092229928660982 -0.81853734679767132 -0.40315400780240568 
1 157.33333333333331 -38.75 -38.75 -0.58310100000355214 0.57445331568146496 -0.57445331568146496 0.70180464938939446 2.7755575615628901e-17 -0.71236945056299894 -0.4092229928660982 -0.81853734679767132 -0.40315400780240568 
2 157.33333333333331 -38.75 -38.75 -0.58310100000355214 0.57445331568146496 0.57445331568146496 -0.70180464938939446 -2.7755575615628901e-17 -0.71236945056299894 -0.4092229928660982 -0.81853734679767132 0.40315400780240568 3.3460076502852165
1 137.66666666666663 -19.374999999999996 -19.374999999999996 -0.58310100000355214 0.57445331568146496 0.57445331568146496 -0.70180464938939446 -2.7755575615628901e-17 -0.71236945056299894 -0.4092229928660982 -0.81853734679767132 0.40315400780240568 
1 157.33333333333331 -38.75 -38.75 -0.58310100000355214 0.57445331568146496 0.57445331568146496 -0.70180464938939446 -2.7755575615628901e-17 -0.71236945056299894 -0.4092229928660982 -0.81853734679767132 0.40315400780240568 
3 137.66666666666663 -58.125 -19.375 0.58310100000355214 -0.57445331568146496 0.57445331568146496 -0.70180464938939446 -2.7755575615628901e-17 0.71236945056299894 -0.4092229928660982 -0.81853734679767132 -0.40315400780240568 2.9769762133212465
0.010941051538888844
1 157.33333333333331 -77.5 3.5527136788005009e-15 0.58310100000355214 -0.57445331568146496 0.57445331568146496 -0.70180464938939446 -2.7755575615628901e-17 0.71236945056299894 -0.4092229928660982 -0.81853734679767132 -0.40315400780240568 
1 137.66666666666663 -58.125 -19.375 0.58310100000355214 -0.57445331568146496 0.57445331568146496 -0.70180464938939446 -2.7755575615628901e-17 0.71236945056299894 -0.4092229928660982 -0.81853734679767132 -0.40315400780240568 
3 137.66666666666663 -58.125 -19.375 0.58310100000355214 0.57445331568146496 0.57445331568146496 -0.70180464938939446 2.7755575615628901e-17 0.71236945056299894 0.4092229928660982 -0.81853734679767132 0.40315400780240568 2.9769762133212465
0.010941051538888844
1 157.33333333333331 -38.75 3.5527136788005009e-15 0.58310100000355214 0.57445331568146496 0.57445331568146496 -0.70180464938939446 2.7755575615628901e-17 0.71236945056299894 0.4092229928660982 -0.81853734679767132 0.40315400780240568 
1 137.66666666666663 -58.125 -19.375 0.58310100000355214 0.57445331568146496 0.57445331568146496 -0.70180464938939446 2.7755575615628901e-17 0.71236945056299894 0.4092229928660982 -0.81853734679767132 0.40315400780240568 
3 157.33333333333331 -77.5 0 -0.58310100000355214 0.57445331568146496 0.57445331568146496 -0.70180464938939446 -2.7755575615628901e-17 -0.71236945056299894 -0.4092229928660982 -0.81853734679767132 0.40315400780240568 3.3460076502852165
-0.01094712072749841
1 137.66666666666663 -58.124999999999993 19.375000000000007 -0.58310100000355214 0.57445331568146496 0.57445331568146496 -0.70180464938939446 -2.7755575615628901e-17 -0.71236945056299894 -0.4092229928660982 -0.81853734679767132 0.40315400780240568 
1 157.33333333333331 -77.5 0 -0.58310100000355214 0.57445331568146496 0.57445331568146496 -0.70180464938939446 -2.7755575615628901e-17 -0.71236945056299894 -0.4092229928660982 -0.81853734679767132 0.40315400780240568 
3 157.33333333333331 -38.75 0 -0.58310100000355214 -0.57445331568146496 0.57445331568146496 -0.70180464938939446 2.7755575615628901e-17 -0.71236945056299894 0.4092229928660982 -0.81853734679767132 -0.40315400780240568 3.3460076502852165
-0.01094712072749841
1 137.66666666666663 -58.125000000000007 19.375000000000007 -0.58310100000355214 -0.57445331568146496 0.57445331568146496 -0.70180464938939446 2.7755575615628901e-17 -0.71236945056299894 0.4092229928660982 -0.81853734679767132 -0.40315400780240568 
1 157.33333333333331 -38.75 0 -0.58310100000355214 -0.57445331568146496 0.57445331568146496 -0.70180464938939446 2.7755575615628901e-17 -0.71236945056299894 0.4092229928660982 -0.81853734679767132 -0.40315400780240568 
2 157.33333333333331 -38.75 0 -0.58310100000355214 0.57445331568146496 -0.57445331568146496 0.70180464938939446 2.7755575615628901e-17 -0.71236945056299894 -0.4092229928660982 -0.81853734679767132 -0.40315400780240568 3.3460076502852165
1 137.66666666666663 -19.374999999999996 -19.375000000000004 -0.58310100000355214 0.57445331568146496 -0.57445331568146496 0.70180464938939446 2.7755575615628901e-17 -0.71236945056299894 -0.4092229928660982 -0.81853734679767132 -0.40315400780240568 
1 157.33333333333331 -38.75 0 -0.58310100000355214 0.57445331568146496 -0.57445331568146496 0.70180464938939446 2.7755575615628901e-17 -0.71236945056299894 -0.4092229928660982 -0.81853734679767132 -0.40315400780240568 
2 157.33333333333331 -38.75 0 -0.58310100000355214 0.57445331568146496 0.57445331568146496 -0.70180464938939446 -2.7755575615628901e-17 -0.71236945056299894 -0.4092229928660982 -0.81853734679767132 0.40315400780240568 3.3460076502852165
1 137.66666666666663 -19.374999999999996 19.375000000000004 -0.58310100000355214 0.57445331568146496 0.57445331568146496 -0.70180464938939446 -2.7755575615628901e-17 -0.71236945056299894 -0.4092229928660982 -0.81853734679767132 0.40315400780240568 
1 157.33333333333331 -38.75 0 -0.58310100000355214 0.57445331568146496 0.57445331568146496 -0.70180464938939446 -2.7755575615628901e-17 -0.71236945056299894 -0.4092229928660982 -0.81853734679767132 0.40315400780240568 
3 137.66666666666663 -58.125 19.375 0.58310100000355214 -0.57445331568146496 0.57445331568146496 -0.70180464938939446 -2.7755575615628901e-17 0.71236945056299894 -0.4092229928660982 -0.81853734679767132 -0.40315400780240568 2.9767714889138874
0.01094712072749841
1 157.33333333333331 -77.5 38.750000000000007 0.58310100000355214 -0.57445331568146496 0.57445331568146496 -0.70180464938939446 -2.7755575615628901e-17 0.71236945056299894 -0.4092229928660982 -0.81853734679767132 -0.40315400780240568 
1 137.66666666666663 -58.125 19.375 0.58310100000355214 -0.57445331568146496 0.57445331568146496 -0.70180464938939446 -2.7755575615628901e-17 0.71236945056299894 -0.4092229928660982 -0.81853734679767132 -0.40315400780240568 
3 137.66666666666663 -58.125 19.375 0.58310100000355214 0.57445331568146496 0.57445331568146496 -0.70180464938939446 2.7755575615628901e-17 0.71236945056299894 0.4092229928660982 -0.81853734679767132 0.40315400780240568 2.9767714889138874
0.01094712072749841
1 157.33333333333331 -38.749999999999993 38.750000000000007 0.58310100000355214 0.57445331568146496 0.57445331568146496 -0.70180464938939446 2.7755575615628901e-17 0.71236945056299894 0.4092229928660982 -0.81853734679767132 0.40315400780240568 
1 137.66666666666663 -58.125 19.375 0.58310100000355214 0.57445331568146496 0.57445331568146496 -0.70180464938939446 2.7755575615628901e-17 0.71236945056299894 0.4092229928660982 -0.81853734679767132 0.40315400780240568 
2 157.33333333333331 -77.5 38.75 -0.58310100000355214 0.57445331568146496 0.57445331568146496 -0.70180464938939446 -2.7755575615628901e-17 -0.71236945056299894 -0.4092229928660982 -0.81853734679767132 0.40315400780240568 3.3460076502852165
1 137.66666666666663 -58.125 58.125 -0.58310100000355214 0.57445331568146496 0.57445331568146496 -0.70180464938939446 -2.7755575615628901e-17 -0.71236945056299894 -0.4092229928660982 -0.81853734679767132 0.40315400780240568 
1 157.33333333333331 -77.5 38.75 -0.58310100000355214 0.57445331568146496 0.57445331568146496 -0.70180464938939446 -2.7755575615628901e-17 -0.71236945056299894 -0.4092229928660982 -0.81853734679767132 0.40315400780240568 
2 157.33333333333331 -38.75 38.75 -0.58310100000355214 -0.57445331568146496 0.57445331568146496 -0.70180464938939446 2.7755575615628901e-17 -0.71236945056299894 0.4092229928660982 -0.81853734679767132 -0.40315400780240568 3.3460076502852165
1 137.66666666666663 -58.125 58.125 -0.58310100000355214 -0.57445331568146496 0.57445331568146496 -0.70180464938939446 2.7755575615628901e-17 -0.71236945056299894 0.4092229928660982 -0.81853734679767132 -0.40315400780240568 
1 157.33333333333331 -38.75 38.75 -0.58310100000355214 -0.57445331568146496 0.57445331568146496 -0.70180464938939446 2.7755575615628901e-17 -0.71236945056299894 0.4092229928660982 -0.81853734679767132 -0.40315400780240568 
2 157.33333333333331 -38.75 38.75 -0.58310100000355214 0.57445331568146496 -0.57445331568146496 0.70180464938939446 2.7755575615628901e-17 -0.71236945056299894 -0.4092229928660982 -0.81853734679767132 -0.40315400780240568 3.3460076502852165
1 137.66666666666663 -19.374999999999996 19.374999999999996 -0.58310100000355214 0.57445331568146496 -0.57445331568146496 0.70180464938939446 2.7755575615628901e-17 -0.71236945056299894 -0.4092229928660982 -0.81853734679767132 -0.40315400780240568 
1 157.33333333333331 -38.75 38.75 -0.58310100000355214 0.57445331568146496 -0.57445331568146496 0.70180464938939446 2.7755575615628901e-17 -0.71236945056299894 -0.4092229928660982 -0.81853734679767132 -0.40315400780240568 
2 157.33333333333331 -38.75 38.75 -0.58310100000355214 0.57445331568146496 0.57445331568146496 -0.70180464938939446 -2.7755575615628901e-17 -0.71236945056299894 -0.4092229928660982 -0.81853734679767132 0.40315400780240568 3.3460076502852165
1 137.66666666666663 -19.374999999999996 58.125 -0.58310100000355214 0.57445331568146496 0.57445331568146496 -0.70180464938939446 -2.7755575615628901e-17 -0.71236945056299894 -0.4092229928660982 -0.81853734679767132 0.40315400780240568 
1 157.33333333333331 -38.75 38.75 -0.58310100000355214 0.57445331568146496 0.57445331568146496 -0.70180464938939446 -2.7755575615628901e-17 -0.71236945056299894 -0.4092229928660982 -0.81853734679767132 0.40315400780240568 
2 137.66666666666663 -58.125 58.125 0.58310100000355214 -0.57445331568146496 0.57445331568146496 -0.70180464938939446 -2.7755575615628901e-17 0.71236945056299894 -0.4092229928660982 -0.81853734679767132 -0.40315400780240568 3.3460076502852165
1 157.33333333333331 -77.5 77.5 0.58310100000355214 -0.57445331568146496 0.57445331568146496 -0.70180464938939446 -2.7755575615628901e-17 0.71236945056299894 -0.4092229928660982 -0.81853734679767132 -0.40315400780240568 
1 137.66666666666663 -58.125 58.125 0.58310100000355214 -0.57445331568146496 0.57445331568146496 -0.70180464938939446 -2.7755575615628901e-17 0.71236945056299894 -0.4092229928660982 -0.81853734679767132 -0.40315400780240568 
2 137.66666666666663 -58.125 58.125 0.58310100000355214 0.57445331568146496 0.57445331568146496 -0.70180464938939446 2.7755575615628901e-17 0.71236945056299894 0.4092229928660982 -0.81853734679767132 0.40315400780240568 3.3460076502852165
1 157.33333333333331 -38.75 77.5 0.58310100000355214 0.57445331568146496 0.57445331568146496 -0.70180464938939446 2.7755575615628901e-17 0.71236945056299894 0.4092229928660982 -0.81853734679767132 0.40315400780240568 
1 137.66666666666663 -58.125 58.125 0.58310100000355214 0.57445331568146496 0.57445331568146496 -0.70180464938939446 2.7755575615628901e-17 0.71236945056299894 0.4092229928660982 -0.81853734679767132 0.40315400780240568 
2 157.33333333333331 -38.75 77.5 -0.58310100000355214 0.57445331568146496 -0.57445331568146496 0.70180464938939446 2.7755575615628901e-17 -0.71236945056299894 -0.4092229928660982 -0.81853734679767132 -0.40315400780240568 3.3460076502852165
1 137.66666666666663 -19.374999999999996 58.125 -0.58310100000355214 0.57445331568146496 -0.57445331568146496 0.70180464938939446 2.7755575615628901e-17 -0.71236945056299894 -0.4092229928660982 -0.81853734679767132 -0.40315400780240568 
1 157.33333333333331 -38.75 77.5 -0.58310100000355214 0.57445331568146496 -0.57445331568146496 0.70180464938939446 2.7755575615628901e-17 -0.71236945056299894 -0.4092229928660982 -0.81853734679767132 -0.40315400780240568 
2 137.66666666666663 -19.375 -58.125 0.58310100000355214 0.57445331568146496 -0.57445331568146496 0.70180464938939446 -2.7755575615628901e-17 0.71236945056299894 0.4092229928660982 -0.81853734679767132 -0.40315400780240568 3.3460076502852165
1 157.33333333333331 3.5527136788005009e-15 -77.5 0.58310100000355214 0.57445331568146496 -0.57445331568146496 0.70180464938939446 -2.7755575615628901e-17 0.71236945056299894 0.4092229928660982 -0.81853734679767132 -0.40315400780240568 
1 137.66666666666663 -19.375 -58.125 0.58310100000355214 0.57445331568146496 -0.57445331568146496 0.70180464938939446 -2.7755575615628901e-17 0.71236945056299894 0.4092229928660982 -0.81853734679767132 -0.40315400780240568 
2 137.66666666666663 -19.375 -58.125 0.58310100000355214 0.57445331568146496 0.57445331568146496 -0.70180464938939446 2.7755575615628901e-17 0.71236945056299894 0.4092229928660982 -0.81853734679767132 0.40315400780240568 3.3460076502852165
1 157.33333333333331 3.5527136788005009e-15 -38.75 0.58310100000355214 0.57445331568146496 0.57445331568146496 -0.70180464938939446 2.7755575615628901e-17 0.71236945056299894 0.4092229928660982 -0.81853734679767132 0.40315400780240568 
1 137.66666666666663 -19.375 -58.125 0.58310100000355214 0.57445331568146496 0.57445331568146496 -0.70180464938939446 2.7755575615628901e-17 0.71236945056299894 0.4092229928660982 -0.81853734679767132 0.40315400780240568 
2 157.33333333333331 0 -77.5 -0.58310100000355214 0.57445331568146496 0.57445331568146496 -0.70180464938939446 -2.7755575615628901e-17 -0.71236945056299894 -0.4092229928660982 -0.81853734679767132 0.40315400780240568 3.3460076502852165
1 137.66666666666663 19.375000000000004 -58.125 -0.58310100000355214 0.57445331568146496 0.57445331568146496 -0.70180464938939446 -2.7755575615628901e-17 -0.71236945056299894 -0.4092229928660982 -0.81853734679767132 0.40315400780240568 
1 157.33333333333331 0 -77.5 -0.58310100000355214 0.57445331568146496 0.57445331568146496 -0.70180464938939446 -2.7755575615628901e-17 -0.71236945056299894 -0.4092229928660982 -0.81853734679767132 0.40315400780240568 
2 157.33333333333331 0 -38.75 -0.58310100000355214 -0.57445331568146496 0.57445331568146496 -0.70180464938939446 2.7755575615628901e-17 -0.71236945056299894 0.4092229928660982 -0.81853734679767132 -0.40315400780240568 3.3460076502852165
1 137.66666666666663 -19.375000000000004 -19.374999999999996 -0.58310100000355214 -0.57445331568146496 0.57445331568146496 -0.70180464938939446 2.7755575615628901e-17 -0.71236945056299894 0.4092229928660982 -0.81853734679767132 -0.40315400780240568 
1 157.33333333333331 0 -38.75 -0.58310100000355214 -0.57445331568146496 0.57445331568146496 -0.70180464938939446 2.7755575615628901e-17 -0.71236945056299894 0.4092229928660982 -0.81853734679767132 -0.40315400780240568 
2 157.33333333333331 0 -38.75 -0.58310100000355214 0.57445331568146496 -0.57445331568146496 0.70180464938939446 2.7755575615628901e-17 -0.71236945056299894 -0.4092229928660982 -0.81853734679767132 -0.40315400780240568 3.3460076502852165
1 137.66666666666663 19.375000000000004 -58.125 -0.58310100000355214 0.57445331568146496 -0.57445331568146496 0.70180464938939446 2.7755575615628901e-17 -0.71236945056299894 -0.4092229928660982 -0.81853734679767132 -0.40315400780240568 
1 157.33333333333331 0 -38.75 -0.58310100000355214 0.57445331568146496 -0.57445331568146496 0.70180464938939446 2.7755575615628901e-17 -0.71236945056299894 -0.4092229928660982 -0.81853734679767132 -0.40315400780240568 
3 157.33333333333331 0 -38.75 -0.58310100000355214 0.57445331568146496 0.57445331568146496 -0.70180464938939446 -2.7755575615628901e-17 -0.71236945056299894 -0.4092229928660982 -0.81853734679767132 0.40315400780240568 3.3460076502852165
-0.041531983088200296
1 137.66666666666663 19.375000000000004 -19.374999999999996 -0.58310100000355214 0.57445331568146496 0.57445331568146496 -0.70180464938939446 -2.7755575615628901e-17 -0.71236945056299894 -0.4092229928660982 -0.81853734679767132 0.40315400780240568 
1 157.33333333333331 0 -38.75 -0.58310100000355214 0.57445331568146496 0.57445331568146496 -0.70180464938939446 -2.7755575615628901e-17 -0.71236945056299894 -0.4092229928660982 -0.81853734679767132 0.40315400780240568 
2 137.66666666666663 -19.375 -19.375 0.58310100000355214 0.57445331568146496 0.57445331568146496 -0.70180464938939446 2.7755575615628901e-17 0.71236945056299894 0.4092229928660982 -0.81853734679767132 0.40315400780240568 3.3460076502852165
1 157.33333333333331 3.5527136788005009e-15 3.5527136788005009e-15 0.58310100000355214 0.57445331568146496 0.57445331568146496 -0.70180464938939446 2.7755575615628901e-17 0.71236945056299894 0.4092229928660982 -0.81853734679767132 0.40315400780240568 
1 137.66666666666663 -19.375 -19.375 0.58310100000355214 0.57445331568146496 0.57445331568146496 -0.70180464938939446 2.7755575615628901e-17 0.71236945056299894 0.4092229928660982 -0.81853734679767132 0.40315400780240568 
2 157.33333333333331 0 0 -0.58310100000355214 -0.57445331568146496 0.57445331568146496 -0.70180464938939446 2.7755575615628901e-17 -0.71236945056299894 0.4092229928660982 -0.81853734679767132 -0.40315400780240568 3.3460076502852165
1 137.66666666666663 -19.375000000000004 19.375000000000004 -0.58310100000355214 -0.57445331568146496 0.57445331568146496 -0.70180464938939446 2.7755575615628901e-17 -0.71236945056299894 0.4092229928660982 -0.81853734679767132 -0.40315400780240568 
1 157.33333333333331 0 0 -0.58310100000355214 -0.57445331568146496 0.57445331568146496 -0.70180464938939446 2.7755575615628901e-17 -0.71236945056299894 0.4092229928660982 -0.81853734679767132 -0.40315400780240568 
2 137.66666666666663 -19.375 19.375 0.58310100000355214 0.57445331568146496 0.57445331568146496 -0.70180464938939446 2.7755575615628901e-17 0.71236945056299894 0.4092229928660982 -0.81853734679767132 0.40315400780240568 3.3460076502852165
1 157.33333333333331 3.5527136788005009e-15 38.75 0.58310100000355214 0.57445331568146496 0.57445331568146496 -0.70180464938939446 2.7755575615628901e-17 0.71236945056299894 0.4092229928660982 -0.81853734679767132 0.40315400780240568 
1 137.66666666666663 -19.375 19.375 0.58310100000355214 0.57445331568146496 0.57445331568146496 -0.70180464938939446 2.7755575615628901e-17 0.71236945056299894 0.4092229928660982 -0.81853734679767132 0.40315400780240568 
2 157.33333333333331 0 38.75 -0.58310100000355214 -0.57445331568146496 0.57445331568146496 -0.70180464938939446 2.7755575615628901e-17 -0.71236945056299894 0.4092229928660982 -0.81853734679767132 -0.40315400780240568 3.3460076502852165
1 137.66666666666663 -19.375000000000004 58.125 -0.58310100000355214 -0.57445331568146496 0.57445331568146496 -0.70180464938939446 2.7755575615628901e-17 -0.71236945056299894 0.4092229928660982 -0.81853734679767132 -0.40315400780240568 
1 157.33333333333331 0 38.75 -0.58310100000355214 -0.57445331568146496 0.57445331568146496 -0.70180464938939446 2.7755575615628901e-17 -0.71236945056299894 0.4092229928660982 -0.81853734679767132 -0.40315400780240568 
3 157.33333333333331 0 38.75 -0.58310100000355214 0.57445331568146496 -0.57445331568146496 0.70180464938939446 2.7755575615628901e-17 -0.71236945056299894 -0.4092229928660982 -0.81853734679767132 -0.40315400780240568 3.3460076502852165
-0.04199375754279356
1 137.66666666666663 19.375000000000007 19.374999999999993 -0.58310100000355214 0.57445331568146496 -0.57445331568146496 0.70180464938939446 2.7755575615628901e-17 -0.71236945056299894 -0.4092229928660982 -0.81853734679767132 -0.40315400780240568 
1 157.33333333333331 0 38.75 -0.58310100000355214 0.57445331568146496 -0.57445331568146496 0.70180464938939446 2.7755575615628901e-17 -0.71236945056299894 -0.4092229928660982 -0.81853734679767132 -0.40315400780240568 
2 157.33333333333331 0 38.75 -0.58310100000355214 0.57445331568146496 0.57445331568146496 -0.70180464938939446 -2.7755575615628901e-17 -0.71236945056299894 -0.4092229928660982 -0.81853734679767132 0.40315400780240568 3.3460076502852165
1 137.66666666666663 19.375000000000004 58.125 -0.58310100000355214 0.57445331568146496 0.57445331568146496 -0.70180464938939446 -2.7755575615628901e-17 -0.71236945056299894 -0.4092229928660982 -0.81853734679767132 0.40315400780240568 
1 157.33333333333331 0 38.75 -0.58310100000355214 0.57445331568146496 0.57445331568146496 -0.70180464938939446 -2.7755575615628901e-17 -0.71236945056299894 -0.4092229928660982 -0.81853734679767132 0.40315400780240568 
2 137.66666666666663 -19.375 58.125 0.58310100000355214 0.57445331568146496 0.57445331568146496 -0.70180464938939446 2.7755575615628901e-17 0.71236945056299894 0.4092229928660982 -0.81853734679767132 0.40315400780240568 3.3460076502852165
1 157.33333333333331 3.5527136788005009e-15 77.5 0.58310100000355214 0.57445331568146496 0.57445331568146496 -0.70180464938939446 2.7755575615628901e-17 0.71236945056299894 0.4092229928660982 -0.81853734679767132 0.40315400780240568 
1 137.66666666666663 -19.375 58.125 0.58310100000355214 0.57445331568146496 0.57445331568146496 -0.70180464938939446 2.7755575615628901e-17 0.71236945056299894 0.4092229928660982 -0.81853734679767132 0.40315400780240568 
2 157.33333333333331 0 77.5 -0.58310100000355214 0.57445331568146496 -0.57445331568146496 0.70180464938939446 2.7755575615628901e-17 -0.71236945056299894 -0.4092229928660982 -0.81853734679767132 -0.40315400780240568 3.3460076502852165
1 137.66666666666663 19.375000000000004 58.125 -0.58310100000355214 0.57445331568146496 -0.57445331568146496 0.70180464938939446 2.7755575615628901e-17 -0.71236945056299894 -0.4092229928660982 -0.81853734679767132 -0.40315400780240568 
1 157.33333333333331 0 77.5 -0.58310100000355214 0.57445331568146496 -0.57445331568146496 0.70180464938939446 2.7755575615628901e-17 -0.71236945056299894 -0.4092229928660982 -0.81853734679767132 -0.40315400780240568 
2 137.66666666666663 19.375 -58.125 0.58310100000355214 0.57445331568146496 -0.57445331568146496 0.70180464938939446 -2.7755575615628901e-17 0.71236945056299894 0.4092229928660982 -0.81853734679767132 -0.40315400780240568 3.3460076502852165
1 157.33333333333331 38.75 -77.5 0.58310100000355214 0.57445331568146496 -0.57445331568146496 0.70180464938939446 -2.7755575615628901e-17 0.71236945056299894 0.4092229928660982 -0.81853734679767132 -0.40315400780240568 
1 137.66666666666663 19.375 -58.125 0.58310100000355214 0.57445331568146496 -0.57445331568146496 0.70180464938939446 -2.7755575615628901e-17 0.71236945056299894 0.4092229928660982 -0.81853734679767132 -0.40315400780240568 
2 137.66666666666663 19.375 -58.125 0.58310100000355214 0.57445331568146496 0.57445331568146496 -0.70180464938939446 2.7755575615628901e-17 0.71236945056299894 0.4092229928660982 -0.81853734679767132 0.40315400780240568 3.3460076502852165
1 157.33333333333331 38.75 -38.75 0.58310100000355214 0.57445331568146496 0.57445331568146496 -0.70180464938939446 2.7755575615628901e-17 0.71236945056299894 0.4092229928660982 -0.81853734679767132 0.40315400780240568 
1 137.66666666666663 19.375 -58.125 0.58310100000355214 0.57445331568146496 0.57445331568146496 -0.70180464938939446 2.7755575615628901e-17 0.71236945056299894 0.4092229928660982 -0.81853734679767132 0.40315400780240568 
2 157.33333333333331 38.75 -77.5 -0.58310100000355214 0.57445331568146496 0.57445331568146496 -0.70180464938939446 -2.7755575615628901e-17 -0.71236945056299894 -0.4092229928660982 -0.81853734679767132 0.40315400780240568 3.3460076502852165
1 137.66666666666663 58.125 -58.125 -0.58310100000355214 0.57445331568146496 0.57445331568146496 -0.70180464938939446 -2.7755575615628901e-17 -0.71236945056299894 -0.4092229928660982 -0.81853734679767132 0.40315400780240568 
1 157.33333333333331 38.75 -77.5 -0.58310100000355214 0.57445331568146496 0.57445331568146496 -0.70180464938939446 -2.7755575615628901e-17 -0.71236945056299894 -0.4092229928660982 -0.81853734679767132 0.40315400780240568 
3 157.33333333333331 38.75 -38.75 -0.58310100000355214 -0.57445331568146496 0.57445331568146496 -0.70180464938939446 2.7755575615628901e-17 -0.71236945056299894 0.4092229928660982 -0.81853734679767132 -0.40315400780240568 3.3460076502852165
-0.041531983088200296
1 137.66666666666663 19.374999999999996 -19.374999999999996 -0.58310100000355214 -0.57445331568146496 0.57445331568146496 -0.70180464938939446 2.7755575615628901e-17 -0.71236945056299894 0.4092229928660982 -0.81853734679767132 -0.40315400780240568 
1 157.33333333333331 38.75 -38.75 -0.58310100000355214 -0.57445331568146496 0.57445331568146496 -0.70180464938939446 2.7755575615628901e-17 -0.71236945056299894 0.4092229928660982 -0.81853734679767132 -0.40315400780240568 
2 157.33333333333331 38.75 -38.75 -0.58310100000355214 0.57445331568146496 -0.57445331568146496 0.70180464938939446 2.7755575615628901e-17 -0.71236945056299894 -0.4092229928660982 -0.81853734679767132 -0.40315400780240568 3.3460076502852165
1 137.66666666666663 58.125 -58.125 -0.58310100000355214 0.57445331568146496 -0.57445331568146496 0.70180464938939446 2.7755575615628901e-17 -0.71236945056299894 -0.4092229928660982 -0.81853734679767132 -0.40315400780240568 
1 157.33333333333331 38.75 -38.75 -0.58310100000355214 0.57445331568146496 -0.57445331568146496 0.70180464938939446 2.7755575615628901e-17 -0.71236945056299894 -0.4092229928660982 -0.81853734679767132 -0.40315400780240568 
2 157.33333333333331 38.75 -38.75 -0.58310100000355214 0.57445331568146496 0.57445331568146496 -0.70180464938939446 -2.7755575615628901e-17 -0.71236945056299894 -0.4092229928660982 -0.81853734679767132 0.40315400780240568 3.3460076502852165
1 137.66666666666663 58.125 -19.374999999999996 -0.58310100000355214 0.57445331568146496 0.57445331568146496 -0.70180464938939446 -2.7755575615628901e-17 -0.71236945056299894 -0.4092229928660982 -0.81853734679767132 0.40315400780240568 
1 157.33333333333331 38.75 -38.75 -0.58310100000355214 0.57445331568146496 0.57445331568146496 -0.70180464938939446 -2.7755575615628901e-17 -0.71236945056299894 -0.4092229928660982 -0.81853734679767132 0.40315400780240568 
3 137.66666666666663 19.375 -19.375 0.58310100000355214 0.57445331568146496 0.57445331568146496 -0.70180464938939446 2.7755575615628901e-17 0.71236945056299894 0.4092229928660982 -0.81853734679767132 0.40315400780240568 1.9444226359171066
0.041531983088200296
1 157.33333333333331 38.75 3.5527136788005009e-15 0.58310100000355214 0.57445331568146496 0.57445331568146496 -0.70180464938939446 2.7755575615628901e-17 0.71236945056299894 0.4092229928660982 -0.81853734679767132 0.40315400780240568 
1 137.66666666666663 19.375 -19.375 0.58310100000355214 0.57445331568146496 0.57445331568146496 -0.70180464938939446 2.7755575615628901e-17 0.71236945056299894 0.4092229928660982 -0.81853734679767132 0.40315400780240568 
3 157.33333333333331 38.75 0 -0.58310100000355214 -0.57445331568146496 0.57445331568146496 -0.70180464938939446 2.7755575615628901e-17 -0.71236945056299894 0.4092229928660982 -0.81853734679767132 -0.40315400780240568 3.3460076502852165
-0.04199375754279356
1 137.66666666666663 19.374999999999993 19.375000000000007 -0.58310100000355214 -0.57445331568146496 0.57445331568146496 -0.70180464938939446 2.7755575615628901e-17 -0.71236945056299894 0.4092229928660982 -0.81853734679767132 -0.40315400780240568 
1 157.33333333333331 38.75 0 -0.58310100000355214 -0.57445331568146496 0.57445331568146496 -0.70180464938939446 2.7755575615628901e-17 -0.71236945056299894 0.4092229928660982 -0.81853734679767132 -0.40315400780240568 
2 157.33333333333331 38.75 0 -0.58310100000355214 0.57445331568146496 -0.57445331568146496 0.70180464938939446 2.7755575615628901e-17 -0.71236945056299894 -0.4092229928660982 -0.81853734679767132 -0.40315400780240568 3.3460076502852165
1 137.66666666666663 58.125 -19.375000000000004 -0.58310100000355214 0.57445331568146496 -0.57445331568146496 0.70180464938939446 2.7755575615628901e-17 -0.71236945056299894 -0.4092229928660982 -0.81853734679767132 -0.40315400780240568 
1 157.33333333333331 38.75 0 -0.58310100000355214 0.57445331568146496 -0.57445331568146496 0.70180464938939446 2.7755575615628901e-17 -0.71236945056299894 -0.4092229928660982 -0.81853734679767132 -0.40315400780240568 
2 157.33333333333331 38.75 0 -0.58310100000355214 0.57445331568146496 0.57445331568146496 -0.70180464938939446 -2.7755575615628901e-17 -0.71236945056299894 -0.4092229928660982 -0.81853734679767132 0.40315400780240568 3.3460076502852165
1 137.66666666666663 58.125 19.375000000000004 -0.58310100000355214 0.57445331568146496 0.57445331568146496 -0.70180464938939446 -2.7755575615628901e-17 -0.71236945056299894 -0.4092229928660982 -0.81853734679767132 0.40315400780240568 
1 157.33333333333331 38.75 0 -0.58310100000355214 0.57445331568146496 0.57445331568146496 -0.70180464938939446 -2.7755575615628901e-17 -0.71236945056299894 -0.4092229928660982 -0.81853734679767132 0.40315400780240568 
3 137.66666666666663 19.375 19.375 0.58310100000355214 0.57445331568146496 0.57445331568146496 -0.70180464938939446 2.7755575615628901e-17 0.71236945056299894 0.4092229928660982 -0.81853734679767132 0.40315400780240568 1.928820840744113
0.04199375754279356
1 157.33333333333331 38.750000000000007 38.750000000000007 0.58310100000355214 0.57445331568146496 0.57445331568146496 -0.70180464938939446 2.7755575615628901e-17 0.71236945056299894 0.4092229928660982 -0.81853734679767132 0.40315400780240568 
1 137.66666666666663 19.375 19.375 0.58310100000355214 0.57445331568146496 0.57445331568146496 -0.70180464938939446 2.7755575615628901e-17 0.71236945056299894 0.4092229928660982 -0.81853734679767132 0.40315400780240568 
2 157.33333333333331 38.75 38.75 -0.58310100000355214 -0.57445331568146496 0.57445331568146496 -0.70180464938939446 2.7755575615628901e-17 -0.71236945056299894 0.4092229928660982 -0.81853734679767132 -0.40315400780240568 3.3460076502852165
1 137.66666666666663 19.374999999999996 58.125 -0.58310100000355214 -0.57445331568146496 0.57445331568146496 -0.70180464938939446 2.7755575615628901e-17 -0.71236945056299894 0.4092229928660982 -0.81853734679767132 -0.40315400780240568 
1 157.33333333333331 38.75 38.75 -0.58310100000355214 -0.57445331568146496 0.57445331568146496 -0.70180464938939446 2.7755575615628901e-17 -0.71236945056299894 0.4092229928660982 -0.81853734679767132 -0.40315400780240568 
2 157.33333333333331 38.75 38.75 -0.58310100000355214 0.57445331568146496 -0.57445331568146496 0.70180464938939446 2.7755575615628901e-17 -0.71236945056299894 -0.4092229928660982 -0.81853734679767132 -0.40315400780240568 3.3460076502852165
1 137.66666666666663 58.125 19.374999999999996 -0.58310100000355214 0.57445331568146496 -0.57445331568146496 0.70180464938939446 2.7755575615628901e-17 -0.71236945056299894 -0.4092229928660982 -0.81853734679767132 -0.40315400780240568 
1 157.33333333333331 38.75 38.75 -0.58310100000355214 0.57445331568146496 -0.57445331568146496 0.70180464938939446 2.7755575615628901e-17 -0.71236945056299894 -0.4092229928660982 -0.81853734679767132 -0.40315400780240568 
2 157.33333333333331 38.75 38.75 -0.58310100000355214 0.57445331568146496 0.57445331568146496 -0.70180464938939446 -2.7755575615628901e-17 -0.71236945056299894 -0.4092229928660982 -0.81853734679767132 0.40315400780240568 3.3460076502852165
1 137.66666666666663 58.125 58.125 -0.58310100000355214 0.57445331568146496 0.57445331568146496 -0.70180464938939446 -2.7755575615628901e-17 -0.71236945056299894 -0.4092229928660982 -0.81853734679767132 0.40315400780240568 
1 157.33333333333331 38.75 38.75 -0.58310100000355214 0.57445331568146496 0.57445331568146496 -0.70180464938939446 -2.7755575615628901e-17 -0.71236945056299894 -0.4092229928660982 -0.81853734679767132 0.40315400780240568 
2 137.66666666666663 19.375 58.125 0.58310100000355214 0.57445331568146496 0.57445331568146496 -0.70180464938939446 2.7755575615628901e-17 0.71236945056299894 0.4092229928660982 -0.81853734679767132 0.40315400780240568 3.3460076502852165
1 157.33333333333331 38.75 77.5 0.58310100000355214 0.57445331568146496 0.57445331568146496 -0.70180464938939446 2.7755575615628901e-17 0.71236945056299894 0.4092229928660982 -0.81853734679767132 0.40315400780240568 
1 137.66666666666663 19.375 58.125 0.58310100000355214 0.57445331568146496 0.57445331568146496 -0.70180464938939446 2.7755575615628901e-17 0.71236945056299894 0.4092229928660982 -0.81853734679767132 0.40315400780240568 
2 157.33333333333331 38.75 77.5 -0.58310100000355214 0.57445331568146496 -0.57445331568146496 0.70180464938939446 2.7755575615628901e-17 -0.71236945056299894 -0.4092229928660982 -0.81853734679767132 -0.40315400780240568 3.3460076502852165
1 137.66666666666663 58.125 58.125 -0.58310100000355214 0.57445331568146496 -0.57445331568146496 0.70180464938939446 2.7755575615628901e-17 -0.71236945056299894 -0.4092229928660982 -0.81853734679767132 -0.40315400780240568 
1 157.33333333333331 38.75 77.5 -0.58310100000355214 0.57445331568146496 -0.57445331568146496 0.70180464938939446 2.7755575615628901e-17 -0.71236945056299894 -0.4092229928660982 -0.81853734679767132 -0.40315400780240568 
2 137.66666666666663 58.125 -58.125 0.58310100000355214 0.57445331568146496 -0.57445331568146496 0.70180464938939446 -2.7755575615628901e-17 0.71236945056299894 0.4092229928660982 -0.81853734679767132 -0.40315400780240568 3.3460076502852165
1 157.33333333333331 77.5 -77.5 0.58310100000355214 0.57445331568146496 -0.57445331568146496 0.70180464938939446 -2.7755575615628901e-17 0.71236945056299894 0.4092229928660982 -0.81853734679767132 -0.40315400780240568 
1 137.66666666666663 58.125 -58.125 0.58310100000355214 0.57445331568146496 -0.57445331568146496 0.70180464938939446 -2.7755575615628901e-17 0.71236945056299894 0.4092229928660982 -0.81853734679767132 -0.40315400780240568 
2 137.66666666666663 58.125 -58.125 0.58310100000355214 0.57445331568146496 0.57445331568146496 -0.70180464938939446 2.7755575615628901e-17 0.71236945056299894 0.4092229928660982 -0.81853734679767132 0.40315400780240568 3.3460076502852165
1 157.33333333333331 77.5 -38.75 0.58310100000355214 0.57445331568146496 0.57445331568146496 -0.70180464938939446 2.7755575615628901e-17 0.71236945056299894 0.4092229928660982 -0.81853734679767132 0.40315400780240568 
1 137.66666666666663 58.125 -58.125 0.58310100000355214 0.57445331568146496 0.57445331568146496 -0.70180464938939446 2.7755575615628901e-17 0.71236945056299894 0.4092229928660982 -0.81853734679767132 0.40315400780240568 
2 157.33333333333331 77.5 -38.75 -0.58310100000355214 -0.57445331568146496 0.57445331568146496 -0.70180464938939446 2.7755575615628901e-17 -0.71236945056299894 0.4092229928660982 -0.81853734679767132 -0.40315400780240568 3.3460076502852165
1 137.66666666666663 58.125 -19.374999999999996 -0.58310100000355214 -0.57445331568146496 0.57445331568146496 -0.70180464938939446 2.7755575615628901e-17 -0.71236945056299894 0.4092229928660982 -0.81853734679767132 -0.40315400780240568 
1 157.33333333333331 77.5 -38.75 -0.58310100000355214 -0.57445331568146496 0.57445331568146496 -0.70180464938939446 2.7755575615628901e-17 -0.71236945056299894 0.4092229928660982 -0.81853734679767132 -0.40315400780240568 
2 137.66666666666663 58.125 -19.375 0.58310100000355214 0.57445331568146496 0.57445331568146496 -0.70180464938939446 2.7755575615628901e-17 0.71236945056299894 0.4092229928660982 -0.81853734679767132 0.40315400780240568 3.3460076502852165
1 157.33333333333331 77.5 3.5527136788005009e-15 0.58310100000355214 0.57445331568146496 0.57445331568146496 -0.70180464938939446 2.7755575615628901e-17 0.71236945056299894 0.4092229928660982 -0.81853734679767132 0.40315400780240568 
1 137.66666666666663 58.125 -19.375 0.58310100000355214 0.57445331568146496 0.57445331568146496 -0.70180464938939446 2.7755575615628901e-17 0.71236945056299894 0.4092229928660982 -0.81853734679767132 0.40315400780240568 
2 157.33333333333331 77.5 0 -0.58310100000355214 -0.57445331568146496 0.57445331568146496 -0.70180464938939446 2.7755575615628901e-17 -0.71236945056299894 0.4092229928660982 -0.81853734679767132 -0.40315400780240568 3.3460076502852165
1 137.66666666666663 58.125 19.375000000000004 -0.58310100000355214 -0.57445331568146496 0.57445331568146496 -0.70180464938939446 2.7755575615628901e-17 -0.71236945056299894 0.4092229928660982 -0.81853734679767132 -0.40315400780240568 
1 157.33333333333331 77.5 0 -0.58310100000355214 -0.57445331568146496 0.57445331568146496 -0.70180464938939446 2.7755575615628901e-17 -0.71236945056299894 0.4092229928660982 -0.81853734679767132 -0.40315400780240568 
2 137.66666666666663 58.125 19.375 0.58310100000355214 0.57445331568146496 0.57445331568146496 -0.70180464938939446 2.7755575615628901e-17 0.71236945056299894 0.4092229928660982 -0.81853734679767132 0.40315400780240568 3.3460076502852165
1 157.33333333333331 77.5 38.75 0.58310100000355214 0.57445331568146496 0.57445331568146496 -0.70180464938939446 2.7755575615628901e-17 0.71236945056299894 0.4092229928660982 -0.81853734679767132 0.40315400780240568 
1 137.66666666666663 58.125 19.375 0.58310100000355214 0.57445331568146496 0.57445331568146496 -0.70180464938939446 2.7755575615628901e-17 0.71236945056299894 0.4092229928660982 -0.81853734679767132 0.40315400780240568 
2 157.33333333333331 77.5 38.75 -0.58310100000355214 -0.57445331568146496 0.57445331568146496 -0.70180464938939446 2.7755575615628901e-17 -0.71236945056299894 0.4092229928660982 -0.81853734679767132 -0.40315400780240568 3.3460076502852165
1 137.66666666666663 58.125 58.125 -0.58310100000355214 -0.57445331568146496 0.57445331568146496 -0.70180464938939446 2.7755575615628901e-17 -0.71236945056299894 0.4092229928660982 -0.81853734679767132 -0.40315400780240568 
1 157.33333333333331 77.5 38.75 -0.58310100000355214 -0.57445331568146496 0.57445331568146496 -0.70180464938939446 2.7755575615628901e-17 -0.71236945056299894 0.4092229928660982 -0.81853734679767132 -0.40315400780240568 
2 137.66666666666663 58.125 58.125 0.58310100000355214 0.57445331568146496 0.57445331568146496 -0.70180464938939446 2.7755575615628901e-17 0.71236945056299894 0.4092229928660982 -0.81853734679767132 0.40315400780240568 3.3460076502852165
1 157.33333333333331 77.5 77.5 0.58310100000355214 0.57445331568146496 0.57445331568146496 -0.70180464938939446 2.7755575615628901e-17 0.71236945056299894 0.4092229928660982 -0.81853734679767132 0.40315400780240568 
1 137.66666666666663 58.125 58.125 0.58310100000355214 0.57445331568146496 0.57445331568146496 -0.70180464938939446 2.7755575615628901e-17 0.71236945056299894 0.4092229928660982 -0.81853734679767132 0.40315400780240568 
4 -157.33333333333334 38.75 -77.5 0 0 1 1 0 -0 -0 1 0 3.3460076502852165
4 -157.33333333333334 38.75 -38.75 0 0 1 1 0 -0 -0 1 0 3.3460076502852165
4 -118 38.75 -77.5 0 0 1 1 0 -0 -0 1 0 1.6730038251426083
4 -118 38.75 -38.75 0 0 1 1 0 -0 -0 1 0 2.4981002036589097
4 -157.33333333333334 38.75 0 0 0 1 1 0 -0 -0 1 0 3.3460076502852165
4 -118 38.75 0 0 0 1 1 0 -0 -0 1 0 2.6918674184801934
4 -157.33333333333334 38.75 38.75 0 0 1 1 0 -0 -0 1 0 3.3460076502852165
4 -118 38.75 38.75 0 0 1 1 0 -0 -0 1 0 2.4978099325270104
4 -157.33333333333334 38.75 77.5 0 0 1 1 0 -0 -0 1 0 3.3460076502852165
4 -118 38.75 77.5 0 0 1 1 0 -0 -0 1 0 1.6730038251426083
4 -137.66666666666666 58.125 -58.125 0 0 1 1 0 -0 -0 1 0 3.3460076502852165
4 -157.33333333333334 77.5 -77.5 0 0 1 1 0 -0 -0 1 0 3.3460076502852165
4 -157.33333333333334 77.5 -38.75 0 0 1 1 0 -0 -0 1 0 3.3460076502852165
4 -118 77.5 -77.5 0 0 1 1 0 -0 -0 1 0 3.3460076502852165
4 -118 77.5 -38.75 0 0 1 1 0 -0 -0 1 0 3.3460076502852165
4 -137.66666666666666 58.125 -19.375 0 0 1 1 0 -0 -0 1 0 3.3460076502852165
4 -157.33333333333334 77.5 0 0 0 1 1 0 -0 -0 1 0 3.3460076502852165
4 -118 77.5 0 0 0 1 1 0 -0 -0 1 0 3.3460076502852165
4 -137.66666666666666 58.125 19.375 0 0 1 1 0 -0 -0 1 0 3.3460076502852165
4 -157.33333333333334 77.5 38.75 0 0 1 1 0 -0 -0 1 0 3.3460076502852165
4 -118 77.5 38.75 0 0 1 1 0 -0 -0 1 0 3.3460076502852165
4 -137.66666666666666 58.125 58.125 0 0 1 1 0 -0 -0 1 0 3.3460076502852165
4 -157.33333333333334 77.5 77.5 0 0 1 1 0 -0 -0 1 0 3.3460076502852165
4 -118 77.5 77.5 0 0 1 1 0 -0 -0 1 0 3.3460076502852165
4 -78.666666666666671 38.75 -77.5 0 0 1 1 0 -0 -0 1 0 3.0841077333277136
4 -78.666666666666671 38.75 -38.75 0 0 1 1 0 -0 -0 1 0 3.3460076502852165
4 -78.666666666666671 38.75 0 0 0 1 1 0 -0 -0 1 0 3.3460076502852165
4 -78.666666666666671 38.75 38.75 0 0 1 1 0 -0 -0 1 0 3.3460076502852165
4 -78.666666666666671 38.75 77.5 0 0 1 1 0 -0 -0 1 0 3.0843249509475301
4 -98.333333333333343 58.125 -58.125 0 0 1 1 0 -0 -0 1 0 3.3460076502852165
4 -78.666666666666671 77.5 -77.5 0 0 1 1 0 -0 -0 1 0 1.6730038251426083
4 -78.666666666666671 77.5 -38.75 0 0 1 1 0 -0 -0 1 0 3.3460076502852165
4 -98.333333333333343 58.125 -19.375 0 0 1 1 0 -0 -0 1 0 3.3460076502852165
4 -78.666666666666671 77.5 0 0 0 1 1 0 -0 -0 1 0 3.3460076502852165
4 -98.333333333333343 58.125 19.375 0 0 1 1 0 -0 -0 1 0 3.3460076502852165
4 -78.666666666666671 77.5 38.75 0 0 1 1 0 -0 -0 1 0 3.3460076502852165
4 -98.333333333333343 58.125 58.125 0 0 1 1 0 -0 -0 1 0 3.3460076502852165
4 -78.666666666666671 77.5 77.5 0 0 1 1 0 -0 -0 1 0 1.6730038251426083
4 -39.333333333333343 38.75 -77.5 0 0 1 1 0 -0 -0 1 0 3.3460076502852165
4 -39.333333333333343 38.75 -38.75 0 0 1 1 0 -0 -0 1 0 3.3460076502852165
4 -59 19.375 -19.375 0 0 1 1 0 -0 -0 1 0 2.0923767561668036
4 -39.333333333333343 38.75 0 0 0 1 1 0 -0 -0 1 0 3.3460076502852165
4 -59 19.375 19.375 0 0 1 1 0 -0 -0 1 0 2.0929386407504169
4 -39.333333333333343 38.75 38.75 0 0 1 1 0 -0 -0 1 0 3.3460076502852165
4 -39.333333333333343 38.75 77.5 0 0 1 1 0 -0 -0 1 0 3.3460076502852165
4 -59 58.125 -58.125 0 0 1 1 0 -0 -0 1 0 3.3460076502852165
4 -39.333333333333343 77.5 -38.75 0 0 1 1 0 -0 -0 1 0 1.731409265622893
4 -59 58.125 -19.375 0 0 1 1 0 -0 -0 1 0 3.3460076502852165
4 -39.333333333333343 77.5 0 0 0 1 1 0 -0 -0 1 0 3.1406656888766711
4 -59 58.125 19.375 0 0 1 1 0 -0 -0 1 0 3.3460076502852165
4 -39.333333333333343 77.5 38.75 0 0 1 1 0 -0 -0 1 0 1.733403682075628
4 -59 58.125 58.125 0 0 1 1 0 -0 -0 1 0 3.3460076502852165
4 0 0 0 0 0 1 1 0 -0 -0 1 0 2.7316756261759099
4 -19.666666666666686 19.375 -58.125 0 0 1 1 0 -0 -0 1 0 2.5039540660842858
4 0 38.75 -77.5 0 0 1 1 0 -0 -0 1 0 2.2933810220712796
4 0 38.75 -38.75 0 0 1 1 0 -0 -0 1 0 3.3460076502852165
4 -19.666666666666686 19.375 -19.375 0 0 1 1 0 -0 -0 1 0 3.3460076502852165
4 0 38.75 0 0 0 1 1 0 -0 -0 1 0 3.3460076502852165
4 -19.666666666666686 19.375 19.375 0 0 1 1 0 -0 -0 1 0 3.3460076502852165
4 0 38.75 38.75 0 0 1 1 0 -0 -0 1 0 3.3460076502852165
4 -19.666666666666686 19.375 58.125 0 0 1 1 0 -0 -0 1 0 2.5037839406638009
4 0 38.75 77.5 0 0 1 1 0 -0 -0 1 0 2.2958961382714205
4 -19.666666666666686 58.125 -58.125 0 0 1 1 0 -0 -0 1 0 3.2839667002754847
4 -19.666666666666686 58.125 -19.375 0 0 1 1 0 -0 -0 1 0 3.3460076502852165
4 -19.666666666666686 58.125 19.375 0 0 1 1 0 -0 -0 1 0 3.3460076502852165
4 -19.666666666666686 58.125 58.125 0 0 1 1 0 -0 -0 1 0 3.284062887857877
4 39.333333333333314 0 -38.75 0 0 1 1 0 -0 -0 1 0 3.3460076502852165
4 39.333333333333314 0 0 0 0 1 1 0 -0 -0 1 0 3.3460076502852165
4 39.333333333333314 0 38.75 0 0 1 1 0 -0 -0 1 0 3.3460076502852165
4 19.666666666666657 19.375 -58.125 0 0 1 1 0 -0 -0 1 0 3.3460076502852165
4 39.333333333333314 38.75 -38.75 0 0 1 1 0 -0 -0 1 0 3.3460076502852165
4 19.666666666666657 19.375 -19.375 0 0 1 1 0 -0 -0 1 0 3.3460076502852165
4 39.333333333333314 38.75 0 0 0 1 1 0 -0 -0 1 0 3.3460076502852165
4 19.666666666666657 19.375 19.375 0 0 1 1 0 -0 -0 1 0 3.3460076502852165
4 39.333333333333314 38.75 38.75 0 0 1 1 0 -0 -0 1 0 3.3460076502852165
4 19.666666666666657 19.375 58.125 0 0 1 1 0 -0 -0 1 0 3.3460076502852165
4 19.666666666666657 58.125 -58.125 0 0 1 1 0 -0 -0 1 0 1.902816746881214
4 19.666666666666657 58.125 -19.375 0 0 1 1 0 -0 -0 1 0 3.3460076502852165
4 19.666666666666657 58.125 19.375 0 0 1 1 0 -0 -0 1 0 3.3460076502852165
4 19.666666666666657 58.125 58.125 0 0 1 1 0 -0 -0 1 0 1.9031675860672392
4 78.666666666666657 0 -38.75 0 0 1 1 0 -0 -0 1 0 3.3460076502852165
4 59 -19.375 -19.375 0 0 1 1 0 -0 -0 1 0 2.416552456920523
4 78.666666666666657 0 0 0 0 1 1 0 -0 -0 1 0 3.3460076502852165
4 59 -19.375 19.375 0 0 1 1 0 -0 -0 1 0 2.4178540666978439
4 78.666666666666657 0 38.75 0 0 1 1 0 -0 -0 1 0 3.3460076502852165
4 59 19.375 -58.125 0 0 1 1 0 -0 -0 1 0 3.3460076502852165
4 78.666666666666657 38.75 -38.75 0 0 1 1 0 -0 -0 1 0 3.3460076502852165
4 59 19.375 -19.375 0 0 1 1 0 -0 -0 1 0 3.3460076502852165
4 78.666666666666657 38.75 0 0 0 1 1 0 -0 -0 1 0 3.3460076502852165
4 59 19.375 19.375 0 0 1 1 0 -0 -0 1 0 3.3460076502852165
4 78.666666666666657 38.75 38.75 0 0 1 1 0 -0 -0 1 0 3.3460076502852165
4 59 19.375 58.125 0 0 1 1 0 -0 -0 1 0 3.3460076502852165
4 59 58.125 -19.375 0 0 1 1 0 -0 -0 1 0 2.5424034013148038
4 59 58.125 19.375 0 0 1 1 0 -0 -0 1 0 2.5425564235393572
4 118 -38.75 -38.75 0 0 1 1 0 -0 -0 1 0 3.3460076502852165
4 118 -38.75 0 0 0 1 1 0 -0 -0 1 0 3.3460076502852165
4 118 -38.75 38.75 0 0 1 1 0 -0 -0 1 0 3.3460076502852165
4 98.333333333333314 -19.375 -58.125 0 0 1 1 0 -0 -0 1 0 2.7290231686046762
4 118 0 -38.75 0 0 1 1 0 -0 -0 1 0 3.3460076502852165
4 98.333333333333314 -19.375 -19.375 0 0 1 1 0 -0 -0 1 0 3.3460076502852165
4 118 0 0 0 0 1 1 0 -0 -0 1 0 1.6730038251426083
4 98.333333333333314 -19.375 19.375 0 0 1 1 0 -0 -0 1 0 3.3460076502852165
4 118 0 38.75 0 0 1 1 0 -0 -0 1 0 3.3460076502852165
4 98.333333333333314 -19.375 58.125 0 0 1 1 0 -0 -0 1 0 2.7304896584035085
4 98.333333333333314 19.375 -58.125 0 0 1 1 0 -0 -0 1 0 3.1739237482808642
4 118 38.75 -38.75 0 0 1 1 0 -0 -0 1 0 3.3460076502852165
4 98.333333333333314 19.375 -19.375 0 0 1 1 0 -0 -0 1 0 3.0192804689740775
4 118 38.75 0 0 0 1 1 0 -0 -0 1 0 3.3460076502852165
4 98.333333333333314 19.375 19.375 0 0 1 1 0 -0 -0 1 0 3.0066134076011086
4 118 38.75 38.75 0 0 1 1 0 -0 -0 1 0 3.3460076502852165
4 98.333333333333314 19.375 58.125 0 0 1 1 0 -0 -0 1 0 3.1763608308751499
4 98.333333333333314 58.125 -58.125 0 0 1 1 0 -0 -0 1 0 1.6730038251426083
4 98.333333333333314 58.125 -19.375 0 0 1 1 0 -0 -0 1 0 2.4961264269509011
4 98.333333333333314 58.125 19.375 0 0 1 1 0 -0 -0 1 0 2.4970548832672614
4 98.333333333333314 58.125 58.125 0 0 1 1 0 -0 -0 1 0 1.6730038251426083
4 137.66666666666663 -58.125 -58.125 0 0 1 1 0 -0 -0 1 0 3.3460076502852165
4 157.33333333333331 -77.5 -77.5 0 0 1 1 0 -0 -0 1 0 3.3460076502852165
4 157.33333333333331 -77.5 -38.75 0 0 1 1 0 -0 -0 1 0 3.3460076502852165
4 157.33333333333331 -38.75 -77.5 0 0 1 1 0 -0 -0 1 0 3.3460076502852165
4 157.33333333333331 -38.75 -38.75 0 0 1 1 0 -0 -0 1 0 3.3460076502852165
4 137.66666666666663 -58.125 -19.375 0 0 1 1 0 -0 -0 1 0 2.9769762133212465
4 157.33333333333331 -77.5 0 0 0 1 1 0 -0 -0 1 0 3.3460076502852165
4 157.33333333333331 -38.75 0 0 0 1 1 0 -0 -0 1 0 3.3460076502852165
4 137.66666666666663 -58.125 19.375 0 0 1 1 0 -0 -0 1 0 2.9767714889138874
4 157.33333333333331 -77.5 38.75 0 0 1 1 0 -0 -0 1 0 3.3460076502852165
4 157.33333333333331 -38.75 38.75 0 0 1 1 0 -0 -0 1 0 3.3460076502852165
4 137.66666666666663 -58.125 58.125 0 0 1 1 0 -0 -0 1 0 3.3460076502852165
4 157.33333333333331 -77.5 77.5 0 0 1 1 0 -0 -0 1 0 3.3460076502852165
4 157.33333333333331 -38.75 77.5 0 0 1 1 0 -0 -0 1 0 3.3460076502852165
4 137.66666666666663 -19.375 -58.125 0 0 1 1 0 -0 -0 1 0 3.3460076502852165
4 157.33333333333331 0 -77.5 0 0 1 1 0 -0 -0 1 0 3.3460076502852165
4 157.33333333333331 0 -38.75 0 0 1 1 0 -0 -0 1 0 3.3460076502852165
4 137.66666666666663 -19.375 -19.375 0 0 1 1 0 -0 -0 1 0 3.3460076502852165
4 157.33333333333331 0 0 0 0 1 1 0 -0 -0 1 0 3.3460076502852165
4 137.66666666666663 -19.375 19.375 0 0 1 1 0 -0 -0 1 0 3.3460076502852165
4 157.33333333333331 0 38.75 0 0 1 1 0 -0 -0 1 0 3.3460076502852165
4 137.66666666666663 -19.375 58.125 0 0 1 1 0 -0 -0 1 0 3.3460076502852165
4 157.33333333333331 0 77.5 0 0 1 1 0 -0 -0 1 0 3.3460076502852165
4 137.66666666666663 19.375 -58.125 0 0 1 1 0 -0 -0 1 0 3.3460076502852165
4 157.33333333333331 38.75 -77.5 0 0 1 1 0 -0 -0 1 0 3.3460076502852165
4 157.33333333333331 38.75 -38.75 0 0 1 1 0 -0 -0 1 0 3.3460076502852165
4 137.66666666666663 19.375 -19.375 0 0 1 1 0 -0 -0 1 0 1.9444226359171066
4 157.33333333333331 38.75 0 0 0 1 1 0 -0 -0 1 0 3.3460076502852165
4 137.66666666666663 19.375 19.375 0 0 1 1 0 -0 -0 1 0 1.928820840744113
4 157.33333333333331 38.75 38.75 0 0 1 1 0 -0 -0 1 0 3.3460076502852165
4 137.66666666666663 19.375 58.125 0 0 1 1 0 -0 -0 1 0 3.3460076502852165
4 157.33333333333331 38.75 77.5 0 0 1 1 0 -0 -0 1 0 3.3460076502852165
4 137.66666666666663 58.125 -58.125 0 0 1 1 0 -0 -0 1 0 3.3460076502852165
4 157.33333333333331 77.5 -77.5 0 0 1 1 0 -0 -0 1 0 3.3460076502852165
4 157.33333333333331 77.5 -38.75 0 0 1 1 0 -0 -0 1 0 3.3460076502852165
4 137.66666666666663 58.125 -19.375 0 0 1 1 0 -0 -0 1 0 3.3460076502852165
4 157.33333333333331 77.5 0 0 0 1 1 0 -0 -0 1 0 3.3460076502852165
4 137.66666666666663 58.125 19.375 0 0 1 1 0 -0 -0 1 0 3.3460076502852165
4 157.33333333333331 77.5 38.75 0 0 1 1 0 -0 -0 1 0 3.3460076502852165
4 137.66666666666663 58.125 58.125 0 0 1 1 0 -0 -0 1 0 3.3460076502852165
4 157.33333333333331 77.5 77.5 0 0 1 1 0 -0 -0 1 0 3.3460076502852165
1 -160 -80 -80 1 0 -0 0 0 1 0 -1 0 
1 -160 -80 -80 -0 1 0 0 0 1 1 0 -0 
1 -160 -80 80 0 0 1 1 0 -0 -0 1 0 
1 -160 80 -80 -0 1 0 0 0 1 1 0 -0 
1 -160 -80 -80 0 0 1 1 0 -0 -0 1 0 
1 -149.78254090141928 -80 -80 1 0 -0 0 0 1 0 -1 0 
1 149.78254090141934 -80 -80 1 0 -0 0 0 1 0 -1 0 
1 149.78254090141934 -80 -80 -0 1 0 0 0 1 1 0 -0 
1 149.78254090141934 -80 80 0 0 1 1 0 -0 -0 1 0 
1 149.78254090141934 80 -80 -0 1 0 0 0 1 1 0 -0 
1 149.78254090141934 -80 -80 0 0 1 1 0 -0 -0 1 0 
1 160 -80 -80 1 0 -0 0 0 1 0 -1 0 
Triangulations 0

TShapes 6049
Ve
1e-07
-140.014910392529 58.125 -55.7414063685867
0 0

0101101
*
Ed
 1e-07 1 1 0
1  1 0 0 6.28318530717959
2  1 1 0 0 6.28318530717959
2  2 2 0 0 6.28318530717959
0

0101000
+6049 0 -6049 0 *
Ve
1e-07
-159.681577059196 38.75 -75.1164063685867
0 0

0101101
*
Ed
 1e-07 1 1 0
1  2 0 0 33.7277189827266
3  3 4CN 1 0 0 33.7277189827266
0

0101000
-6049 0 +6047 0 *
Ed
 1e-07 1 1 0
1  3 0 0 6.28318530717959
2  5 1 0 0 6.28318530717959
2  6 3 0 0 6.28318530717959
0

0101000
+6047 0 -6047 0 *
Wi

0101100
-6048 0 +6046 0 +6045 0 -6046 0 *
Fa
0  1e-07 1 0

0111000
+6044 0 *
Wi

0101100
+6048 0 *
Fa
0  1e-07 2 0

0111000
+6042 0 *
Wi

0101100
-6045 0 *
Fa
0  1e-07 3 0

0111000
-6040 0 *
Sh

0101100
+6043 0 +6041 0 -6039 0 *
So

0100000
+6038 0 *
Ve
1e-07
-135.318422940804 58.125 -55.7414063685867
0 0

0101101
*
Ed
 1e-07 1 1 0
1  4 0 0 6.28318530717959
2  7 4 0 0 6.28318530717959
2  8 5 0 0 6.28318530717959
0

0101000
+6036 0 -6036 0 *
Ve
1e-07
-154.985089607471 38.75 -36.3664063685867
0 0

0101101
*
Ed
 1e-07 1 1 0
1  5 0 0 33.7277189827266
3  9 10CN 4 0 0 33.7277189827266
0

0101000
-6036 0 +6034 0 *
Ed
 1e-07 1 1 0
1  6 0 0 6.28318530717959
2  11 4 0 0 6.28318530717959
2  12 6 0 0 6.28318530717959
0

0101000
+6034 0 -6034 0 *
Wi

0101100
-6035 0 +6033 0 +6032 0 -6033 0 *
Fa
0  1e-07 4 0

0111000
+6031 0 *
Wi

0101100
+6035 0 *
Fa
0  1e-07 5 0

0111000
+6029 0 *
Wi

0101100
-6032 0 *
Fa
0  1e-07 6 0

0111000
-6027 0 *
Sh

0101100
+6030 0 +6028 0 -6026 0 *
So

0100000
+6025 0 *
Ve
1e-07
-140.014910392529 58.125 -16.9914063685867
0 0

0101101
*
Ed
 1e-07 1 1 0
1  7 0 0 6.28318530717959
2  13 7 0 0 6.28318530717959
2  14 8 0 0 6.28318530717959
0

0101000
+6023 0 -6023 0 *
Ve
1e-07
-159.681577059196 38.75 -36.3664063685867
0 0

0101101
*
Ed
 1e-07 1 1 0
1  8 0 0 33.7277189827266
3  15 16CN 7 0 0 33.7277189827266
0

0101000
-6023 0 +6021 0 *
Ed
 1e-07 1 1 0
1  9 0 0 6.28318530717959
2  17 7 0 0 6.28318530717959
2  18 9 0 0 6.28318530717959
0

0101000
+6021 0 -6021 0 *
Wi

0101100
-6022 0 +6020 0 +6019 0 -6020 0 *
Fa
0  1e-07 7 0

0111000
+6018 0 *
Wi

0101100
+6022 0 *
Fa
0  1e-07 8 0

0111000
+6016 0 *
Wi

0101100
-6019 0 *
Fa
0  1e-07 9 0

0111000
-6014 0 *
Sh

0101100
+6017 0 +6015 0 -6013 0 *
So

0100000
+6012 0 *
Ve
1e-07
-140.014910392529 58.125 -60.5085936314133
0 0

0101101
*
Ed
 1e-07 1 1 0
1  10 0 0 6.28318530717959
2  19 10 0 0 6.28318530717959
2  20 11 0 0 6.28318530717959
0

0101000
+6010 0 -6010 0 *
Ve
1e-07
-119.174121862931 38.75 -78.6917968157066
0 0

0101101
*
Ed
 1e-07 1 1 0
1  11 0 0 33.7691866881143
3  21 22CN 10 0 0 33.7691866881143
0

0101000
-6010 0 +6008 0 *
Ed
 1e-07 1 1 0
1  12 0 0 6.28318530717959
2  23 10 0 0 6.28318530717959
2  24 12 0 0 6.28318530717959
0

0101000
+6008 0 -6008 0 *
Wi

0101100
-6009 0 +6007 0 +6006 0 -6007 0 *
Fa
0  1e-07 10 0

0111000
+6005 0 *
Wi

0101100
+6009 0 *
Fa
0  1e-07 11 0

0111000
+6003 0 *
Wi

0101100
-6006 0 *
Fa
0  1e-07 12 0

0111000
-6001 0 *
Sh

0101100
+6004 0 +6002 0 -6000 0 *
So

0100000
+5999 0 *
Ve
1e-07
-100.681577059196 58.125 -55.7414063685867
0 0

0101101
*
Ed
 1e-07 1 1 0
1  13 0 0 6.28318530717959
2  25 13 0 0 6.28318530717959
2  26 14 0 0 6.28318530717959
0

0101000
+5997 0 -5997 0 *
Ve
1e-07
-119.174121862931 38.75 -76.3082031842934
0 0

0101101
*
Ed
 1e-07 1 1 0
1  14 0 0 33.7691866881143
3  27 28CN 13 0 0 33.7691866881143
0

0101000
-5997 0 +5995 0 *
Ed
 1e-07 1 1 0
1  15 0 0 6.28318530717959
2  29 13 0 0 6.28318530717959
2  30 15 0 0 6.28318530717959
0

0101000
+5995 0 -5995 0 *
Wi

0101100
-5996 0 +5994 0 +5993 0 -5994 0 *
Fa
0  1e-07 13 0

0111000
+5992 0 *
Wi

0101100
+5996 0 *
Fa
0  1e-07 14 0

0111000
+5990 0 *
Wi

0101100
-5993 0 *
Fa
0  1e-07 15 0

0111000
-5988 0 *
Sh

0101100
+5991 0 +5989 0 -5987 0 *
So

0100000
+5986 0 *
Ve
1e-07
-135.318422940804 58.125 -60.5085936314133
0 0

0101101
*
Ed
 1e-07 1 1 0
1  16 0 0 6.28318530717959
2  31 16 0 0 6.28318530717959
2  32 17 0 0 6.28318530717959
0

0101000
+5984 0 -5984 0 *
Ve
1e-07
-116.246821662432 38.75 -40.5295702695318
0 0

0101101
*
Ed
 1e-07 1 1 0
1  17 0 0 33.7383754027342
3  33 34CN 16 0 0 33.7383754027342
0

0101000
-5984 0 +5982 0 *
Ed
 1e-07 1 1 0
1  18 0 0 6.28318530717959
2  35 16 0 0 6.28318530717959
2  36 18 0 0 6.28318530717959
0

0101000
+5982 0 -5982 0 *
Wi

0101100
-5983 0 +5981 0 +5980 0 -5981 0 *
Fa
0  1e-07 16 0

0111000
+5979 0 *
Wi

0101100
+5983 0 *
Fa
0  1e-07 17 0

0111000
+5977 0 *
Wi

0101100
-5980 0 *
Fa
0  1e-07 18 0

0111000
-5975 0 *
Sh

0101100
+5978 0 +5976 0 -5974 0 *
So

0100000
+5973 0 *
Ve
1e-07
-140.014910392529 58.125 -21.7585936314133
0 0

0101101
*
Ed
 1e-07 1 1 0
1  19 0 0 6.28318530717959
2  37 19 0 0 6.28318530717959
2  38 20 0 0 6.28318530717959
0

0101000
+5971 0 -5971 0 *
Ve
1e-07
-119.753178337568 38.75 -40.5295702695318
0 0

0101101
*
Ed
 1e-07 1 1 0
1  20 0 0 33.7383754027342
3  39 40CN 19 0 0 33.7383754027342
0

0101000
-5971 0 +5969 0 *
Ed
 1e-07 1 1 0
1  21 0 0 6.28318530717959
2  41 19 0 0 6.28318530717959
2  42 21 0 0 6.28318530717959
0

0101000
+5969 0 -5969 0 *
Wi

0101100
-5970 0 +5968 0 +5967 0 -5968 0 *
Fa
0  1e-07 19 0

0111000
+5966 0 *
Wi

0101100
+5970 0 *
Fa
0  1e-07 20 0

0111000
+5964 0 *
Wi

0101100
-5967 0 *
Fa
0  1e-07 21 0

0111000
-5962 0 *
Sh

0101100
+5965 0 +5963 0 -5961 0 *
So

0100000
+5960 0 *
Ve
1e-07
-95.9850896074707 58.125 -55.7414063685867
0 0

0101101
*
Ed
 1e-07 1 1 0
1  22 0 0 6.28318530717959
2  43 22 0 0 6.28318530717959
2  44 23 0 0 6.28318530717959
0

0101000
+5958 0 -5958 0 *
Ve
1e-07
-116.246821662432 38.75 -36.9704297304682
0 0

0101101
*
Ed
 1e-07 1 1 0
1  23 0 0 33.7383754027342
3  45 46CN 22 0 0 33.7383754027342
0

0101000
-5958 0 +5956 0 *
Ed
 1e-07 1 1 0
1  24 0 0 6.28318530717959
2  47 22 0 0 6.28318530717959
2  48 24 0 0 6.28318530717959
0

0101000
+5956 0 -5956 0 *
Wi

0101100
-5957 0 +5955 0 +5954 0 -5955 0 *
Fa
0  1e-07 22 0

0111000
+5953 0 *
Wi

0101100
+5957 0 *
Fa
0  1e-07 23 0

0111000
+5951 0 *
Wi

0101100
-5954 0 *
Fa
0  1e-07 24 0

0111000
-5949 0 *
Sh

0101100
+5952 0 +5950 0 -5948 0 *
So

0100000
+5947 0 *
Ve
1e-07
-100.681577059196 58.125 -16.9914063685867
0 0

0101101
*
Ed
 1e-07 1 1 0
1  25 0 0 6.28318530717959
2  49 25 0 0 6.28318530717959
2  50 26 0 0 6.28318530717959
0

0101000
+5945 0 -5945 0 *
Ve
1e-07
-119.753178337568 38.75 -36.9704297304682
0 0

0101101
*
Ed
 1e-07 1 1 0
1  26 0 0 33.7383754027342
3  51 52CN 25 0 0 33.7383754027342
0

0101000
-5945 0 +5943 0 *
Ed
 1e-07 1 1 0
1  27 0 0 6.28318530717959
2  53 25 0 0 6.28318530717959
2  54 27 0 0 6.28318530717959
0

0101000
+5943 0 -5943 0 *
Wi

0101100
-5944 0 +5942 0 +5941 0 -5942 0 *
Fa
0  1e-07 25 0

0111000
+5940 0 *
Wi

0101100
+5944 0 *
Fa
0  1e-07 26 0

0111000
+5938 0 *
Wi

0101100
-5941 0 *
Fa
0  1e-07 27 0

0111000
-5936 0 *
Sh

0101100
+5939 0 +5937 0 -5935 0 *
So

0100000
+5934 0 *
Ve
1e-07
-135.318422940804 58.125 -16.9914063685867
0 0

0101101
*
Ed
 1e-07 1 1 0
1  28 0 0 6.28318530717959
2  55 28 0 0 6.28318530717959
2  56 29 0 0 6.28318530717959
0

0101000
+5932 0 -5932 0 *
Ve
1e-07
-154.985089607471 38.75 2.38359363141327
0 0

0101101
*
Ed
 1e-07 1 1 0
1  29 0 0 33.7277189827266
3  57 58CN 28 0 0 33.7277189827266
0

0101000
-5932 0 +5930 0 *
Ed
 1e-07 1 1 0
1  30 0 0 6.28318530717959
2  59 28 0 0 6.28318530717959
2  60 30 0 0 6.28318530717959
0

0101000
+5930 0 -5930 0 *
Wi

0101100
-5931 0 +5929 0 +5928 0 -5929 0 *
Fa
0  1e-07 28 0

0111000
+5927 0 *
Wi

0101100
+5931 0 *
Fa
0  1e-07 29 0

0111000
+5925 0 *
Wi

0101100
-5928 0 *
Fa
0  1e-07 30 0

0111000
-5923 0 *
Sh

0101100
+5926 0 +5924 0 -5922 0 *
So

0100000
+5921 0 *
Ve
1e-07
-140.014910392529 58.125 21.7585936314133
0 0

0101101
*
Ed
 1e-07 1 1 0
1  31 0 0 6.28318530717959
2  61 31 0 0 6.28318530717959
2  62 32 0 0 6.28318530717959
0

0101000
+5919 0 -5919 0 *
Ve
1e-07
-159.681577059196 38.75 2.38359363141327
0 0

0101101
*
Ed
 1e-07 1 1 0
1  32 0 0 33.7277189827266
3  63 64CN 31 0 0 33.7277189827266
0

0101000
-5919 0 +5917 0 *
Ed
 1e-07 1 1 0
1  33 0 0 6.28318530717959
2  65 31 0 0 6.28318530717959
2  66 33 0 0 6.28318530717959
0

0101000
+5917 0 -5917 0 *
Wi

0101100
-5918 0 +5916 0 +5915 0 -5916 0 *
Fa
0  1e-07 31 0

0111000
+5914 0 *
Wi

0101100
+5918 0 *
Fa
0  1e-07 32 0

0111000
+5912 0 *
Wi

0101100
-5915 0 *
Fa
0  1e-07 33 0

0111000
-5910 0 *
Sh

0101100
+5913 0 +5911 0 -5909 0 *
So

0100000
+5908 0 *
Ve
1e-07
-135.318422940804 58.125 -21.7585936314133
0 0

0101101
*
Ed
 1e-07 1 1 0
1  34 0 0 6.28318530717959
2  67 34 0 0 6.28318530717959
2  68 35 0 0 6.28318530717959
0

0101000
+5906 0 -5906 0 *
Ve
1e-07
-116.110834930171 38.75 -1.91760411389117
0 0

0101101
*
Ed
 1e-07 1 1 0
1  35 0 0 33.7340618251144
3  69 70CN 34 0 0 33.7340618251144
0

0101000
-5906 0 +5904 0 *
Ed
 1e-07 1 1 0
1  36 0 0 6.28318530717959
2  71 34 0 0 6.28318530717959
2  72 36 0 0 6.28318530717959
0

0101000
+5904 0 -5904 0 *
Wi

0101100
-5905 0 +5903 0 +5902 0 -5903 0 *
Fa
0  1e-07 34 0

0111000
+5901 0 *
Wi

0101100
+5905 0 *
Fa
0  1e-07 35 0

0111000
+5899 0 *
Wi

0101100
-5902 0 *
Fa
0  1e-07 36 0

0111000
-5897 0 *
Sh

0101100
+5900 0 +5898 0 -5896 0 *
So

0100000
+5895 0 *
Ve
1e-07
-140.014910392529 58.125 16.9914063685867
0 0

0101101
*
Ed
 1e-07 1 1 0
1  37 0 0 6.28318530717959
2  73 37 0 0 6.28318530717959
2  74 38 0 0 6.28318530717959
0

0101000
+5893 0 -5893 0 *
Ve
1e-07
-119.889165069829 38.75 -1.91760411389117
0 0

0101101
*
Ed
 1e-07 1 1 0
1  38 0 0 33.7340618251144
3  75 76CN 37 0 0 33.7340618251144
0

0101000
-5893 0 +5891 0 *
Ed
 1e-07 1 1 0
1  39 0 0 6.28318530717959
2  77 37 0 0 6.28318530717959
2  78 39 0 0 6.28318530717959
0

0101000
+5891 0 -5891 0 *
Wi

0101100
-5892 0 +5890 0 +5889 0 -5890 0 *
Fa
0  1e-07 37 0

0111000
+5888 0 *
Wi

0101100
+5892 0 *
Fa
0  1e-07 38 0

0111000
+5886 0 *
Wi

0101100
-5889 0 *
Fa
0  1e-07 39 0

0111000
-5884 0 *
Sh

0101100
+5887 0 +5885 0 -5883 0 *
So

0100000
+5882 0 *
Ve
1e-07
-95.9850896074707 58.125 -16.9914063685867
0 0

0101101
*
Ed
 1e-07 1 1 0
1  40 0 0 6.28318530717959
2  79 40 0 0 6.28318530717959
2  80 41 0 0 6.28318530717959
0

0101000
+5880 0 -5880 0 *
Ve
1e-07
-116.110834930171 38.75 1.91760411389117
0 0

0101101
*
Ed
 1e-07 1 1 0
1  41 0 0 33.7340618251144
3  81 82CN 40 0 0 33.7340618251144
0

0101000
-5880 0 +5878 0 *
Ed
 1e-07 1 1 0
1  42 0 0 6.28318530717959
2  83 40 0 0 6.28318530717959
2  84 42 0 0 6.28318530717959
0

0101000
+5878 0 -5878 0 *
Wi

0101100
-5879 0 +5877 0 +5876 0 -5877 0 *
Fa
0  1e-07 40 0

0111000
+5875 0 *
Wi

0101100
+5879 0 *
Fa
0  1e-07 41 0

0111000
+5873 0 *
Wi

0101100
-5876 0 *
Fa
0  1e-07 42 0

0111000
-5871 0 *
Sh

0101100
+5874 0 +5872 0 -5870 0 *
So

0100000
+5869 0 *
Ve
1e-07
-100.681577059196 58.125 21.7585936314133
0 0

0101101
*
Ed
 1e-07 1 1 0
1  43 0 0 6.28318530717959
2  85 43 0 0 6.28318530717959
2  86 44 0 0 6.28318530717959
0

0101000
+5867 0 -5867 0 *
Ve
1e-07
-119.889165069829 38.75 1.91760411389117
0 0

0101101
*
Ed
 1e-07 1 1 0
1  44 0 0 33.7340618251144
3  87 88CN 43 0 0 33.7340618251144
0

0101000
-5867 0 +5865 0 *
Ed
 1e-07 1 1 0
1  45 0 0 6.28318530717959
2  89 43 0 0 6.28318530717959
2  90 45 0 0 6.28318530717959
0

0101000
+5865 0 -5865 0 *
Wi

0101100
-5866 0 +5864 0 +5863 0 -5864 0 *
Fa
0  1e-07 43 0

0111000
+5862 0 *
Wi

0101100
+5866 0 *
Fa
0  1e-07 44 0

0111000
+5860 0 *
Wi

0101100
-5863 0 *
Fa
0  1e-07 45 0

0111000
-5858 0 *
Sh

0101100
+5861 0 +5859 0 -5857 0 *
So

0100000
+5856 0 *
Ve
1e-07
-135.318422940804 58.125 21.7585936314133
0 0

0101101
*
Ed
 1e-07 1 1 0
1  46 0 0 6.28318530717959
2  91 46 0 0 6.28318530717959
2  92 47 0 0 6.28318530717959
0

0101000
+5854 0 -5854 0 *
Ve
1e-07
-154.985089607471 38.75 41.1335936314133
0 0

0101101
*
Ed
 1e-07 1 1 0
1  47 0 0 33.7277189827266
3  93 94CN 46 0 0 33.7277189827266
0

0101000
-5854 0 +5852 0 *
Ed
 1e-07 1 1 0
1  48 0 0 6.28318530717959
2  95 46 0 0 6.28318530717959
2  96 48 0 0 6.28318530717959
0

0101000
+5852 0 -5852 0 *
Wi

0101100
-5853 0 +5851 0 +5850 0 -5851 0 *
Fa
0  1e-07 46 0

0111000
+5849 0 *
Wi

0101100
+5853 0 *
Fa
0  1e-07 47 0

0111000
+5847 0 *
Wi

0101100
-5850 0 *
Fa
0  1e-07 48 0

0111000
-5845 0 *
Sh

0101100
+5848 0 +5846 0 -5844 0 *
So

0100000
+5843 0 *
Ve
1e-07
-140.014910392529 58.125 60.5085936314133
0 0

0101101
*
Ed
 1e-07 1 1 0
1  49 0 0 6.28318530717959
2  97 49 0 0 6.28318530717959
2  98 50 0 0 6.28318530717959
0

0101000
+5841 0 -5841 0 *
Ve
1e-07
-159.681577059196 38.75 41.1335936314133
0 0

0101101
*
Ed
 1e-07 1 1 0
1  50 0 0 33.7277189827266
3  99 100CN 49 0 0 33.7277189827266
0

0101000
-5841 0 +5839 0 *
Ed
 1e-07 1 1 0
1  51 0 0 6.28318530717959
2  101 49 0 0 6.28318530717959
2  102 51 0 0 6.28318530717959
0

0101000
+5839 0 -5839 0 *
Wi

0101100
-5840 0 +5838 0 +5837 0 -5838 0 *
Fa
0  1e-07 49 0

0111000
+5836 0 *
Wi

0101100
+5840 0 *
Fa
0  1e-07 50 0

0111000
+5834 0 *
Wi

0101100
-5837 0 *
Fa
0  1e-07 51 0

0111000
-5832 0 *
Sh

0101100
+5835 0 +5833 0 -5831 0 *
So

0100000
+5830 0 *
Ve
1e-07
-135.318422940804 58.125 16.9914063685867
0 0

0101101
*
Ed
 1e-07 1 1 0
1  52 0 0 6.28318530717959
2  103 52 0 0 6.28318530717959
2  104 53 0 0 6.28318530717959
0

0101000
+5828 0 -5828 0 *
Ve
1e-07
-116.247025376062 38.75 36.9706365107549
0 0

0101101
*
Ed
 1e-07 1 1 0
1  53 0 0 33.7383826990297
3  105 106CN 52 0 0 33.7383826990297
0

0101000
-5828 0 +5826 0 *
Ed
 1e-07 1 1 0
1  54 0 0 6.28318530717959
2  107 52 0 0 6.28318530717959
2  108 54 0 0 6.28318530717959
0

0101000
+5826 0 -5826 0 *
Wi

0101100
-5827 0 +5825 0 +5824 0 -5825 0 *
Fa
0  1e-07 52 0

0111000
+5823 0 *
Wi

0101100
+5827 0 *
Fa
0  1e-07 53 0

0111000
+5821 0 *
Wi

0101100
-5824 0 *
Fa
0  1e-07 54 0

0111000
-5819 0 *
Sh

0101100
+5822 0 +5820 0 -5818 0 *
So

0100000
+5817 0 *
Ve
1e-07
-140.014910392529 58.125 55.7414063685867
0 0

0101101
*
Ed
 1e-07 1 1 0
1  55 0 0 6.28318530717959
2  109 55 0 0 6.28318530717959
2  110 56 0 0 6.28318530717959
0

0101000
+5815 0 -5815 0 *
Ve
1e-07
-119.752974623938 38.75 36.9706365107549
0 0

0101101
*
Ed
 1e-07 1 1 0
1  56 0 0 33.7383826990297
3  111 112CN 55 0 0 33.7383826990297
0

0101000
-5815 0 +5813 0 *
Ed
 1e-07 1 1 0
1  57 0 0 6.28318530717959
2  113 55 0 0 6.28318530717959
2  114 57 0 0 6.28318530717959
0

0101000
+5813 0 -5813 0 *
Wi

0101100
-5814 0 +5812 0 +5811 0 -5812 0 *
Fa
0  1e-07 55 0

0111000
+5810 0 *
Wi

0101100
+5814 0 *
Fa
0  1e-07 56 0

0111000
+5808 0 *
Wi

0101100
-5811 0 *
Fa
0  1e-07 57 0

0111000
-5806 0 *
Sh

0101100
+5809 0 +5807 0 -5805 0 *
So

0100000
+5804 0 *
Ve
1e-07
-95.9850896074707 58.125 21.7585936314133
0 0

0101101
*
Ed
 1e-07 1 1 0
1  58 0 0 6.28318530717959
2  115 58 0 0 6.28318530717959
2  116 59 0 0 6.28318530717959
0

0101000
+5802 0 -5802 0 *
Ve
1e-07
-116.247025376062 38.75 40.5293634892451
0 0

0101101
*
Ed
 1e-07 1 1 0
1  59 0 0 33.7383826990297
3  117 118CN 58 0 0 33.7383826990297
0

0101000
-5802 0 +5800 0 *
Ed
 1e-07 1 1 0
1  60 0 0 6.28318530717959
2  119 58 0 0 6.28318530717959
2  120 60 0 0 6.28318530717959
0

0101000
+5800 0 -5800 0 *
Wi

0101100
-5801 0 +5799 0 +5798 0 -5799 0 *
Fa
0  1e-07 58 0

0111000
+5797 0 *
Wi

0101100
+5801 0 *
Fa
0  1e-07 59 0

0111000
+5795 0 *
Wi

0101100
-5798 0 *
Fa
0  1e-07 60 0

0111000
-5793 0 *
Sh

0101100
+5796 0 +5794 0 -5792 0 *
So

0100000
+5791 0 *
Ve
1e-07
-100.681577059196 58.125 60.5085936314133
0 0

0101101
*
Ed
 1e-07 1 1 0
1  61 0 0 6.28318530717959
2  121 61 0 0 6.28318530717959
2  122 62 0 0 6.28318530717959
0

0101000
+5789 0 -5789 0 *
Ve
1e-07
-119.752974623938 38.75 40.5293634892451
0 0

0101101
*
Ed
 1e-07 1 1 0
1  62 0 0 33.7383826990297
3  123 124CN 61 0 0 33.7383826990297
0

0101000
-5789 0 +5787 0 *
Ed
 1e-07 1 1 0
1  63 0 0 6.28318530717959
2  125 61 0 0 6.28318530717959
2  126 63 0 0 6.28318530717959
0

0101000
+5787 0 -5787 0 *
Wi

0101100
-5788 0 +5786 0 +5785 0 -5786 0 *
Fa
0  1e-07 61 0

0111000
+5784 0 *
Wi

0101100
+5788 0 *
Fa
0  1e-07 62 0

0111000
+5782 0 *
Wi

0101100
-5785 0 *
Fa
0  1e-07 63 0

0111000
-5780 0 *
Sh

0101100
+5783 0 +5781 0 -5779 0 *
So

0100000
+5778 0 *
Ve
1e-07
-135.318422940804 58.125 60.5085936314133
0 0

0101101
*
Ed
 1e-07 1 1 0
1  64 0 0 6.28318530717959
2  127 64 0 0 6.28318530717959
2  128 65 0 0 6.28318530717959
0

0101000
+5776 0 -5776 0 *
Ve
1e-07
-154.985089607471 38.75 79.8835936314133
0 0

0101101
*
Ed
 1e-07 1 1 0
1  65 0 0 33.7277189827266
3  129 130CN 64 0 0 33.7277189827266
0

0101000
-5776 0 +5774 0 *
Ed
 1e-07 1 1 0
1  66 0 0 6.28318530717959
2  131 64 0 0 6.28318530717959
2  132 66 0 0 6.28318530717959
0

0101000
+5774 0 -5774 0 *
Wi

0101100
-5775 0 +5773 0 +5772 0 -5773 0 *
Fa
0  1e-07 64 0

0111000
+5771 0 *
Wi

0101100
+5775 0 *
Fa
0  1e-07 65 0

0111000
+5769 0 *
Wi

0101100
-5772 0 *
Fa
0  1e-07 66 0

0111000
-5767 0 *
Sh

0101100
+5770 0 +5768 0 -5766 0 *
So

0100000
+5765 0 *
Ve
1e-07
-135.318422940804 58.125 55.7414063685867
0 0

0101101
*
Ed
 1e-07 1 1 0
1  67 0 0 6.28318530717959
2  133 67 0 0 6.28318530717959
2  134 68 0 0 6.28318530717959
0

0101000
+5763 0 -5763 0 *
Ve
1e-07
-116.825878137069 38.75 76.3082031842934
0 0

0101101
*
Ed
 1e-07 1 1 0
1  68 0 0 33.7691866881143
3  135 136CN 67 0 0 33.7691866881143
0

0101000
-5763 0 +5761 0 *
Ed
 1e-07 1 1 0
1  69 0 0 6.28318530717959
2  137 67 0 0 6.28318530717959
2  138 69 0 0 6.28318530717959
0

0101000
+5761 0 -5761 0 *
Wi

0101100
-5762 0 +5760 0 +5759 0 -5760 0 *
Fa
0  1e-07 67 0

0111000
+5758 0 *
Wi

0101100
+5762 0 *
Fa
0  1e-07 68 0

0111000
+5756 0 *
Wi

0101100
-5759 0 *
Fa
0  1e-07 69 0

0111000
-5754 0 *
Sh

0101100
+5757 0 +5755 0 -5753 0 *
So

0100000
+5752 0 *
Ve
1e-07
-95.9850896074707 58.125 60.5085936314133
0 0

0101101
*
Ed
 1e-07 1 1 0
1  70 0 0 6.28318530717959
2  139 70 0 0 6.28318530717959
2  140 71 0 0 6.28318530717959
0

0101000
+5750 0 -5750 0 *
Ve
1e-07
-116.825878137069 38.75 78.6917968157066
0 0

0101101
*
Ed
 1e-07 1 1 0
1  71 0 0 33.7691866881143
3  141 142CN 70 0 0 33.7691866881143
0

0101000
-5750 0 +5748 0 *
Ed
 1e-07 1 1 0
1  72 0 0 6.28318530717959
2  143 70 0 0 6.28318530717959
2  144 72 0 0 6.28318530717959
0

0101000
+5748 0 -5748 0 *
Wi

0101100
-5749 0 +5747 0 +5746 0 -5747 0 *
Fa
0  1e-07 70 0

0111000
+5745 0 *
Wi

0101100
+5749 0 *
Fa
0  1e-07 71 0

0111000
+5743 0 *
Wi

0101100
-5746 0 *
Fa
0  1e-07 72 0

0111000
-5741 0 *
Sh

0101100
+5744 0 +5742 0 -5740 0 *
So

0100000
+5739 0 *
Ve
1e-07
-154.985089607471 77.5 -79.8835936314133
0 0

0101101
*
Ed
 1e-07 1 1 0
1  73 0 0 6.28318530717959
2  145 73 0 0 6.28318530717959
2  146 74 0 0 6.28318530717959
0

0101000
+5737 0 -5737 0 *
Ve
1e-07
-135.318422940804 58.125 -60.5085936314133
0 0

0101101
*
Ed
 1e-07 1 1 0
1  74 0 0 33.7277189827266
3  147 148CN 73 0 0 33.7277189827266
0

0101000
-5737 0 +5735 0 *
Ed
 1e-07 1 1 0
1  75 0 0 6.28318530717959
2  149 73 0 0 6.28318530717959
2  150 75 0 0 6.28318530717959
0

0101000
+5735 0 -5735 0 *
Wi

0101100
-5736 0 +5734 0 +5733 0 -5734 0 *
Fa
0  1e-07 73 0

0111000
+5732 0 *
Wi

0101100
+5736 0 *
Fa
0  1e-07 74 0

0111000
+5730 0 *
Wi

0101100
-5733 0 *
Fa
0  1e-07 75 0

0111000
-5728 0 *
Sh

0101100
+5731 0 +5729 0 -5727 0 *
So

0100000
+5726 0 *
Ve
1e-07
-159.681577059196 77.5 -41.1335936314133
0 0

0101101
*
Ed
 1e-07 1 1 0
1  76 0 0 6.28318530717959
2  151 76 0 0 6.28318530717959
2  152 77 0 0 6.28318530717959
0

0101000
+5724 0 -5724 0 *
Ve
1e-07
-140.014910392529 58.125 -60.5085936314133
0 0

0101101
*
Ed
 1e-07 1 1 0
1  77 0 0 33.7277189827266
3  153 154CN 76 0 0 33.7277189827266
0

0101000
-5724 0 +5722 0 *
Ed
 1e-07 1 1 0
1  78 0 0 6.28318530717959
2  155 76 0 0 6.28318530717959
2  156 78 0 0 6.28318530717959
0

0101000
+5722 0 -5722 0 *
Wi

0101100
-5723 0 +5721 0 +5720 0 -5721 0 *
Fa
0  1e-07 76 0

0111000
+5719 0 *
Wi

0101100
+5723 0 *
Fa
0  1e-07 77 0

0111000
+5717 0 *
Wi

0101100
-5720 0 *
Fa
0  1e-07 78 0

0111000
-5715 0 *
Sh

0101100
+5718 0 +5716 0 -5714 0 *
So

0100000
+5713 0 *
Ve
1e-07
-115.651756274137 77.5 -75.1164063685867
0 0

0101101
*
Ed
 1e-07 1 1 0
1  79 0 0 6.28318530717959
2  157 79 0 0 6.28318530717959
2  158 80 0 0 6.28318530717959
0

0101000
+5711 0 -5711 0 *
Ve
1e-07
-135.318422940804 58.125 -55.7414063685867
0 0

0101101
*
Ed
 1e-07 1 1 0
1  80 0 0 33.7277189827266
3  159 160CN 79 0 0 33.7277189827266
0

0101000
-5711 0 +5709 0 *
Ed
 1e-07 1 1 0
1  81 0 0 6.28318530717959
2  161 79 0 0 6.28318530717959
2  162 81 0 0 6.28318530717959
0

0101000
+5709 0 -5709 0 *
Wi

0101100
-5710 0 +5708 0 +5707 0 -5708 0 *
Fa
0  1e-07 79 0

0111000
+5706 0 *
Wi

0101100
+5710 0 *
Fa
0  1e-07 80 0

0111000
+5704 0 *
Wi

0101100
-5707 0 *
Fa
0  1e-07 81 0

0111000
-5702 0 *
Sh

0101100
+5705 0 +5703 0 -5701 0 *
So

0100000
+5700 0 *
Ve
1e-07
-120.348243725863 77.5 -36.3664063685867
0 0

0101101
*
Ed
 1e-07 1 1 0
1  82 0 0 6.28318530717959
2  163 82 0 0 6.28318530717959
2  164 83 0 0 6.28318530717959
0

0101000
+5698 0 -5698 0 *
Ve
1e-07
-140.014910392529 58.125 -55.7414063685867
0 0

0101101
*
Ed
 1e-07 1 1 0
1  83 0 0 33.7277189827266
3  165 166CN 82 0 0 33.7277189827266
0

0101000
-5698 0 +5696 0 *
Ed
 1e-07 1 1 0
1  84 0 0 6.28318530717959
2  167 82 0 0 6.28318530717959
2  168 84 0 0 6.28318530717959
0

0101000
+5696 0 -5696 0 *
Wi

0101100
-5697 0 +5695 0 +5694 0 -5695 0 *
Fa
0  1e-07 82 0

0111000
+5693 0 *
Wi

0101100
+5697 0 *
Fa
0  1e-07 83 0

0111000
+5691 0 *
Wi

0101100
-5694 0 *
Fa
0  1e-07 84 0

0111000
-5689 0 *
Sh

0101100
+5692 0 +5690 0 -5688 0 *
So

0100000
+5687 0 *
Ve
1e-07
-140.014910392529 58.125 -16.9914063685867
0 0

0101101
*
Ed
 1e-07 1 1 0
1  85 0 0 6.28318530717959
2  169 85 0 0 6.28318530717959
2  170 86 0 0 6.28318530717959
0

0101000
+5685 0 -5685 0 *
Ve
1e-07
-159.681577059196 77.5 -36.3664063685867
0 0

0101101
*
Ed
 1e-07 1 1 0
1  86 0 0 33.7277189827266
3  171 172CN 85 0 0 33.7277189827266
0

0101000
-5685 0 +5683 0 *
Ed
 1e-07 1 1 0
1  87 0 0 6.28318530717959
2  173 85 0 0 6.28318530717959
2  174 87 0 0 6.28318530717959
0

0101000
+5683 0 -5683 0 *
Wi

0101100
-5684 0 +5682 0 +5681 0 -5682 0 *
Fa
0  1e-07 85 0

0111000
+5680 0 *
Wi

0101100
+5684 0 *
Fa
0  1e-07 86 0

0111000
+5678 0 *
Wi

0101100
-5681 0 *
Fa
0  1e-07 87 0

0111000
-5676 0 *
Sh

0101100
+5679 0 +5677 0 -5675 0 *
So

0100000
+5674 0 *
Ve
1e-07
-100.681577059196 58.125 -55.7414063685867
0 0

0101101
*
Ed
 1e-07 1 1 0
1  88 0 0 6.28318530717959
2  175 88 0 0 6.28318530717959
2  176 89 0 0 6.28318530717959
0

0101000
+5672 0 -5672 0 *
Ve
1e-07
-120.348243725863 77.5 -75.1164063685867
0 0

0101101
*
Ed
 1e-07 1 1 0
1  89 0 0 33.7277189827266
3  177 178CN 88 0 0 33.7277189827266
0

0101000
-5672 0 +5670 0 *
Ed
 1e-07 1 1 0
1  90 0 0 6.28318530717959
2  179 88 0 0 6.28318530717959
2  180 90 0 0 6.28318530717959
0

0101000
+5670 0 -5670 0 *
Wi

0101100
-5671 0 +5669 0 +5668 0 -5669 0 *
Fa
0  1e-07 88 0

0111000
+5667 0 *
Wi

0101100
+5671 0 *
Fa
0  1e-07 89 0

0111000
+5665 0 *
Wi

0101100
-5668 0 *
Fa
0  1e-07 90 0

0111000
-5663 0 *
Sh

0101100
+5666 0 +5664 0 -5662 0 *
So

0100000
+5661 0 *
Ve
1e-07
-140.014910392529 58.125 -21.7585936314133
0 0

0101101
*
Ed
 1e-07 1 1 0
1  91 0 0 6.28318530717959
2  181 91 0 0 6.28318530717959
2  182 92 0 0 6.28318530717959
0

0101000
+5659 0 -5659 0 *
Ve
1e-07
-120.348243725863 77.5 -41.1335936314133
0 0

0101101
*
Ed
 1e-07 1 1 0
1  92 0 0 33.7277189827266
3  183 184CN 91 0 0 33.7277189827266
0

0101000
-5659 0 +5657 0 *
Ed
 1e-07 1 1 0
1  93 0 0 6.28318530717959
2  185 91 0 0 6.28318530717959
2  186 93 0 0 6.28318530717959
0

0101000
+5657 0 -5657 0 *
Wi

0101100
-5658 0 +5656 0 +5655 0 -5656 0 *
Fa
0  1e-07 91 0

0111000
+5654 0 *
Wi

0101100
+5658 0 *
Fa
0  1e-07 92 0

0111000
+5652 0 *
Wi

0101100
-5655 0 *
Fa
0  1e-07 93 0

0111000
-5650 0 *
Sh

0101100
+5653 0 +5651 0 -5649 0 *
So

0100000
+5648 0 *
Ve
1e-07
-95.9850896074707 58.125 -55.7414063685867
0 0

0101101
*
Ed
 1e-07 1 1 0
1  94 0 0 6.28318530717959
2  187 94 0 0 6.28318530717959
2  188 95 0 0 6.28318530717959
0

0101000
+5646 0 -5646 0 *
Ve
1e-07
-115.651756274137 77.5 -36.3664063685867
0 0

0101101
*
Ed
 1e-07 1 1 0
1  95 0 0 33.7277189827266
3  189 190CN 94 0 0 33.7277189827266
0

0101000
-5646 0 +5644 0 *
Ed
 1e-07 1 1 0
1  96 0 0 6.28318530717959
2  191 94 0 0 6.28318530717959
2  192 96 0 0 6.28318530717959
0

0101000
+5644 0 -5644 0 *
Wi

0101100
-5645 0 +5643 0 +5642 0 -5643 0 *
Fa
0  1e-07 94 0

0111000
+5641 0 *
Wi

0101100
+5645 0 *
Fa
0  1e-07 95 0

0111000
+5639 0 *
Wi

0101100
-5642 0 *
Fa
0  1e-07 96 0

0111000
-5637 0 *
Sh

0101100
+5640 0 +5638 0 -5636 0 *
So

0100000
+5635 0 *
Ve
1e-07
-100.681577059196 58.125 -16.9914063685867
0 0

0101101
*
Ed
 1e-07 1 1 0
1  97 0 0 6.28318530717959
2  193 97 0 0 6.28318530717959
2  194 98 0 0 6.28318530717959
0

0101000
+5633 0 -5633 0 *
Ve
1e-07
-120.348243725863 77.5 -36.3664063685867
0 0

0101101
*
Ed
 1e-07 1 1 0
1  98 0 0 33.7277189827266
3  195 196CN 97 0 0 33.7277189827266
0

0101000
-5633 0 +5631 0 *
Ed
 1e-07 1 1 0
1  99 0 0 6.28318530717959
2  197 97 0 0 6.28318530717959
2  198 99 0 0 6.28318530717959
0

0101000
+5631 0 -5631 0 *
Wi

0101100
-5632 0 +5630 0 +5629 0 -5630 0 *
Fa
0  1e-07 97 0

0111000
+5628 0 *
Wi

0101100
+5632 0 *
Fa
0  1e-07 98 0

0111000
+5626 0 *
Wi

0101100
-5629 0 *
Fa
0  1e-07 99 0

0111000
-5624 0 *
Sh

0101100
+5627 0 +5625 0 -5623 0 *
So

0100000
+5622 0 *
Ve
1e-07
-159.681577059196 77.5 -2.38359363141327
0 0

0101101
*
Ed
 1e-07 1 1 0
1  100 0 0 6.28318530717959
2  199 100 0 0 6.28318530717959
2  200 101 0 0 6.28318530717959
0

0101000
+5620 0 -5620 0 *
Ve
1e-07
-140.014910392529 58.125 -21.7585936314133
0 0

0101101
*
Ed
 1e-07 1 1 0
1  101 0 0 33.7277189827266
3  201 202CN 100 0 0 33.7277189827266
0

0101000
-5620 0 +5618 0 *
Ed
 1e-07 1 1 0
1  102 0 0 6.28318530717959
2  203 100 0 0 6.28318530717959
2  204 102 0 0 6.28318530717959
0

0101000
+5618 0 -5618 0 *
Wi

0101100
-5619 0 +5617 0 +5616 0 -5617 0 *
Fa
0  1e-07 100 0

0111000
+5615 0 *
Wi

0101100
+5619 0 *
Fa
0  1e-07 101 0

0111000
+5613 0 *
Wi

0101100
-5616 0 *
Fa
0  1e-07 102 0

0111000
-5611 0 *
Sh

0101100
+5614 0 +5612 0 -5610 0 *
So

0100000
+5609 0 *
Ve
1e-07
-120.348243725863 77.5 2.38359363141327
0 0

0101101
*
Ed
 1e-07 1 1 0
1  103 0 0 6.28318530717959
2  205 103 0 0 6.28318530717959
2  206 104 0 0 6.28318530717959
0

0101000
+5607 0 -5607 0 *
Ve
1e-07
-140.014910392529 58.125 -16.9914063685867
0 0

0101101
*
Ed
 1e-07 1 1 0
1  104 0 0 33.7277189827266
3  207 208CN 103 0 0 33.7277189827266
0

0101000
-5607 0 +5605 0 *
Ed
 1e-07 1 1 0
1  105 0 0 6.28318530717959
2  209 103 0 0 6.28318530717959
2  210 105 0 0 6.28318530717959
0

0101000
+5605 0 -5605 0 *
Wi

0101100
-5606 0 +5604 0 +5603 0 -5604 0 *
Fa
0  1e-07 103 0

0111000
+5602 0 *
Wi

0101100
+5606 0 *
Fa
0  1e-07 104 0

0111000
+5600 0 *
Wi

0101100
-5603 0 *
Fa
0  1e-07 105 0

0111000
-5598 0 *
Sh

0101100
+5601 0 +5599 0 -5597 0 *
So

0100000
+5596 0 *
Ve
1e-07
-140.014910392529 58.125 21.7585936314133
0 0

0101101
*
Ed
 1e-07 1 1 0
1  106 0 0 6.28318530717959
2  211 106 0 0 6.28318530717959
2  212 107 0 0 6.28318530717959
0

0101000
+5594 0 -5594 0 *
Ve
1e-07
-159.681577059196 77.5 2.38359363141327
0 0

0101101
*
Ed
 1e-07 1 1 0
1  107 0 0 33.7277189827266
3  213 214CN 106 0 0 33.7277189827266
0

0101000
-5594 0 +5592 0 *
Ed
 1e-07 1 1 0
1  108 0 0 6.28318530717959
2  215 106 0 0 6.28318530717959
2  216 108 0 0 6.28318530717959
0

0101000
+5592 0 -5592 0 *
Wi

0101100
-5593 0 +5591 0 +5590 0 -5591 0 *
Fa
0  1e-07 106 0

0111000
+5589 0 *
Wi

0101100
+5593 0 *
Fa
0  1e-07 107 0

0111000
+5587 0 *
Wi

0101100
-5590 0 *
Fa
0  1e-07 108 0

0111000
-5585 0 *
Sh

0101100
+5588 0 +5586 0 -5584 0 *
So

0100000
+5583 0 *
Ve
1e-07
-140.014910392529 58.125 16.9914063685867
0 0

0101101
*
Ed
 1e-07 1 1 0
1  109 0 0 6.28318530717959
2  217 109 0 0 6.28318530717959
2  218 110 0 0 6.28318530717959
0

0101000
+5581 0 -5581 0 *
Ve
1e-07
-120.348243725863 77.5 -2.38359363141327
0 0

0101101
*
Ed
 1e-07 1 1 0
1  110 0 0 33.7277189827266
3  219 220CN 109 0 0 33.7277189827266
0

0101000
-5581 0 +5579 0 *
Ed
 1e-07 1 1 0
1  111 0 0 6.28318530717959
2  221 109 0 0 6.28318530717959
2  222 111 0 0 6.28318530717959
0

0101000
+5579 0 -5579 0 *
Wi

0101100
-5580 0 +5578 0 +5577 0 -5578 0 *
Fa
0  1e-07 109 0

0111000
+5576 0 *
Wi

0101100
+5580 0 *
Fa
0  1e-07 110 0

0111000
+5574 0 *
Wi

0101100
-5577 0 *
Fa
0  1e-07 111 0

0111000
-5572 0 *
Sh

0101100
+5575 0 +5573 0 -5571 0 *
So

0100000
+5570 0 *
Ve
1e-07
-95.9850896074707 58.125 -16.9914063685867
0 0

0101101
*
Ed
 1e-07 1 1 0
1  112 0 0 6.28318530717959
2  223 112 0 0 6.28318530717959
2  224 113 0 0 6.28318530717959
0

0101000
+5568 0 -5568 0 *
Ve
1e-07
-115.651756274137 77.5 2.38359363141327
0 0

0101101
*
Ed
 1e-07 1 1 0
1  113 0 0 33.7277189827266
3  225 226CN 112 0 0 33.7277189827266
0

0101000
-5568 0 +5566 0 *
Ed
 1e-07 1 1 0
1  114 0 0 6.28318530717959
2  227 112 0 0 6.28318530717959
2  228 114 0 0 6.28318530717959
0

0101000
+5566 0 -5566 0 *
Wi

0101100
-5567 0 +5565 0 +5564 0 -5565 0 *
Fa
0  1e-07 112 0

0111000
+5563 0 *
Wi

0101100
+5567 0 *
Fa
0  1e-07 113 0

0111000
+5561 0 *
Wi

0101100
-5564 0 *
Fa
0  1e-07 114 0

0111000
-5559 0 *
Sh

0101100
+5562 0 +5560 0 -5558 0 *
So

0100000
+5557 0 *
Ve
1e-07
-100.681577059196 58.125 21.7585936314133
0 0

0101101
*
Ed
 1e-07 1 1 0
1  115 0 0 6.28318530717959
2  229 115 0 0 6.28318530717959
2  230 116 0 0 6.28318530717959
0

0101000
+5555 0 -5555 0 *
Ve
1e-07
-120.348243725863 77.5 2.38359363141327
0 0

0101101
*
Ed
 1e-07 1 1 0
1  116 0 0 33.7277189827266
3  231 232CN 115 0 0 33.7277189827266
0

0101000
-5555 0 +5553 0 *
Ed
 1e-07 1 1 0
1  117 0 0 6.28318530717959
2  233 115 0 0 6.28318530717959
2  234 117 0 0 6.28318530717959
0

0101000
+5553 0 -5553 0 *
Wi

0101100
-5554 0 +5552 0 +5551 0 -5552 0 *
Fa
0  1e-07 115 0

0111000
+5550 0 *
Wi

0101100
+5554 0 *
Fa
0  1e-07 116 0

0111000
+5548 0 *
Wi

0101100
-5551 0 *
Fa
0  1e-07 117 0

0111000
-5546 0 *
Sh

0101100
+5549 0 +5547 0 -5545 0 *
So

0100000
+5544 0 *
Ve
1e-07
-159.681577059196 77.5 36.3664063685867
0 0

0101101
*
Ed
 1e-07 1 1 0
1  118 0 0 6.28318530717959
2  235 118 0 0 6.28318530717959
2  236 119 0 0 6.28318530717959
0

0101000
+5542 0 -5542 0 *
Ve
1e-07
-140.014910392529 58.125 16.9914063685867
0 0

0101101
*
Ed
 1e-07 1 1 0
1  119 0 0 33.7277189827266
3  237 238CN 118 0 0 33.7277189827266
0

0101000
-5542 0 +5540 0 *
Ed
 1e-07 1 1 0
1  120 0 0 6.28318530717959
2  239 118 0 0 6.28318530717959
2  240 120 0 0 6.28318530717959
0

0101000
+5540 0 -5540 0 *
Wi

0101100
-5541 0 +5539 0 +5538 0 -5539 0 *
Fa
0  1e-07 118 0

0111000
+5537 0 *
Wi

0101100
+5541 0 *
Fa
0  1e-07 119 0

0111000
+5535 0 *
Wi

0101100
-5538 0 *
Fa
0  1e-07 120 0

0111000
-5533 0 *
Sh

0101100
+5536 0 +5534 0 -5532 0 *
So

0100000
+5531 0 *
Ve
1e-07
-120.348243725863 77.5 41.1335936314133
0 0

0101101
*
Ed
 1e-07 1 1 0
1  121 0 0 6.28318530717959
2  241 121 0 0 6.28318530717959
2  242 122 0 0 6.28318530717959
0

0101000
+5529 0 -5529 0 *
Ve
1e-07
-140.014910392529 58.125 21.7585936314133
0 0

0101101
*
Ed
 1e-07 1 1 0
1  122 0 0 33.7277189827266
3  243 244CN 121 0 0 33.7277189827266
0

0101000
-5529 0 +5527 0 *
Ed
 1e-07 1 1 0
1  123 0 0 6.28318530717959
2  245 121 0 0 6.28318530717959
2  246 123 0 0 6.28318530717959
0

0101000
+5527 0 -5527 0 *
Wi

0101100
-5528 0 +5526 0 +5525 0 -5526 0 *
Fa
0  1e-07 121 0

0111000
+5524 0 *
Wi

0101100
+5528 0 *
Fa
0  1e-07 122 0

0111000
+5522 0 *
Wi

0101100
-5525 0 *
Fa
0  1e-07 123 0

0111000
-5520 0 *
Sh

0101100
+5523 0 +5521 0 -5519 0 *
So

0100000
+5518 0 *
Ve
1e-07
-140.014910392529 58.125 60.5085936314133
0 0

0101101
*
Ed
 1e-07 1 1 0
1  124 0 0 6.28318530717959
2  247 124 0 0 6.28318530717959
2  248 125 0 0 6.28318530717959
0

0101000
+5516 0 -5516 0 *
Ve
1e-07
-159.681577059196 77.5 41.1335936314133
0 0

0101101
*
Ed
 1e-07 1 1 0
1  125 0 0 33.7277189827266
3  249 250CN 124 0 0 33.7277189827266
0

0101000
-5516 0 +5514 0 *
Ed
 1e-07 1 1 0
1  126 0 0 6.28318530717959
2  251 124 0 0 6.28318530717959
2  252 126 0 0 6.28318530717959
0

0101000
+5514 0 -5514 0 *
Wi

0101100
-5515 0 +5513 0 +5512 0 -5513 0 *
Fa
0  1e-07 124 0

0111000
+5511 0 *
Wi

0101100
+5515 0 *
Fa
0  1e-07 125 0

0111000
+5509 0 *
Wi

0101100
-5512 0 *
Fa
0  1e-07 126 0

0111000
-5507 0 *
Sh

0101100
+5510 0 +5508 0 -5506 0 *
So

0100000
+5505 0 *
Ve
1e-07
-140.014910392529 58.125 55.7414063685867
0 0

0101101
*
Ed
 1e-07 1 1 0
1  127 0 0 6.28318530717959
2  253 127 0 0 6.28318530717959
2  254 128 0 0 6.28318530717959
0

0101000
+5503 0 -5503 0 *
Ve
1e-07
-120.348243725863 77.5 36.3664063685867
0 0

0101101
*
Ed
 1e-07 1 1 0
1  128 0 0 33.7277189827266
3  255 256CN 127 0 0 33.7277189827266
0

0101000
-5503 0 +5501 0 *
Ed
 1e-07 1 1 0
1  129 0 0 6.28318530717959
2  257 127 0 0 6.28318530717959
2  258 129 0 0 6.28318530717959
0

0101000
+5501 0 -5501 0 *
Wi

0101100
-5502 0 +5500 0 +5499 0 -5500 0 *
Fa
0  1e-07 127 0

0111000
+5498 0 *
Wi

0101100
+5502 0 *
Fa
0  1e-07 128 0

0111000
+5496 0 *
Wi

0101100
-5499 0 *
Fa
0  1e-07 129 0

0111000
-5494 0 *
Sh

0101100
+5497 0 +5495 0 -5493 0 *
So

0100000
+5492 0 *
Ve
1e-07
-95.9850896074707 58.125 21.7585936314133
0 0

0101101
*
Ed
 1e-07 1 1 0
1  130 0 0 6.28318530717959
2  259 130 0 0 6.28318530717959
2  260 131 0 0 6.28318530717959
0

0101000
+5490 0 -5490 0 *
Ve
1e-07
-115.651756274137 77.5 41.1335936314133
0 0

0101101
*
Ed
 1e-07 1 1 0
1  131 0 0 33.7277189827266
3  261 262CN 130 0 0 33.7277189827266
0

0101000
-5490 0 +5488 0 *
Ed
 1e-07 1 1 0
1  132 0 0 6.28318530717959
2  263 130 0 0 6.28318530717959
2  264 132 0 0 6.28318530717959
0

0101000
+5488 0 -5488 0 *
Wi

0101100
-5489 0 +5487 0 +5486 0 -5487 0 *
Fa
0  1e-07 130 0

0111000
+5485 0 *
Wi

0101100
+5489 0 *
Fa
0  1e-07 131 0

0111000
+5483 0 *
Wi

0101100
-5486 0 *
Fa
0  1e-07 132 0

0111000
-5481 0 *
Sh

0101100
+5484 0 +5482 0 -5480 0 *
So

0100000
+5479 0 *
Ve
1e-07
-100.681577059196 58.125 60.5085936314133
0 0

0101101
*
Ed
 1e-07 1 1 0
1  133 0 0 6.28318530717959
2  265 133 0 0 6.28318530717959
2  266 134 0 0 6.28318530717959
0

0101000
+5477 0 -5477 0 *
Ve
1e-07
-120.348243725863 77.5 41.1335936314133
0 0

0101101
*
Ed
 1e-07 1 1 0
1  134 0 0 33.7277189827266
3  267 268CN 133 0 0 33.7277189827266
0

0101000
-5477 0 +5475 0 *
Ed
 1e-07 1 1 0
1  135 0 0 6.28318530717959
2  269 133 0 0 6.28318530717959
2  270 135 0 0 6.28318530717959
0

0101000
+5475 0 -5475 0 *
Wi

0101100
-5476 0 +5474 0 +5473 0 -5474 0 *
Fa
0  1e-07 133 0

0111000
+5472 0 *
Wi

0101100
+5476 0 *
Fa
0  1e-07 134 0

0111000
+5470 0 *
Wi

0101100
-5473 0 *
Fa
0  1e-07 135 0

0111000
-5468 0 *
Sh

0101100
+5471 0 +5469 0 -5467 0 *
So

0100000
+5466 0 *
Ve
1e-07
-159.681577059196 77.5 75.1164063685867
0 0

0101101
*
Ed
 1e-07 1 1 0
1  136 0 0 6.28318530717959
2  271 136 0 0 6.28318530717959
2  272 137 0 0 6.28318530717959
0

0101000
+5464 0 -5464 0 *
Ve
1e-07
-140.014910392529 58.125 55.7414063685867
0 0

0101101
*
Ed
 1e-07 1 1 0
1  137 0 0 33.7277189827266
3  273 274CN 136 0 0 33.7277189827266
0

0101000
-5464 0 +5462 0 *
Ed
 1e-07 1 1 0
1  138 0 0 6.28318530717959
2  275 136 0 0 6.28318530717959
2  276 138 0 0 6.28318530717959
0

0101000
+5462 0 -5462 0 *
Wi

0101100
-5463 0 +5461 0 +5460 0 -5461 0 *
Fa
0  1e-07 136 0

0111000
+5459 0 *
Wi

0101100
+5463 0 *
Fa
0  1e-07 137 0

0111000
+5457 0 *
Wi

0101100
-5460 0 *
Fa
0  1e-07 138 0

0111000
-5455 0 *
Sh

0101100
+5458 0 +5456 0 -5454 0 *
So

0100000
+5453 0 *
Ve
1e-07
-120.348243725863 77.5 79.8835936314133
0 0

0101101
*
Ed
 1e-07 1 1 0
1  139 0 0 6.28318530717959
2  277 139 0 0 6.28318530717959
2  278 140 0 0 6.28318530717959
0

0101000
+5451 0 -5451 0 *
Ve
1e-07
-140.014910392529 58.125 60.5085936314133
0 0

0101101
*
Ed
 1e-07 1 1 0
1  140 0 0 33.7277189827266
3  279 280CN 139 0 0 33.7277189827266
0

0101000
-5451 0 +5449 0 *
Ed
 1e-07 1 1 0
1  141 0 0 6.28318530717959
2  281 139 0 0 6.28318530717959
2  282 141 0 0 6.28318530717959
0

0101000
+5449 0 -5449 0 *
Wi

0101100
-5450 0 +5448 0 +5447 0 -5448 0 *
Fa
0  1e-07 139 0

0111000
+5446 0 *
Wi

0101100
+5450 0 *
Fa
0  1e-07 140 0

0111000
+5444 0 *
Wi

0101100
-5447 0 *
Fa
0  1e-07 141 0

0111000
-5442 0 *
Sh

0101100
+5445 0 +5443 0 -5441 0 *
So

0100000
+5440 0 *
Ve
1e-07
-95.9850896074707 58.125 60.5085936314133
0 0

0101101
*
Ed
 1e-07 1 1 0
1  142 0 0 6.28318530717959
2  283 142 0 0 6.28318530717959
2  284 143 0 0 6.28318530717959
0

0101000
+5438 0 -5438 0 *
Ve
1e-07
-115.651756274137 77.5 79.8835936314133
0 0

0101101
*
Ed
 1e-07 1 1 0
1  143 0 0 33.7277189827266
3  285 286CN 142 0 0 33.7277189827266
0

0101000
-5438 0 +5436 0 *
Ed
 1e-07 1 1 0
1  144 0 0 6.28318530717959
2  287 142 0 0 6.28318530717959
2  288 144 0 0 6.28318530717959
0

0101000
+5436 0 -5436 0 *
Wi

0101100
-5437 0 +5435 0 +5434 0 -5435 0 *
Fa
0  1e-07 142 0

0111000
+5433 0 *
Wi

0101100
+5437 0 *
Fa
0  1e-07 143 0

0111000
+5431 0 *
Wi

0101100
-5434 0 *
Fa
0  1e-07 144 0

0111000
-5429 0 *
Sh

0101100
+5432 0 +5430 0 -5428 0 *
So

0100000
+5427 0 *
Ve
1e-07
-100.681577059196 58.125 -60.5085936314133
0 0

0101101
*
Ed
 1e-07 1 1 0
1  145 0 0 6.28318530717959
2  289 145 0 0 6.28318530717959
2  290 146 0 0 6.28318530717959
0

0101000
+5425 0 -5425 0 *
Ve
1e-07
-80.8311078131339 38.75 -79.6970241314678
0 0

0101101
*
Ed
 1e-07 1 1 0
1  146 0 0 33.7287358100519
3  291 292CN 145 0 0 33.7287358100519
0

0101000
-5425 0 +5423 0 *
Ed
 1e-07 1 1 0
1  147 0 0 6.28318530717959
2  293 145 0 0 6.28318530717959
2  294 147 0 0 6.28318530717959
0

0101000
+5423 0 -5423 0 *
Wi

0101100
-5424 0 +5422 0 +5421 0 -5422 0 *
Fa
0  1e-07 145 0

0111000
+5420 0 *
Wi

0101100
+5424 0 *
Fa
0  1e-07 146 0

0111000
+5418 0 *
Wi

0101100
-5421 0 *
Fa
0  1e-07 147 0

0111000
-5416 0 *
Sh

0101100
+5419 0 +5417 0 -5415 0 *
So

0100000
+5414 0 *
Ve
1e-07
-61.3482437258627 58.125 -55.7414063685867
0 0

0101101
*
Ed
 1e-07 1 1 0
1  148 0 0 6.28318530717959
2  295 148 0 0 6.28318530717959
2  296 149 0 0 6.28318530717959
0

0101000
+5412 0 -5412 0 *
Ve
1e-07
-80.8311078131339 38.75 -75.3029758685322
0 0

0101101
*
Ed
 1e-07 1 1 0
1  149 0 0 33.7287358100519
3  297 298CN 148 0 0 33.7287358100519
0

0101000
-5412 0 +5410 0 *
Ed
 1e-07 1 1 0
1  150 0 0 6.28318530717959
2  299 148 0 0 6.28318530717959
2  300 150 0 0 6.28318530717959
0

0101000
+5410 0 -5410 0 *
Wi

0101100
-5411 0 +5409 0 +5408 0 -5409 0 *
Fa
0  1e-07 148 0

0111000
+5407 0 *
Wi

0101100
+5411 0 *
Fa
0  1e-07 149 0

0111000
+5405 0 *
Wi

0101100
-5408 0 *
Fa
0  1e-07 150 0

0111000
-5403 0 *
Sh

0101100
+5406 0 +5404 0 -5402 0 *
So

0100000
+5401 0 *
Ve
1e-07
-95.9850896074707 58.125 -60.5085936314133
0 0

0101101
*
Ed
 1e-07 1 1 0
1  151 0 0 6.28318530717959
2  301 151 0 0 6.28318530717959
2  302 152 0 0 6.28318530717959
0

0101000
+5399 0 -5399 0 *
Ve
1e-07
-76.318422940804 38.75 -41.1335936314133
0 0

0101101
*
Ed
 1e-07 1 1 0
1  152 0 0 33.7277189827266
3  303 304CN 151 0 0 33.7277189827266
0

0101000
-5399 0 +5397 0 *
Ed
 1e-07 1 1 0
1  153 0 0 6.28318530717959
2  305 151 0 0 6.28318530717959
2  306 153 0 0 6.28318530717959
0

0101000
+5397 0 -5397 0 *
Wi

0101100
-5398 0 +5396 0 +5395 0 -5396 0 *
Fa
0  1e-07 151 0

0111000
+5394 0 *
Wi

0101100
+5398 0 *
Fa
0  1e-07 152 0

0111000
+5392 0 *
Wi

0101100
-5395 0 *
Fa
0  1e-07 153 0

0111000
-5390 0 *
Sh

0101100
+5393 0 +5391 0 -5389 0 *
So

0100000
+5388 0 *
Ve
1e-07
-100.681577059196 58.125 -21.7585936314133
0 0

0101101
*
Ed
 1e-07 1 1 0
1  154 0 0 6.28318530717959
2  307 154 0 0 6.28318530717959
2  308 155 0 0 6.28318530717959
0

0101000
+5386 0 -5386 0 *
Ve
1e-07
-81.0149103925293 38.75 -41.1335936314133
0 0

0101101
*
Ed
 1e-07 1 1 0
1  155 0 0 33.7277189827266
3  309 310CN 154 0 0 33.7277189827266
0

0101000
-5386 0 +5384 0 *
Ed
 1e-07 1 1 0
1  156 0 0 6.28318530717959
2  311 154 0 0 6.28318530717959
2  312 156 0 0 6.28318530717959
0

0101000
+5384 0 -5384 0 *
Wi

0101100
-5385 0 +5383 0 +5382 0 -5383 0 *
Fa
0  1e-07 154 0

0111000
+5381 0 *
Wi

0101100
+5385 0 *
Fa
0  1e-07 155 0

0111000
+5379 0 *
Wi

0101100
-5382 0 *
Fa
0  1e-07 156 0

0111000
-5377 0 *
Sh

0101100
+5380 0 +5378 0 -5376 0 *
So

0100000
+5375 0 *
Ve
1e-07
-60.4684397357522 19.375 -17.8844547198387
0 0

0101101
*
Ed
 1e-07 1 1 0
1  157 0 0 6.28318530717959
2  313 157 0 0 6.28318530717959
2  314 158 0 0 6.28318530717959
0

0101000
+5373 0 -5373 0 *
Ve
1e-07
-81.0149103925293 38.75 -36.3664063685867
0 0

0101101
*
Ed
 1e-07 1 1 0
1  158 0 0 33.7510091433792
3  315 316CN 157 0 0 33.7510091433792
0

0101000
-5373 0 +5371 0 *
Ed
 1e-07 1 1 0
1  159 0 0 6.28318530717959
2  317 157 0 0 6.28318530717959
2  318 159 0 0 6.28318530717959
0

0101000
+5371 0 -5371 0 *
Wi

0101100
-5372 0 +5370 0 +5369 0 -5370 0 *
Fa
0  1e-07 157 0

0111000
+5368 0 *
Wi

0101100
+5372 0 *
Fa
0  1e-07 158 0

0111000
+5366 0 *
Wi

0101100
-5369 0 *
Fa
0  1e-07 159 0

0111000
-5364 0 *
Sh

0101100
+5367 0 +5365 0 -5363 0 *
So

0100000
+5362 0 *
Ve
1e-07
-56.6517562741373 58.125 -55.7414063685867
0 0

0101101
*
Ed
 1e-07 1 1 0
1  160 0 0 6.28318530717959
2  319 160 0 0 6.28318530717959
2  320 161 0 0 6.28318530717959
0

0101000
+5360 0 -5360 0 *
Ve
1e-07
-76.318422940804 38.75 -36.3664063685867
0 0

0101101
*
Ed
 1e-07 1 1 0
1  161 0 0 33.7277189827266
3  321 322CN 160 0 0 33.7277189827266
0

0101000
-5360 0 +5358 0 *
Ed
 1e-07 1 1 0
1  162 0 0 6.28318530717959
2  323 160 0 0 6.28318530717959
2  324 162 0 0 6.28318530717959
0

0101000
+5358 0 -5358 0 *
Wi

0101100
-5359 0 +5357 0 +5356 0 -5357 0 *
Fa
0  1e-07 160 0

0111000
+5355 0 *
Wi

0101100
+5359 0 *
Fa
0  1e-07 161 0

0111000
+5353 0 *
Wi

0101100
-5356 0 *
Fa
0  1e-07 162 0

0111000
-5351 0 *
Sh

0101100
+5354 0 +5352 0 -5350 0 *
So

0100000
+5349 0 *
Ve
1e-07
-61.3482437258626 58.125 -16.9914063685867
0 0

0101101
*
Ed
 1e-07 1 1 0
1  163 0 0 6.28318530717959
2  325 163 0 0 6.28318530717959
2  326 164 0 0 6.28318530717959
0

0101000
+5347 0 -5347 0 *
Ve
1e-07
-81.0149103925293 38.75 -36.3664063685867
0 0

0101101
*
Ed
 1e-07 1 1 0
1  164 0 0 33.7277189827266
3  327 328CN 163 0 0 33.7277189827266
0

0101000
-5347 0 +5345 0 *
Ed
 1e-07 1 1 0
1  165 0 0 6.28318530717959
2  329 163 0 0 6.28318530717959
2  330 165 0 0 6.28318530717959
0

0101000
+5345 0 -5345 0 *
Wi

0101100
-5346 0 +5344 0 +5343 0 -5344 0 *
Fa
0  1e-07 163 0

0111000
+5342 0 *
Wi

0101100
+5346 0 *
Fa
0  1e-07 164 0

0111000
+5340 0 *
Wi

0101100
-5343 0 *
Fa
0  1e-07 165 0

0111000
-5338 0 *
Sh

0101100
+5341 0 +5339 0 -5337 0 *
So

0100000
+5336 0 *
Ve
1e-07
-95.9850896074707 58.125 -21.7585936314133
0 0

0101101
*
Ed
 1e-07 1 1 0
1  166 0 0 6.28318530717959
2  331 166 0 0 6.28318530717959
2  332 167 0 0 6.28318530717959
0

0101000
+5334 0 -5334 0 *
Ve
1e-07
-76.318422940804 38.75 -2.38359363141327
0 0

0101101
*
Ed
 1e-07 1 1 0
1  167 0 0 33.7277189827266
3  333 334CN 166 0 0 33.7277189827266
0

0101000
-5334 0 +5332 0 *
Ed
 1e-07 1 1 0
1  168 0 0 6.28318530717959
2  335 166 0 0 6.28318530717959
2  336 168 0 0 6.28318530717959
0

0101000
+5332 0 -5332 0 *
Wi

0101100
-5333 0 +5331 0 +5330 0 -5331 0 *
Fa
0  1e-07 166 0

0111000
+5329 0 *
Wi

0101100
+5333 0 *
Fa
0  1e-07 167 0

0111000
+5327 0 *
Wi

0101100
-5330 0 *
Fa
0  1e-07 168 0

0111000
-5325 0 *
Sh

0101100
+5328 0 +5326 0 -5324 0 *
So

0100000
+5323 0 *
Ve
1e-07
-100.681577059196 58.125 16.9914063685867
0 0

0101101
*
Ed
 1e-07 1 1 0
1  169 0 0 6.28318530717959
2  337 169 0 0 6.28318530717959
2  338 170 0 0 6.28318530717959
0

0101000
+5321 0 -5321 0 *
Ve
1e-07
-81.0149103925293 38.75 -2.38359363141327
0 0

0101101
*
Ed
 1e-07 1 1 0
1  170 0 0 33.7277189827266
3  339 340CN 169 0 0 33.7277189827266
0

0101000
-5321 0 +5319 0 *
Ed
 1e-07 1 1 0
1  171 0 0 6.28318530717959
2  341 169 0 0 6.28318530717959
2  342 171 0 0 6.28318530717959
0

0101000
+5319 0 -5319 0 *
Wi

0101100
-5320 0 +5318 0 +5317 0 -5318 0 *
Fa
0  1e-07 169 0

0111000
+5316 0 *
Wi

0101100
+5320 0 *
Fa
0  1e-07 170 0

0111000
+5314 0 *
Wi

0101100
-5317 0 *
Fa
0  1e-07 171 0

0111000
-5312 0 *
Sh

0101100
+5315 0 +5313 0 -5311 0 *
So

0100000
+5310 0 *
Ve
1e-07
-57.5315602642478 19.375 -17.8844547198387
0 0

0101101
*
Ed
 1e-07 1 1 0
1  172 0 0 6.28318530717959
2  343 172 0 0 6.28318530717959
2  344 173 0 0 6.28318530717959
0

0101000
+5308 0 -5308 0 *
Ve
1e-07
-76.318422940804 38.75 2.38359363141327
0 0

0101101
*
Ed
 1e-07 1 1 0
1  173 0 0 33.7510091433792
3  345 346CN 172 0 0 33.7510091433792
0

0101000
-5308 0 +5306 0 *
Ed
 1e-07 1 1 0
1  174 0 0 6.28318530717959
2  347 172 0 0 6.28318530717959
2  348 174 0 0 6.28318530717959
0

0101000
+5306 0 -5306 0 *
Wi

0101100
-5307 0 +5305 0 +5304 0 -5305 0 *
Fa
0  1e-07 172 0

0111000
+5303 0 *
Wi

0101100
+5307 0 *
Fa
0  1e-07 173 0

0111000
+5301 0 *
Wi

0101100
-5304 0 *
Fa
0  1e-07 174 0

0111000
-5299 0 *
Sh

0101100
+5302 0 +5300 0 -5298 0 *
So

0100000
+5297 0 *
Ve
1e-07
-60.4688340689654 19.375 20.8659455495734
0 0

0101101
*
Ed
 1e-07 1 1 0
1  175 0 0 6.28318530717959
2  349 175 0 0 6.28318530717959
2  350 176 0 0 6.28318530717959
0

0101000
+5295 0 -5295 0 *
Ve
1e-07
-81.0149103925293 38.75 2.38359363141327
0 0

0101101
*
Ed
 1e-07 1 1 0
1  176 0 0 33.7509882776851
3  351 352CN 175 0 0 33.7509882776851
0

0101000
-5295 0 +5293 0 *
Ed
 1e-07 1 1 0
1  177 0 0 6.28318530717959
2  353 175 0 0 6.28318530717959
2  354 177 0 0 6.28318530717959
0

0101000
+5293 0 -5293 0 *
Wi

0101100
-5294 0 +5292 0 +5291 0 -5292 0 *
Fa
0  1e-07 175 0

0111000
+5290 0 *
Wi

0101100
+5294 0 *
Fa
0  1e-07 176 0

0111000
+5288 0 *
Wi

0101100
-5291 0 *
Fa
0  1e-07 177 0

0111000
-5286 0 *
Sh

0101100
+5289 0 +5287 0 -5285 0 *
So

0100000
+5284 0 *
Ve
1e-07
-56.6517562741374 58.125 -16.9914063685867
0 0

0101101
*
Ed
 1e-07 1 1 0
1  178 0 0 6.28318530717959
2  355 178 0 0 6.28318530717959
2  356 179 0 0 6.28318530717959
0

0101000
+5282 0 -5282 0 *
Ve
1e-07
-76.318422940804 38.75 2.38359363141327
0 0

0101101
*
Ed
 1e-07 1 1 0
1  179 0 0 33.7277189827266
3  357 358CN 178 0 0 33.7277189827266
0

0101000
-5282 0 +5280 0 *
Ed
 1e-07 1 1 0
1  180 0 0 6.28318530717959
2  359 178 0 0 6.28318530717959
2  360 180 0 0 6.28318530717959
0

0101000
+5280 0 -5280 0 *
Wi

0101100
-5281 0 +5279 0 +5278 0 -5279 0 *
Fa
0  1e-07 178 0

0111000
+5277 0 *
Wi

0101100
+5281 0 *
Fa
0  1e-07 179 0

0111000
+5275 0 *
Wi

0101100
-5278 0 *
Fa
0  1e-07 180 0

0111000
-5273 0 *
Sh

0101100
+5276 0 +5274 0 -5272 0 *
So

0100000
+5271 0 *
Ve
1e-07
-61.3482437258626 58.125 21.7585936314133
0 0

0101101
*
Ed
 1e-07 1 1 0
1  181 0 0 6.28318530717959
2  361 181 0 0 6.28318530717959
2  362 182 0 0 6.28318530717959
0

0101000
+5269 0 -5269 0 *
Ve
1e-07
-81.0149103925293 38.75 2.38359363141327
0 0

0101101
*
Ed
 1e-07 1 1 0
1  182 0 0 33.7277189827266
3  363 364CN 181 0 0 33.7277189827266
0

0101000
-5269 0 +5267 0 *
Ed
 1e-07 1 1 0
1  183 0 0 6.28318530717959
2  365 181 0 0 6.28318530717959
2  366 183 0 0 6.28318530717959
0

0101000
+5267 0 -5267 0 *
Wi

0101100
-5268 0 +5266 0 +5265 0 -5266 0 *
Fa
0  1e-07 181 0

0111000
+5264 0 *
Wi

0101100
+5268 0 *
Fa
0  1e-07 182 0

0111000
+5262 0 *
Wi

0101100
-5265 0 *
Fa
0  1e-07 183 0

0111000
-5260 0 *
Sh

0101100
+5263 0 +5261 0 -5259 0 *
So

0100000
+5258 0 *
Ve
1e-07
-95.9850896074707 58.125 16.9914063685867
0 0

0101101
*
Ed
 1e-07 1 1 0
1  184 0 0 6.28318530717959
2  367 184 0 0 6.28318530717959
2  368 185 0 0 6.28318530717959
0

0101000
+5256 0 -5256 0 *
Ve
1e-07
-76.318422940804 38.75 36.3664063685867
0 0

0101101
*
Ed
 1e-07 1 1 0
1  185 0 0 33.7277189827266
3  369 370CN 184 0 0 33.7277189827266
0

0101000
-5256 0 +5254 0 *
Ed
 1e-07 1 1 0
1  186 0 0 6.28318530717959
2  371 184 0 0 6.28318530717959
2  372 186 0 0 6.28318530717959
0

0101000
+5254 0 -5254 0 *
Wi

0101100
-5255 0 +5253 0 +5252 0 -5253 0 *
Fa
0  1e-07 184 0

0111000
+5251 0 *
Wi

0101100
+5255 0 *
Fa
0  1e-07 185 0

0111000
+5249 0 *
Wi

0101100
-5252 0 *
Fa
0  1e-07 186 0

0111000
-5247 0 *
Sh

0101100
+5250 0 +5248 0 -5246 0 *
So

0100000
+5245 0 *
Ve
1e-07
-100.681577059196 58.125 55.7414063685867
0 0

0101101
*
Ed
 1e-07 1 1 0
1  187 0 0 6.28318530717959
2  373 187 0 0 6.28318530717959
2  374 188 0 0 6.28318530717959
0

0101000
+5243 0 -5243 0 *
Ve
1e-07
-81.0149103925293 38.75 36.3664063685867
0 0

0101101
*
Ed
 1e-07 1 1 0
1  188 0 0 33.7277189827266
3  375 376CN 187 0 0 33.7277189827266
0

0101000
-5243 0 +5241 0 *
Ed
 1e-07 1 1 0
1  189 0 0 6.28318530717959
2  377 187 0 0 6.28318530717959
2  378 189 0 0 6.28318530717959
0

0101000
+5241 0 -5241 0 *
Wi

0101100
-5242 0 +5240 0 +5239 0 -5240 0 *
Fa
0  1e-07 187 0

0111000
+5238 0 *
Wi

0101100
+5242 0 *
Fa
0  1e-07 188 0

0111000
+5236 0 *
Wi

0101100
-5239 0 *
Fa
0  1e-07 189 0

0111000
-5234 0 *
Sh

0101100
+5237 0 +5235 0 -5233 0 *
So

0100000
+5232 0 *
Ve
1e-07
-57.5311659310346 19.375 20.8659455495734
0 0

0101101
*
Ed
 1e-07 1 1 0
1  190 0 0 6.28318530717959
2  379 190 0 0 6.28318530717959
2  380 191 0 0 6.28318530717959
0

0101000
+5230 0 -5230 0 *
Ve
1e-07
-76.318422940804 38.75 41.1335936314133
0 0

0101101
*
Ed
 1e-07 1 1 0
1  191 0 0 33.7509882776851
3  381 382CN 190 0 0 33.7509882776851
0

0101000
-5230 0 +5228 0 *
Ed
 1e-07 1 1 0
1  192 0 0 6.28318530717959
2  383 190 0 0 6.28318530717959
2  384 192 0 0 6.28318530717959
0

0101000
+5228 0 -5228 0 *
Wi

0101100
-5229 0 +5227 0 +5226 0 -5227 0 *
Fa
0  1e-07 190 0

0111000
+5225 0 *
Wi

0101100
+5229 0 *
Fa
0  1e-07 191 0

0111000
+5223 0 *
Wi

0101100
-5226 0 *
Fa
0  1e-07 192 0

0111000
-5221 0 *
Sh

0101100
+5224 0 +5222 0 -5220 0 *
So

0100000
+5219 0 *
Ve
1e-07
-56.6517562741374 58.125 21.7585936314133
0 0

0101101
*
Ed
 1e-07 1 1 0
1  193 0 0 6.28318530717959
2  385 193 0 0 6.28318530717959
2  386 194 0 0 6.28318530717959
0

0101000
+5217 0 -5217 0 *
Ve
1e-07
-76.318422940804 38.75 41.1335936314133
0 0

0101101
*
Ed
 1e-07 1 1 0
1  194 0 0 33.7277189827266
3  387 388CN 193 0 0 33.7277189827266
0

0101000
-5217 0 +5215 0 *
Ed
 1e-07 1 1 0
1  195 0 0 6.28318530717959
2  389 193 0 0 6.28318530717959
2  390 195 0 0 6.28318530717959
0

0101000
+5215 0 -5215 0 *
Wi

0101100
-5216 0 +5214 0 +5213 0 -5214 0 *
Fa
0  1e-07 193 0

0111000
+5212 0 *
Wi

0101100
+5216 0 *
Fa
0  1e-07 194 0

0111000
+5210 0 *
Wi

0101100
-5213 0 *
Fa
0  1e-07 195 0

0111000
-5208 0 *
Sh

0101100
+5211 0 +5209 0 -5207 0 *
So

0100000
+5206 0 *
Ve
1e-07
-61.3482437258627 58.125 60.5085936314133
0 0

0101101
*
Ed
 1e-07 1 1 0
1  196 0 0 6.28318530717959
2  391 196 0 0 6.28318530717959
2  392 197 0 0 6.28318530717959
0

0101000
+5204 0 -5204 0 *
Ve
1e-07
-81.0149103925293 38.75 41.1335936314133
0 0

0101101
*
Ed
 1e-07 1 1 0
1  197 0 0 33.7277189827266
3  393 394CN 196 0 0 33.7277189827266
0

0101000
-5204 0 +5202 0 *
Ed
 1e-07 1 1 0
1  198 0 0 6.28318530717959
2  395 196 0 0 6.28318530717959
2  396 198 0 0 6.28318530717959
0

0101000
+5202 0 -5202 0 *
Wi

0101100
-5203 0 +5201 0 +5200 0 -5201 0 *
Fa
0  1e-07 196 0

0111000
+5199 0 *
Wi

0101100
+5203 0 *
Fa
0  1e-07 197 0

0111000
+5197 0 *
Wi

0101100
-5200 0 *
Fa
0  1e-07 198 0

0111000
-5195 0 *
Sh

0101100
+5198 0 +5196 0 -5194 0 *
So

0100000
+5193 0 *
Ve
1e-07
-95.9850896074707 58.125 55.7414063685867
0 0

0101101
*
Ed
 1e-07 1 1 0
1  199 0 0 6.28318530717959
2  397 199 0 0 6.28318530717959
2  398 200 0 0 6.28318530717959
0

0101000
+5191 0 -5191 0 *
Ve
1e-07
-76.502073075864 38.75 75.3028211293358
0 0

0101101
*
Ed
 1e-07 1 1 0
1  200 0 0 33.7287341240805
3  399 400CN 199 0 0 33.7287341240805
0

0101000
-5191 0 +5189 0 *
Ed
 1e-07 1 1 0
1  201 0 0 6.28318530717959
2  401 199 0 0 6.28318530717959
2  402 201 0 0 6.28318530717959
0

0101000
+5189 0 -5189 0 *
Wi

0101100
-5190 0 +5188 0 +5187 0 -5188 0 *
Fa
0  1e-07 199 0

0111000
+5186 0 *
Wi

0101100
+5190 0 *
Fa
0  1e-07 200 0

0111000
+5184 0 *
Wi

0101100
-5187 0 *
Fa
0  1e-07 201 0

0111000
-5182 0 *
Sh

0101100
+5185 0 +5183 0 -5181 0 *
So

0100000
+5180 0 *
Ve
1e-07
-56.6517562741373 58.125 60.5085936314133
0 0

0101101
*
Ed
 1e-07 1 1 0
1  202 0 0 6.28318530717959
2  403 202 0 0 6.28318530717959
2  404 203 0 0 6.28318530717959
0

0101000
+5178 0 -5178 0 *
Ve
1e-07
-76.502073075864 38.75 79.6971788706642
0 0

0101101
*
Ed
 1e-07 1 1 0
1  203 0 0 33.7287341240805
3  405 406CN 202 0 0 33.7287341240805
0

0101000
-5178 0 +5176 0 *
Ed
 1e-07 1 1 0
1  204 0 0 6.28318530717959
2  407 202 0 0 6.28318530717959
2  408 204 0 0 6.28318530717959
0

0101000
+5176 0 -5176 0 *
Wi

0101100
-5177 0 +5175 0 +5174 0 -5175 0 *
Fa
0  1e-07 202 0

0111000
+5173 0 *
Wi

0101100
+5177 0 *
Fa
0  1e-07 203 0

0111000
+5171 0 *
Wi

0101100
-5174 0 *
Fa
0  1e-07 204 0

0111000
-5169 0 *
Sh

0101100
+5172 0 +5170 0 -5168 0 *
So

0100000
+5167 0 *
Ve
1e-07
-77.4925448037353 77.5 -76.3082031842934
0 0

0101101
*
Ed
 1e-07 1 1 0
1  205 0 0 6.28318530717959
2  409 205 0 0 6.28318530717959
2  410 206 0 0 6.28318530717959
0

0101000
+5165 0 -5165 0 *
Ve
1e-07
-95.9850896074707 58.125 -55.7414063685867
0 0

0101101
*
Ed
 1e-07 1 1 0
1  206 0 0 33.7691866881144
3  411 412CN 205 0 0 33.7691866881144
0

0101000
-5165 0 +5163 0 *
Ed
 1e-07 1 1 0
1  207 0 0 6.28318530717959
2  413 205 0 0 6.28318530717959
2  414 207 0 0 6.28318530717959
0

0101000
+5163 0 -5163 0 *
Wi

0101100
-5164 0 +5162 0 +5161 0 -5162 0 *
Fa
0  1e-07 205 0

0111000
+5160 0 *
Wi

0101100
+5164 0 *
Fa
0  1e-07 206 0

0111000
+5158 0 *
Wi

0101100
-5161 0 *
Fa
0  1e-07 207 0

0111000
-5156 0 *
Sh

0101100
+5159 0 +5157 0 -5155 0 *
So

0100000
+5154 0 *
Ve
1e-07
-81.0149103925293 77.5 -36.3664063685867
0 0

0101101
*
Ed
 1e-07 1 1 0
1  208 0 0 6.28318530717959
2  415 208 0 0 6.28318530717959
2  416 209 0 0 6.28318530717959
0

0101000
+5152 0 -5152 0 *
Ve
1e-07
-100.681577059196 58.125 -55.7414063685867
0 0

0101101
*
Ed
 1e-07 1 1 0
1  209 0 0 33.7277189827266
3  417 418CN 208 0 0 33.7277189827266
0

0101000
-5152 0 +5150 0 *
Ed
 1e-07 1 1 0
1  210 0 0 6.28318530717959
2  419 208 0 0 6.28318530717959
2  420 210 0 0 6.28318530717959
0

0101000
+5150 0 -5150 0 *
Wi

0101100
-5151 0 +5149 0 +5148 0 -5149 0 *
Fa
0  1e-07 208 0

0111000
+5147 0 *
Wi

0101100
+5151 0 *
Fa
0  1e-07 209 0

0111000
+5145 0 *
Wi

0101100
-5148 0 *
Fa
0  1e-07 210 0

0111000
-5143 0 *
Sh

0101100
+5146 0 +5144 0 -5142 0 *
So

0100000
+5141 0 *
Ve
1e-07
-100.681577059196 58.125 -21.7585936314133
0 0

0101101
*
Ed
 1e-07 1 1 0
1  211 0 0 6.28318530717959
2  421 211 0 0 6.28318530717959
2  422 212 0 0 6.28318530717959
0

0101000
+5139 0 -5139 0 *
Ve
1e-07
-81.0149103925293 77.5 -41.1335936314133
0 0

0101101
*
Ed
 1e-07 1 1 0
1  212 0 0 33.7277189827266
3  423 424CN 211 0 0 33.7277189827266
0

0101000
-5139 0 +5137 0 *
Ed
 1e-07 1 1 0
1  213 0 0 6.28318530717959
2  425 211 0 0 6.28318530717959
2  426 213 0 0 6.28318530717959
0

0101000
+5137 0 -5137 0 *
Wi

0101100
-5138 0 +5136 0 +5135 0 -5136 0 *
Fa
0  1e-07 211 0

0111000
+5134 0 *
Wi

0101100
+5138 0 *
Fa
0  1e-07 212 0

0111000
+5132 0 *
Wi

0101100
-5135 0 *
Fa
0  1e-07 213 0

0111000
-5130 0 *
Sh

0101100
+5133 0 +5131 0 -5129 0 *
So

0100000
+5128 0 *
Ve
1e-07
-56.6517562741373 58.125 -55.7414063685867
0 0

0101101
*
Ed
 1e-07 1 1 0
1  214 0 0 6.28318530717959
2  427 214 0 0 6.28318530717959
2  428 215 0 0 6.28318530717959
0

0101000
+5126 0 -5126 0 *
Ve
1e-07
-76.318422940804 77.5 -36.3664063685867
0 0

0101101
*
Ed
 1e-07 1 1 0
1  215 0 0 33.7277189827266
3  429 430CN 214 0 0 33.7277189827266
0

0101000
-5126 0 +5124 0 *
Ed
 1e-07 1 1 0
1  216 0 0 6.28318530717959
2  431 214 0 0 6.28318530717959
2  432 216 0 0 6.28318530717959
0

0101000
+5124 0 -5124 0 *
Wi

0101100
-5125 0 +5123 0 +5122 0 -5123 0 *
Fa
0  1e-07 214 0

0111000
+5121 0 *
Wi

0101100
+5125 0 *
Fa
0  1e-07 215 0

0111000
+5119 0 *
Wi

0101100
-5122 0 *
Fa
0  1e-07 216 0

0111000
-5117 0 *
Sh

0101100
+5120 0 +5118 0 -5116 0 *
So

0100000
+5115 0 *
Ve
1e-07
-61.3482437258627 58.125 -16.9914063685867
0 0

0101101
*
Ed
 1e-07 1 1 0
1  217 0 0 6.28318530717959
2  433 217 0 0 6.28318530717959
2  434 218 0 0 6.28318530717959
0

0101000
+5113 0 -5113 0 *
Ve
1e-07
-81.0149103925293 77.5 -36.3664063685867
0 0

0101101
*
Ed
 1e-07 1 1 0
1  218 0 0 33.7277189827266
3  435 436CN 217 0 0 33.7277189827266
0

0101000
-5113 0 +5111 0 *
Ed
 1e-07 1 1 0
1  219 0 0 6.28318530717959
2  437 217 0 0 6.28318530717959
2  438 219 0 0 6.28318530717959
0

0101000
+5111 0 -5111 0 *
Wi

0101100
-5112 0 +5110 0 +5109 0 -5110 0 *
Fa
0  1e-07 217 0

0111000
+5108 0 *
Wi

0101100
+5112 0 *
Fa
0  1e-07 218 0

0111000
+5106 0 *
Wi

0101100
-5109 0 *
Fa
0  1e-07 219 0

0111000
-5104 0 *
Sh

0101100
+5107 0 +5105 0 -5103 0 *
So

0100000
+5102 0 *
Ve
1e-07
-81.0149103925293 77.5 2.38359363141327
0 0

0101101
*
Ed
 1e-07 1 1 0
1  220 0 0 6.28318530717959
2  439 220 0 0 6.28318530717959
2  440 221 0 0 6.28318530717959
0

0101000
+5100 0 -5100 0 *
Ve
1e-07
-100.681577059196 58.125 -16.9914063685867
0 0

0101101
*
Ed
 1e-07 1 1 0
1  221 0 0 33.7277189827266
3  441 442CN 220 0 0 33.7277189827266
0

0101000
-5100 0 +5098 0 *
Ed
 1e-07 1 1 0
1  222 0 0 6.28318530717959
2  443 220 0 0 6.28318530717959
2  444 222 0 0 6.28318530717959
0

0101000
+5098 0 -5098 0 *
Wi

0101100
-5099 0 +5097 0 +5096 0 -5097 0 *
Fa
0  1e-07 220 0

0111000
+5095 0 *
Wi

0101100
+5099 0 *
Fa
0  1e-07 221 0

0111000
+5093 0 *
Wi

0101100
-5096 0 *
Fa
0  1e-07 222 0

0111000
-5091 0 *
Sh

0101100
+5094 0 +5092 0 -5090 0 *
So

0100000
+5089 0 *
Ve
1e-07
-100.681577059196 58.125 16.9914063685867
0 0

0101101
*
Ed
 1e-07 1 1 0
1  223 0 0 6.28318530717959
2  445 223 0 0 6.28318530717959
2  446 224 0 0 6.28318530717959
0

0101000
+5087 0 -5087 0 *
Ve
1e-07
-81.0149103925293 77.5 -2.38359363141327
0 0

0101101
*
Ed
 1e-07 1 1 0
1  224 0 0 33.7277189827266
3  447 448CN 223 0 0 33.7277189827266
0

0101000
-5087 0 +5085 0 *
Ed
 1e-07 1 1 0
1  225 0 0 6.28318530717959
2  449 223 0 0 6.28318530717959
2  450 225 0 0 6.28318530717959
0

0101000
+5085 0 -5085 0 *
Wi

0101100
-5086 0 +5084 0 +5083 0 -5084 0 *
Fa
0  1e-07 223 0

0111000
+5082 0 *
Wi

0101100
+5086 0 *
Fa
0  1e-07 224 0

0111000
+5080 0 *
Wi

0101100
-5083 0 *
Fa
0  1e-07 225 0

0111000
-5078 0 *
Sh

0101100
+5081 0 +5079 0 -5077 0 *
So

0100000
+5076 0 *
Ve
1e-07
-56.6517562741373 58.125 -16.9914063685867
0 0

0101101
*
Ed
 1e-07 1 1 0
1  226 0 0 6.28318530717959
2  451 226 0 0 6.28318530717959
2  452 227 0 0 6.28318530717959
0

0101000
+5074 0 -5074 0 *
Ve
1e-07
-76.318422940804 77.5 2.38359363141327
0 0

0101101
*
Ed
 1e-07 1 1 0
1  227 0 0 33.7277189827266
3  453 454CN 226 0 0 33.7277189827266
0

0101000
-5074 0 +5072 0 *
Ed
 1e-07 1 1 0
1  228 0 0 6.28318530717959
2  455 226 0 0 6.28318530717959
2  456 228 0 0 6.28318530717959
0

0101000
+5072 0 -5072 0 *
Wi

0101100
-5073 0 +5071 0 +5070 0 -5071 0 *
Fa
0  1e-07 226 0

0111000
+5069 0 *
Wi

0101100
+5073 0 *
Fa
0  1e-07 227 0

0111000
+5067 0 *
Wi

0101100
-5070 0 *
Fa
0  1e-07 228 0

0111000
-5065 0 *
Sh

0101100
+5068 0 +5066 0 -5064 0 *
So

0100000
+5063 0 *
Ve
1e-07
-61.3482437258627 58.125 21.7585936314133
0 0

0101101
*
Ed
 1e-07 1 1 0
1  229 0 0 6.28318530717959
2  457 229 0 0 6.28318530717959
2  458 230 0 0 6.28318530717959
0

0101000
+5061 0 -5061 0 *
Ve
1e-07
-81.0149103925293 77.5 2.38359363141327
0 0

0101101
*
Ed
 1e-07 1 1 0
1  230 0 0 33.7277189827266
3  459 460CN 229 0 0 33.7277189827266
0

0101000
-5061 0 +5059 0 *
Ed
 1e-07 1 1 0
1  231 0 0 6.28318530717959
2  461 229 0 0 6.28318530717959
2  462 231 0 0 6.28318530717959
0

0101000
+5059 0 -5059 0 *
Wi

0101100
-5060 0 +5058 0 +5057 0 -5058 0 *
Fa
0  1e-07 229 0

0111000
+5056 0 *
Wi

0101100
+5060 0 *
Fa
0  1e-07 230 0

0111000
+5054 0 *
Wi

0101100
-5057 0 *
Fa
0  1e-07 231 0

0111000
-5052 0 *
Sh

0101100
+5055 0 +5053 0 -5051 0 *
So

0100000
+5050 0 *
Ve
1e-07
-81.0149103925293 77.5 41.1335936314133
0 0

0101101
*
Ed
 1e-07 1 1 0
1  232 0 0 6.28318530717959
2  463 232 0 0 6.28318530717959
2  464 233 0 0 6.28318530717959
0

0101000
+5048 0 -5048 0 *
Ve
1e-07
-100.681577059196 58.125 21.7585936314133
0 0

0101101
*
Ed
 1e-07 1 1 0
1  233 0 0 33.7277189827266
3  465 466CN 232 0 0 33.7277189827266
0

0101000
-5048 0 +5046 0 *
Ed
 1e-07 1 1 0
1  234 0 0 6.28318530717959
2  467 232 0 0 6.28318530717959
2  468 234 0 0 6.28318530717959
0

0101000
+5046 0 -5046 0 *
Wi

0101100
-5047 0 +5045 0 +5044 0 -5045 0 *
Fa
0  1e-07 232 0

0111000
+5043 0 *
Wi

0101100
+5047 0 *
Fa
0  1e-07 233 0

0111000
+5041 0 *
Wi

0101100
-5044 0 *
Fa
0  1e-07 234 0

0111000
-5039 0 *
Sh

0101100
+5042 0 +5040 0 -5038 0 *
So

0100000
+5037 0 *
Ve
1e-07
-100.681577059196 58.125 55.7414063685867
0 0

0101101
*
Ed
 1e-07 1 1 0
1  235 0 0 6.28318530717959
2  469 235 0 0 6.28318530717959
2  470 236 0 0 6.28318530717959
0

0101000
+5035 0 -5035 0 *
Ve
1e-07
-81.0149103925293 77.5 36.3664063685867
0 0

0101101
*
Ed
 1e-07 1 1 0
1  236 0 0 33.7277189827266
3  471 472CN 235 0 0 33.7277189827266
0

0101000
-5035 0 +5033 0 *
Ed
 1e-07 1 1 0
1  237 0 0 6.28318530717959
2  473 235 0 0 6.28318530717959
2  474 237 0 0 6.28318530717959
0

0101000
+5033 0 -5033 0 *
Wi

0101100
-5034 0 +5032 0 +5031 0 -5032 0 *
Fa
0  1e-07 235 0

0111000
+5030 0 *
Wi

0101100
+5034 0 *
Fa
0  1e-07 236 0

0111000
+5028 0 *
Wi

0101100
-5031 0 *
Fa
0  1e-07 237 0

0111000
-5026 0 *
Sh

0101100
+5029 0 +5027 0 -5025 0 *
So

0100000
+5024 0 *
Ve
1e-07
-56.6517562741373 58.125 21.7585936314133
0 0

0101101
*
Ed
 1e-07 1 1 0
1  238 0 0 6.28318530717959
2  475 238 0 0 6.28318530717959
2  476 239 0 0 6.28318530717959
0

0101000
+5022 0 -5022 0 *
Ve
1e-07
-76.318422940804 77.5 41.1335936314133
0 0

0101101
*
Ed
 1e-07 1 1 0
1  239 0 0 33.7277189827266
3  477 478CN 238 0 0 33.7277189827266
0

0101000
-5022 0 +5020 0 *
Ed
 1e-07 1 1 0
1  240 0 0 6.28318530717959
2  479 238 0 0 6.28318530717959
2  480 240 0 0 6.28318530717959
0

0101000
+5020 0 -5020 0 *
Wi

0101100
-5021 0 +5019 0 +5018 0 -5019 0 *
Fa
0  1e-07 238 0

0111000
+5017 0 *
Wi

0101100
+5021 0 *
Fa
0  1e-07 239 0

0111000
+5015 0 *
Wi

0101100
-5018 0 *
Fa
0  1e-07 240 0

0111000
-5013 0 *
Sh

0101100
+5016 0 +5014 0 -5012 0 *
So

0100000
+5011 0 *
Ve
1e-07
-61.3482437258627 58.125 60.5085936314133
0 0

0101101
*
Ed
 1e-07 1 1 0
1  241 0 0 6.28318530717959
2  481 241 0 0 6.28318530717959
2  482 242 0 0 6.28318530717959
0

0101000
+5009 0 -5009 0 *
Ve
1e-07
-81.0149103925293 77.5 41.1335936314133
0 0

0101101
*
Ed
 1e-07 1 1 0
1  242 0 0 33.7277189827266
3  483 484CN 241 0 0 33.7277189827266
0

0101000
-5009 0 +5007 0 *
Ed
 1e-07 1 1 0
1  243 0 0 6.28318530717959
2  485 241 0 0 6.28318530717959
2  486 243 0 0 6.28318530717959
0

0101000
+5007 0 -5007 0 *
Wi

0101100
-5008 0 +5006 0 +5005 0 -5006 0 *
Fa
0  1e-07 241 0

0111000
+5004 0 *
Wi

0101100
+5008 0 *
Fa
0  1e-07 242 0

0111000
+5002 0 *
Wi

0101100
-5005 0 *
Fa
0  1e-07 243 0

0111000
-5000 0 *
Sh

0101100
+5003 0 +5001 0 -4999 0 *
So

0100000
+4998 0 *
Ve
1e-07
-79.840788529598 77.5 78.6917968157066
0 0

0101101
*
Ed
 1e-07 1 1 0
1  244 0 0 6.28318530717959
2  487 244 0 0 6.28318530717959
2  488 245 0 0 6.28318530717959
0

0101000
+4996 0 -4996 0 *
Ve
1e-07
-100.681577059196 58.125 60.5085936314133
0 0

0101101
*
Ed
 1e-07 1 1 0
1  245 0 0 33.7691866881144
3  489 490CN 244 0 0 33.7691866881144
0

0101000
-4996 0 +4994 0 *
Ed
 1e-07 1 1 0
1  246 0 0 6.28318530717959
2  491 244 0 0 6.28318530717959
2  492 246 0 0 6.28318530717959
0

0101000
+4994 0 -4994 0 *
Wi

0101100
-4995 0 +4993 0 +4992 0 -4993 0 *
Fa
0  1e-07 244 0

0111000
+4991 0 *
Wi

0101100
+4995 0 *
Fa
0  1e-07 245 0

0111000
+4989 0 *
Wi

0101100
-4992 0 *
Fa
0  1e-07 246 0

0111000
-4987 0 *
Sh

0101100
+4990 0 +4988 0 -4986 0 *
So

0100000
+4985 0 *
Ve
1e-07
-61.3482437258627 58.125 -60.5085936314133
0 0

0101101
*
Ed
 1e-07 1 1 0
1  247 0 0 6.28318530717959
2  493 247 0 0 6.28318530717959
2  494 248 0 0 6.28318530717959
0

0101000
+4983 0 -4983 0 *
Ve
1e-07
-41.681577059196 38.75 -79.8835936314133
0 0

0101101
*
Ed
 1e-07 1 1 0
1  248 0 0 33.7277189827266
3  495 496CN 247 0 0 33.7277189827266
0

0101000
-4983 0 +4981 0 *
Ed
 1e-07 1 1 0
1  249 0 0 6.28318530717959
2  497 247 0 0 6.28318530717959
2  498 249 0 0 6.28318530717959
0

0101000
+4981 0 -4981 0 *
Wi

0101100
-4982 0 +4980 0 +4979 0 -4980 0 *
Fa
0  1e-07 247 0

0111000
+4978 0 *
Wi

0101100
+4982 0 *
Fa
0  1e-07 248 0

0111000
+4976 0 *
Wi

0101100
-4979 0 *
Fa
0  1e-07 249 0

0111000
-4974 0 *
Sh

0101100
+4977 0 +4975 0 -4973 0 *
So

0100000
+4972 0 *
Ve
1e-07
-21.4239532721021 19.375 -56.3412596177086
0 0

0101101
*
Ed
 1e-07 1 1 0
1  250 0 0 6.28318530717959
2  499 250 0 0 6.28318530717959
2  500 251 0 0 6.28318530717959
0

0101000
+4970 0 -4970 0 *
Ve
1e-07
-41.681577059196 38.75 -75.1164063685867
0 0

0101101
*
Ed
 1e-07 1 1 0
1  251 0 0 33.7382287919275
3  501 502CN 250 0 0 33.7382287919275
0

0101000
-4970 0 +4968 0 *
Ed
 1e-07 1 1 0
1  252 0 0 6.28318530717959
2  503 250 0 0 6.28318530717959
2  504 252 0 0 6.28318530717959
0

0101000
+4968 0 -4968 0 *
Wi

0101100
-4969 0 +4967 0 +4966 0 -4967 0 *
Fa
0  1e-07 250 0

0111000
+4965 0 *
Wi

0101100
+4969 0 *
Fa
0  1e-07 251 0

0111000
+4963 0 *
Wi

0101100
-4966 0 *
Fa
0  1e-07 252 0

0111000
-4961 0 *
Sh

0101100
+4964 0 +4962 0 -4960 0 *
So

0100000
+4959 0 *
Ve
1e-07
-21.97136976536 58.125 -55.7856024460576
0 0

0101101
*
Ed
 1e-07 1 1 0
1  253 0 0 6.28318530717959
2  505 253 0 0 6.28318530717959
2  506 254 0 0 6.28318530717959
0

0101000
+4957 0 -4957 0 *
Ve
1e-07
-41.681577059196 38.75 -75.1164063685867
0 0

0101101
*
Ed
 1e-07 1 1 0
1  254 0 0 33.7277760437485
3  507 508CN 253 0 0 33.7277760437485
0

0101000
-4957 0 +4955 0 *
Ed
 1e-07 1 1 0
1  255 0 0 6.28318530717959
2  509 253 0 0 6.28318530717959
2  510 255 0 0 6.28318530717959
0

0101000
+4955 0 -4955 0 *
Wi

0101100
-4956 0 +4954 0 +4953 0 -4954 0 *
Fa
0  1e-07 253 0

0111000
+4952 0 *
Wi

0101100
+4956 0 *
Fa
0  1e-07 254 0

0111000
+4950 0 *
Wi

0101100
-4953 0 *
Fa
0  1e-07 255 0

0111000
-4948 0 *
Sh

0101100
+4951 0 +4949 0 -4947 0 *
So

0100000
+4946 0 *
Ve
1e-07
-60.4684397357522 19.375 -20.8655452801613
0 0

0101101
*
Ed
 1e-07 1 1 0
1  256 0 0 6.28318530717959
2  511 256 0 0 6.28318530717959
2  512 257 0 0 6.28318530717959
0

0101000
+4944 0 -4944 0 *
Ve
1e-07
-41.681577059196 38.75 -41.1335936314133
0 0

0101101
*
Ed
 1e-07 1 1 0
1  257 0 0 33.7510091433792
3  513 514CN 256 0 0 33.7510091433792
0

0101000
-4944 0 +4942 0 *
Ed
 1e-07 1 1 0
1  258 0 0 6.28318530717959
2  515 256 0 0 6.28318530717959
2  516 258 0 0 6.28318530717959
0

0101000
+4942 0 -4942 0 *
Wi

0101100
-4943 0 +4941 0 +4940 0 -4941 0 *
Fa
0  1e-07 256 0

0111000
+4939 0 *
Wi

0101100
+4943 0 *
Fa
0  1e-07 257 0

0111000
+4937 0 *
Wi

0101100
-4940 0 *
Fa
0  1e-07 258 0

0111000
-4935 0 *
Sh

0101100
+4938 0 +4936 0 -4934 0 *
So

0100000
+4933 0 *
Ve
1e-07
-56.6517562741373 58.125 -60.5085936314133
0 0

0101101
*
Ed
 1e-07 1 1 0
1  259 0 0 6.28318530717959
2  517 259 0 0 6.28318530717959
2  518 260 0 0 6.28318530717959
0

0101000
+4931 0 -4931 0 *
Ve
1e-07
-36.9850896074707 38.75 -41.1335936314133
0 0

0101101
*
Ed
 1e-07 1 1 0
1  260 0 0 33.7277189827266
3  519 520CN 259 0 0 33.7277189827266
0

0101000
-4931 0 +4929 0 *
Ed
 1e-07 1 1 0
1  261 0 0 6.28318530717959
2  521 259 0 0 6.28318530717959
2  522 261 0 0 6.28318530717959
0

0101000
+4929 0 -4929 0 *
Wi

0101100
-4930 0 +4928 0 +4927 0 -4928 0 *
Fa
0  1e-07 259 0

0111000
+4926 0 *
Wi

0101100
+4930 0 *
Fa
0  1e-07 260 0

0111000
+4924 0 *
Wi

0101100
-4927 0 *
Fa
0  1e-07 261 0

0111000
-4922 0 *
Sh

0101100
+4925 0 +4923 0 -4921 0 *
So

0100000
+4920 0 *
Ve
1e-07
-61.3482437258627 58.125 -21.7585936314133
0 0

0101101
*
Ed
 1e-07 1 1 0
1  262 0 0 6.28318530717959
2  523 262 0 0 6.28318530717959
2  524 263 0 0 6.28318530717959
0

0101000
+4918 0 -4918 0 *
Ve
1e-07
-41.681577059196 38.75 -41.1335936314133
0 0

0101101
*
Ed
 1e-07 1 1 0
1  263 0 0 33.7277189827266
3  525 526CN 262 0 0 33.7277189827266
0

0101000
-4918 0 +4916 0 *
Ed
 1e-07 1 1 0
1  264 0 0 6.28318530717959
2  527 262 0 0 6.28318530717959
2  528 264 0 0 6.28318530717959
0

0101000
+4916 0 -4916 0 *
Wi

0101100
-4917 0 +4915 0 +4914 0 -4915 0 *
Fa
0  1e-07 262 0

0111000
+4913 0 *
Wi

0101100
+4917 0 *
Fa
0  1e-07 263 0

0111000
+4911 0 *
Wi

0101100
-4914 0 *
Fa
0  1e-07 264 0

0111000
-4909 0 *
Sh

0101100
+4912 0 +4910 0 -4908 0 *
So

0100000
+4907 0 *
Ve
1e-07
-17.9093800612313 19.375 -56.3412596177086
0 0

0101101
*
Ed
 1e-07 1 1 0
1  265 0 0 6.28318530717959
2  529 265 0 0 6.28318530717959
2  530 266 0 0 6.28318530717959
0

0101000
+4905 0 -4905 0 *
Ve
1e-07
-36.9850896074707 38.75 -36.3664063685867
0 0

0101101
*
Ed
 1e-07 1 1 0
1  266 0 0 33.7382287919275
3  531 532CN 265 0 0 33.7382287919275
0

0101000
-4905 0 +4903 0 *
Ed
 1e-07 1 1 0
1  267 0 0 6.28318530717959
2  533 265 0 0 6.28318530717959
2  534 267 0 0 6.28318530717959
0

0101000
+4903 0 -4903 0 *
Wi

0101100
-4904 0 +4902 0 +4901 0 -4902 0 *
Fa
0  1e-07 265 0

0111000
+4900 0 *
Wi

0101100
+4904 0 *
Fa
0  1e-07 266 0

0111000
+4898 0 *
Wi

0101100
-4901 0 *
Fa
0  1e-07 267 0

0111000
-4896 0 *
Sh

0101100
+4899 0 +4897 0 -4895 0 *
So

0100000
+4894 0 *
Ve
1e-07
-22.0149103925293 19.375 -16.9914063685867
0 0

0101101
*
Ed
 1e-07 1 1 0
1  268 0 0 6.28318530717959
2  535 268 0 0 6.28318530717959
2  536 269 0 0 6.28318530717959
0

0101000
+4892 0 -4892 0 *
Ve
1e-07
-41.681577059196 38.75 -36.3664063685867
0 0

0101101
*
Ed
 1e-07 1 1 0
1  269 0 0 33.7277189827266
3  537 538CN 268 0 0 33.7277189827266
0

0101000
-4892 0 +4890 0 *
Ed
 1e-07 1 1 0
1  270 0 0 6.28318530717959
2  539 268 0 0 6.28318530717959
2  540 270 0 0 6.28318530717959
0

0101000
+4890 0 -4890 0 *
Wi

0101100
-4891 0 +4889 0 +4888 0 -4889 0 *
Fa
0  1e-07 268 0

0111000
+4887 0 *
Wi

0101100
+4891 0 *
Fa
0  1e-07 269 0

0111000
+4885 0 *
Wi

0101100
-4888 0 *
Fa
0  1e-07 270 0

0111000
-4883 0 *
Sh

0101100
+4886 0 +4884 0 -4882 0 *
So

0100000
+4881 0 *
Ve
1e-07
-17.3619635679734 58.125 -55.7856024460576
0 0

0101101
*
Ed
 1e-07 1 1 0
1  271 0 0 6.28318530717959
2  541 271 0 0 6.28318530717959
2  542 272 0 0 6.28318530717959
0

0101000
+4879 0 -4879 0 *
Ve
1e-07
-36.9850896074707 38.75 -36.3664063685867
0 0

0101101
*
Ed
 1e-07 1 1 0
1  272 0 0 33.7277760437485
3  543 544CN 271 0 0 33.7277760437485
0

0101000
-4879 0 +4877 0 *
Ed
 1e-07 1 1 0
1  273 0 0 6.28318530717959
2  545 271 0 0 6.28318530717959
2  546 273 0 0 6.28318530717959
0

0101000
+4877 0 -4877 0 *
Wi

0101100
-4878 0 +4876 0 +4875 0 -4876 0 *
Fa
0  1e-07 271 0

0111000
+4874 0 *
Wi

0101100
+4878 0 *
Fa
0  1e-07 272 0

0111000
+4872 0 *
Wi

0101100
-4875 0 *
Fa
0  1e-07 273 0

0111000
-4870 0 *
Sh

0101100
+4873 0 +4871 0 -4869 0 *
So

0100000
+4868 0 *
Ve
1e-07
-22.0149103925293 58.125 -16.9914063685867
0 0

0101101
*
Ed
 1e-07 1 1 0
1  274 0 0 6.28318530717959
2  547 274 0 0 6.28318530717959
2  548 275 0 0 6.28318530717959
0

0101000
+4866 0 -4866 0 *
Ve
1e-07
-41.681577059196 38.75 -36.3664063685867
0 0

0101101
*
Ed
 1e-07 1 1 0
1  275 0 0 33.7277189827266
3  549 550CN 274 0 0 33.7277189827266
0

0101000
-4866 0 +4864 0 *
Ed
 1e-07 1 1 0
1  276 0 0 6.28318530717959
2  551 274 0 0 6.28318530717959
2  552 276 0 0 6.28318530717959
0

0101000
+4864 0 -4864 0 *
Wi

0101100
-4865 0 +4863 0 +4862 0 -4863 0 *
Fa
0  1e-07 274 0

0111000
+4861 0 *
Wi

0101100
+4865 0 *
Fa
0  1e-07 275 0

0111000
+4859 0 *
Wi

0101100
-4862 0 *
Fa
0  1e-07 276 0

0111000
-4857 0 *
Sh

0101100
+4860 0 +4858 0 -4856 0 *
So

0100000
+4855 0 *
Ve
1e-07
-41.681577059196 38.75 2.38359363141327
0 0

0101101
*
Ed
 1e-07 1 1 0
1  277 0 0 6.28318530717959
2  553 277 0 0 6.28318530717959
2  554 278 0 0 6.28318530717959
0

0101000
+4853 0 -4853 0 *
Ve
1e-07
-60.4684397357522 19.375 -17.8844547198387
0 0

0101101
*
Ed
 1e-07 1 1 0
1  278 0 0 33.7510091433792
3  555 556CN 277 0 0 33.7510091433792
0

0101000
-4853 0 +4851 0 *
Ed
 1e-07 1 1 0
1  279 0 0 6.28318530717959
2  557 277 0 0 6.28318530717959
2  558 279 0 0 6.28318530717959
0

0101000
+4851 0 -4851 0 *
Wi

0101100
-4852 0 +4850 0 +4849 0 -4850 0 *
Fa
0  1e-07 277 0

0111000
+4848 0 *
Wi

0101100
+4852 0 *
Fa
0  1e-07 278 0

0111000
+4846 0 *
Wi

0101100
-4849 0 *
Fa
0  1e-07 279 0

0111000
-4844 0 *
Sh

0101100
+4847 0 +4845 0 -4843 0 *
So

0100000
+4842 0 *
Ve
1e-07
-60.4688340689654 19.375 17.8840544504266
0 0

0101101
*
Ed
 1e-07 1 1 0
1  280 0 0 6.28318530717959
2  559 280 0 0 6.28318530717959
2  560 281 0 0 6.28318530717959
0

0101000
+4840 0 -4840 0 *
Ve
1e-07
-41.681577059196 38.75 -2.38359363141327
0 0

0101101
*
Ed
 1e-07 1 1 0
1  281 0 0 33.7509882776851
3  561 562CN 280 0 0 33.7509882776851
0

0101000
-4840 0 +4838 0 *
Ed
 1e-07 1 1 0
1  282 0 0 6.28318530717959
2  563 280 0 0 6.28318530717959
2  564 282 0 0 6.28318530717959
0

0101000
+4838 0 -4838 0 *
Wi

0101100
-4839 0 +4837 0 +4836 0 -4837 0 *
Fa
0  1e-07 280 0

0111000
+4835 0 *
Wi

0101100
+4839 0 *
Fa
0  1e-07 281 0

0111000
+4833 0 *
Wi

0101100
-4836 0 *
Fa
0  1e-07 282 0

0111000
-4831 0 *
Sh

0101100
+4834 0 +4832 0 -4830 0 *
So

0100000
+4829 0 *
Ve
1e-07
-56.6517562741373 58.125 -21.7585936314133
0 0

0101101
*
Ed
 1e-07 1 1 0
1  283 0 0 6.28318530717959
2  565 283 0 0 6.28318530717959
2  566 284 0 0 6.28318530717959
0

0101000
+4827 0 -4827 0 *
Ve
1e-07
-36.9850896074707 38.75 -2.38359363141327
0 0

0101101
*
Ed
 1e-07 1 1 0
1  284 0 0 33.7277189827266
3  567 568CN 283 0 0 33.7277189827266
0

0101000
-4827 0 +4825 0 *
Ed
 1e-07 1 1 0
1  285 0 0 6.28318530717959
2  569 283 0 0 6.28318530717959
2  570 285 0 0 6.28318530717959
0

0101000
+4825 0 -4825 0 *
Wi

0101100
-4826 0 +4824 0 +4823 0 -4824 0 *
Fa
0  1e-07 283 0

0111000
+4822 0 *
Wi

0101100
+4826 0 *
Fa
0  1e-07 284 0

0111000
+4820 0 *
Wi

0101100
-4823 0 *
Fa
0  1e-07 285 0

0111000
-4818 0 *
Sh

0101100
+4821 0 +4819 0 -4817 0 *
So

0100000
+4816 0 *
Ve
1e-07
-61.3482437258627 58.125 16.9914063685867
0 0

0101101
*
Ed
 1e-07 1 1 0
1  286 0 0 6.28318530717959
2  571 286 0 0 6.28318530717959
2  572 287 0 0 6.28318530717959
0

0101000
+4814 0 -4814 0 *
Ve
1e-07
-41.681577059196 38.75 -2.38359363141327
0 0

0101101
*
Ed
 1e-07 1 1 0
1  287 0 0 33.7277189827266
3  573 574CN 286 0 0 33.7277189827266
0

0101000
-4814 0 +4812 0 *
Ed
 1e-07 1 1 0
1  288 0 0 6.28318530717959
2  575 286 0 0 6.28318530717959
2  576 288 0 0 6.28318530717959
0

0101000
+4812 0 -4812 0 *
Wi

0101100
-4813 0 +4811 0 +4810 0 -4811 0 *
Fa
0  1e-07 286 0

0111000
+4809 0 *
Wi

0101100
+4813 0 *
Fa
0  1e-07 287 0

0111000
+4807 0 *
Wi

0101100
-4810 0 *
Fa
0  1e-07 288 0

0111000
-4805 0 *
Sh

0101100
+4808 0 +4806 0 -4804 0 *
So

0100000
+4803 0 *
Ve
1e-07
-17.318422940804 19.375 -16.9914063685867
0 0

0101101
*
Ed
 1e-07 1 1 0
1  289 0 0 6.28318530717959
2  577 289 0 0 6.28318530717959
2  578 290 0 0 6.28318530717959
0

0101000
+4801 0 -4801 0 *
Ve
1e-07
-36.9850896074707 38.75 2.38359363141327
0 0

0101101
*
Ed
 1e-07 1 1 0
1  290 0 0 33.7277189827266
3  579 580CN 289 0 0 33.7277189827266
0

0101000
-4801 0 +4799 0 *
Ed
 1e-07 1 1 0
1  291 0 0 6.28318530717959
2  581 289 0 0 6.28318530717959
2  582 291 0 0 6.28318530717959
0

0101000
+4799 0 -4799 0 *
Wi

0101100
-4800 0 +4798 0 +4797 0 -4798 0 *
Fa
0  1e-07 289 0

0111000
+4796 0 *
Wi

0101100
+4800 0 *
Fa
0  1e-07 290 0

0111000
+4794 0 *
Wi

0101100
-4797 0 *
Fa
0  1e-07 291 0

0111000
-4792 0 *
Sh

0101100
+4795 0 +4793 0 -4791 0 *
So

0100000
+4790 0 *
Ve
1e-07
-22.0149103925293 19.375 21.7585936314133
0 0

0101101
*
Ed
 1e-07 1 1 0
1  292 0 0 6.28318530717959
2  583 292 0 0 6.28318530717959
2  584 293 0 0 6.28318530717959
0

0101000
+4788 0 -4788 0 *
Ve
1e-07
-41.681577059196 38.75 2.38359363141327
0 0

0101101
*
Ed
 1e-07 1 1 0
1  293 0 0 33.7277189827266
3  585 586CN 292 0 0 33.7277189827266
0

0101000
-4788 0 +4786 0 *
Ed
 1e-07 1 1 0
1  294 0 0 6.28318530717959
2  587 292 0 0 6.28318530717959
2  588 294 0 0 6.28318530717959
0

0101000
+4786 0 -4786 0 *
Wi

0101100
-4787 0 +4785 0 +4784 0 -4785 0 *
Fa
0  1e-07 292 0

0111000
+4783 0 *
Wi

0101100
+4787 0 *
Fa
0  1e-07 293 0

0111000
+4781 0 *
Wi

0101100
-4784 0 *
Fa
0  1e-07 294 0

0111000
-4779 0 *
Sh

0101100
+4782 0 +4780 0 -4778 0 *
So

0100000
+4777 0 *
Ve
1e-07
-17.318422940804 58.125 -16.9914063685867
0 0

0101101
*
Ed
 1e-07 1 1 0
1  295 0 0 6.28318530717959
2  589 295 0 0 6.28318530717959
2  590 296 0 0 6.28318530717959
0

0101000
+4775 0 -4775 0 *
Ve
1e-07
-36.9850896074707 38.75 2.38359363141327
0 0

0101101
*
Ed
 1e-07 1 1 0
1  296 0 0 33.7277189827266
3  591 592CN 295 0 0 33.7277189827266
0

0101000
-4775 0 +4773 0 *
Ed
 1e-07 1 1 0
1  297 0 0 6.28318530717959
2  593 295 0 0 6.28318530717959
2  594 297 0 0 6.28318530717959
0

0101000
+4773 0 -4773 0 *
Wi

0101100
-4774 0 +4772 0 +4771 0 -4772 0 *
Fa
0  1e-07 295 0

0111000
+4770 0 *
Wi

0101100
+4774 0 *
Fa
0  1e-07 296 0

0111000
+4768 0 *
Wi

0101100
-4771 0 *
Fa
0  1e-07 297 0

0111000
-4766 0 *
Sh

0101100
+4769 0 +4767 0 -4765 0 *
So

0100000
+4764 0 *
Ve
1e-07
-22.0149103925293 58.125 21.7585936314133
0 0

0101101
*
Ed
 1e-07 1 1 0
1  298 0 0 6.28318530717959
2  595 298 0 0 6.28318530717959
2  596 299 0 0 6.28318530717959
0

0101000
+4762 0 -4762 0 *
Ve
1e-07
-41.681577059196 38.75 2.38359363141327
0 0

0101101
*
Ed
 1e-07 1 1 0
1  299 0 0 33.7277189827266
3  597 598CN 298 0 0 33.7277189827266
0

0101000
-4762 0 +4760 0 *
Ed
 1e-07 1 1 0
1  300 0 0 6.28318530717959
2  599 298 0 0 6.28318530717959
2  600 300 0 0 6.28318530717959
0

0101000
+4760 0 -4760 0 *
Wi

0101100
-4761 0 +4759 0 +4758 0 -4759 0 *
Fa
0  1e-07 298 0

0111000
+4757 0 *
Wi

0101100
+4761 0 *
Fa
0  1e-07 299 0

0111000
+4755 0 *
Wi

0101100
-4758 0 *
Fa
0  1e-07 300 0

0111000
-4753 0 *
Sh

0101100
+4756 0 +4754 0 -4752 0 *
So

0100000
+4751 0 *
Ve
1e-07
-41.681577059196 38.75 41.1335936314133
0 0

0101101
*
Ed
 1e-07 1 1 0
1  301 0 0 6.28318530717959
2  601 301 0 0 6.28318530717959
2  602 302 0 0 6.28318530717959
0

0101000
+4749 0 -4749 0 *
Ve
1e-07
-60.4688340689654 19.375 20.8659455495734
0 0

0101101
*
Ed
 1e-07 1 1 0
1  302 0 0 33.7509882776851
3  603 604CN 301 0 0 33.7509882776851
0

0101000
-4749 0 +4747 0 *
Ed
 1e-07 1 1 0
1  303 0 0 6.28318530717959
2  605 301 0 0 6.28318530717959
2  606 303 0 0 6.28318530717959
0

0101000
+4747 0 -4747 0 *
Wi

0101100
-4748 0 +4746 0 +4745 0 -4746 0 *
Fa
0  1e-07 301 0

0111000
+4744 0 *
Wi

0101100
+4748 0 *
Fa
0  1e-07 302 0

0111000
+4742 0 *
Wi

0101100
-4745 0 *
Fa
0  1e-07 303 0

0111000
-4740 0 *
Sh

0101100
+4743 0 +4741 0 -4739 0 *
So

0100000
+4738 0 *
Ve
1e-07
-56.6517562741373 58.125 16.9914063685867
0 0

0101101
*
Ed
 1e-07 1 1 0
1  304 0 0 6.28318530717959
2  607 304 0 0 6.28318530717959
2  608 305 0 0 6.28318530717959
0

0101000
+4736 0 -4736 0 *
Ve
1e-07
-36.9850896074707 38.75 36.3664063685867
0 0

0101101
*
Ed
 1e-07 1 1 0
1  305 0 0 33.7277189827266
3  609 610CN 304 0 0 33.7277189827266
0

0101000
-4736 0 +4734 0 *
Ed
 1e-07 1 1 0
1  306 0 0 6.28318530717959
2  611 304 0 0 6.28318530717959
2  612 306 0 0 6.28318530717959
0

0101000
+4734 0 -4734 0 *
Wi

0101100
-4735 0 +4733 0 +4732 0 -4733 0 *
Fa
0  1e-07 304 0

0111000
+4731 0 *
Wi

0101100
+4735 0 *
Fa
0  1e-07 305 0

0111000
+4729 0 *
Wi

0101100
-4732 0 *
Fa
0  1e-07 306 0

0111000
-4727 0 *
Sh

0101100
+4730 0 +4728 0 -4726 0 *
So

0100000
+4725 0 *
Ve
1e-07
-61.3482437258627 58.125 55.7414063685867
0 0

0101101
*
Ed
 1e-07 1 1 0
1  307 0 0 6.28318530717959
2  613 307 0 0 6.28318530717959
2  614 308 0 0 6.28318530717959
0

0101000
+4723 0 -4723 0 *
Ve
1e-07
-41.681577059196 38.75 36.3664063685867
0 0

0101101
*
Ed
 1e-07 1 1 0
1  308 0 0 33.7277189827266
3  615 616CN 307 0 0 33.7277189827266
0

0101000
-4723 0 +4721 0 *
Ed
 1e-07 1 1 0
1  309 0 0 6.28318530717959
2  617 307 0 0 6.28318530717959
2  618 309 0 0 6.28318530717959
0

0101000
+4721 0 -4721 0 *
Wi

0101100
-4722 0 +4720 0 +4719 0 -4720 0 *
Fa
0  1e-07 307 0

0111000
+4718 0 *
Wi

0101100
+4722 0 *
Fa
0  1e-07 308 0

0111000
+4716 0 *
Wi

0101100
-4719 0 *
Fa
0  1e-07 309 0

0111000
-4714 0 *
Sh

0101100
+4717 0 +4715 0 -4713 0 *
So

0100000
+4712 0 *
Ve
1e-07
-17.318422940804 19.375 21.7585936314133
0 0

0101101
*
Ed
 1e-07 1 1 0
1  310 0 0 6.28318530717959
2  619 310 0 0 6.28318530717959
2  620 311 0 0 6.28318530717959
0

0101000
+4710 0 -4710 0 *
Ve
1e-07
-36.9850896074707 38.75 41.1335936314133
0 0

0101101
*
Ed
 1e-07 1 1 0
1  311 0 0 33.7277189827266
3  621 622CN 310 0 0 33.7277189827266
0

0101000
-4710 0 +4708 0 *
Ed
 1e-07 1 1 0
1  312 0 0 6.28318530717959
2  623 310 0 0 6.28318530717959
2  624 312 0 0 6.28318530717959
0

0101000
+4708 0 -4708 0 *
Wi

0101100
-4709 0 +4707 0 +4706 0 -4707 0 *
Fa
0  1e-07 310 0

0111000
+4705 0 *
Wi

0101100
+4709 0 *
Fa
0  1e-07 311 0

0111000
+4703 0 *
Wi

0101100
-4706 0 *
Fa
0  1e-07 312 0

0111000
-4701 0 *
Sh

0101100
+4704 0 +4702 0 -4700 0 *
So

0100000
+4699 0 *
Ve
1e-07
-21.423833877291 19.375 59.9086191901391
0 0

0101101
*
Ed
 1e-07 1 1 0
1  313 0 0 6.28318530717959
2  625 313 0 0 6.28318530717959
2  626 314 0 0 6.28318530717959
0

0101000
+4697 0 -4697 0 *
Ve
1e-07
-41.681577059196 38.75 41.1335936314133
0 0

0101101
*
Ed
 1e-07 1 1 0
1  314 0 0 33.7382330384213
3  627 628CN 313 0 0 33.7382330384213
0

0101000
-4697 0 +4695 0 *
Ed
 1e-07 1 1 0
1  315 0 0 6.28318530717959
2  629 313 0 0 6.28318530717959
2  630 315 0 0 6.28318530717959
0

0101000
+4695 0 -4695 0 *
Wi

0101100
-4696 0 +4694 0 +4693 0 -4694 0 *
Fa
0  1e-07 313 0

0111000
+4692 0 *
Wi

0101100
+4696 0 *
Fa
0  1e-07 314 0

0111000
+4690 0 *
Wi

0101100
-4693 0 *
Fa
0  1e-07 315 0

0111000
-4688 0 *
Sh

0101100
+4691 0 +4689 0 -4687 0 *
So

0100000
+4686 0 *
Ve
1e-07
-17.318422940804 58.125 21.7585936314133
0 0

0101101
*
Ed
 1e-07 1 1 0
1  316 0 0 6.28318530717959
2  631 316 0 0 6.28318530717959
2  632 317 0 0 6.28318530717959
0

0101000
+4684 0 -4684 0 *
Ve
1e-07
-36.9850896074707 38.75 41.1335936314133
0 0

0101101
*
Ed
 1e-07 1 1 0
1  317 0 0 33.7277189827266
3  633 634CN 316 0 0 33.7277189827266
0

0101000
-4684 0 +4682 0 *
Ed
 1e-07 1 1 0
1  318 0 0 6.28318530717959
2  635 316 0 0 6.28318530717959
2  636 318 0 0 6.28318530717959
0

0101000
+4682 0 -4682 0 *
Wi

0101100
-4683 0 +4681 0 +4680 0 -4681 0 *
Fa
0  1e-07 316 0

0111000
+4679 0 *
Wi

0101100
+4683 0 *
Fa
0  1e-07 317 0

0111000
+4677 0 *
Wi

0101100
-4680 0 *
Fa
0  1e-07 318 0

0111000
-4675 0 *
Sh

0101100
+4678 0 +4676 0 -4674 0 *
So

0100000
+4673 0 *
Ve
1e-07
-21.9714372702525 58.125 60.4644660750376
0 0

0101101
*
Ed
 1e-07 1 1 0
1  319 0 0 6.28318530717959
2  637 319 0 0 6.28318530717959
2  638 320 0 0 6.28318530717959
0

0101000
+4671 0 -4671 0 *
Ve
1e-07
-41.681577059196 38.75 41.1335936314133
0 0

0101101
*
Ed
 1e-07 1 1 0
1  320 0 0 33.7277758669523
3  639 640CN 319 0 0 33.7277758669523
0

0101000
-4671 0 +4669 0 *
Ed
 1e-07 1 1 0
1  321 0 0 6.28318530717959
2  641 319 0 0 6.28318530717959
2  642 321 0 0 6.28318530717959
0

0101000
+4669 0 -4669 0 *
Wi

0101100
-4670 0 +4668 0 +4667 0 -4668 0 *
Fa
0  1e-07 319 0

0111000
+4666 0 *
Wi

0101100
+4670 0 *
Fa
0  1e-07 320 0

0111000
+4664 0 *
Wi

0101100
-4667 0 *
Fa
0  1e-07 321 0

0111000
-4662 0 *
Sh

0101100
+4665 0 +4663 0 -4661 0 *
So

0100000
+4660 0 *
Ve
1e-07
-56.6517562741373 58.125 55.7414063685867
0 0

0101101
*
Ed
 1e-07 1 1 0
1  322 0 0 6.28318530717959
2  643 322 0 0 6.28318530717959
2  644 323 0 0 6.28318530717959
0

0101000
+4658 0 -4658 0 *
Ve
1e-07
-36.9850896074707 38.75 75.1164063685867
0 0

0101101
*
Ed
 1e-07 1 1 0
1  323 0 0 33.7277189827266
3  645 646CN 322 0 0 33.7277189827266
0

0101000
-4658 0 +4656 0 *
Ed
 1e-07 1 1 0
1  324 0 0 6.28318530717959
2  647 322 0 0 6.28318530717959
2  648 324 0 0 6.28318530717959
0

0101000
+4656 0 -4656 0 *
Wi

0101100
-4657 0 +4655 0 +4654 0 -4655 0 *
Fa
0  1e-07 322 0

0111000
+4653 0 *
Wi

0101100
+4657 0 *
Fa
0  1e-07 323 0

0111000
+4651 0 *
Wi

0101100
-4654 0 *
Fa
0  1e-07 324 0

0111000
-4649 0 *
Sh

0101100
+4652 0 +4650 0 -4648 0 *
So

0100000
+4647 0 *
Ve
1e-07
-17.9094994560423 19.375 59.9086191901391
0 0

0101101
*
Ed
 1e-07 1 1 0
1  325 0 0 6.28318530717959
2  649 325 0 0 6.28318530717959
2  650 326 0 0 6.28318530717959
0

0101000
+4645 0 -4645 0 *
Ve
1e-07
-36.9850896074707 38.75 79.8835936314133
0 0

0101101
*
Ed
 1e-07 1 1 0
1  326 0 0 33.7382330384213
3  651 652CN 325 0 0 33.7382330384213
0

0101000
-4645 0 +4643 0 *
Ed
 1e-07 1 1 0
1  327 0 0 6.28318530717959
2  653 325 0 0 6.28318530717959
2  654 327 0 0 6.28318530717959
0

0101000
+4643 0 -4643 0 *
Wi

0101100
-4644 0 +4642 0 +4641 0 -4642 0 *
Fa
0  1e-07 325 0

0111000
+4640 0 *
Wi

0101100
+4644 0 *
Fa
0  1e-07 326 0

0111000
+4638 0 *
Wi

0101100
-4641 0 *
Fa
0  1e-07 327 0

0111000
-4636 0 *
Sh

0101100
+4639 0 +4637 0 -4635 0 *
So

0100000
+4634 0 *
Ve
1e-07
-17.3618960630809 58.125 60.4644660750376
0 0

0101101
*
Ed
 1e-07 1 1 0
1  328 0 0 6.28318530717959
2  655 328 0 0 6.28318530717959
2  656 329 0 0 6.28318530717959
0

0101000
+4632 0 -4632 0 *
Ve
1e-07
-36.9850896074707 38.75 79.8835936314133
0 0

0101101
*
Ed
 1e-07 1 1 0
1  329 0 0 33.7277758669523
3  657 658CN 328 0 0 33.7277758669523
0

0101000
-4632 0 +4630 0 *
Ed
 1e-07 1 1 0
1  330 0 0 6.28318530717959
2  659 328 0 0 6.28318530717959
2  660 330 0 0 6.28318530717959
0

0101000
+4630 0 -4630 0 *
Wi

0101100
-4631 0 +4629 0 +4628 0 -4629 0 *
Fa
0  1e-07 328 0

0111000
+4627 0 *
Wi

0101100
+4631 0 *
Fa
0  1e-07 329 0

0111000
+4625 0 *
Wi

0101100
-4628 0 *
Fa
0  1e-07 330 0

0111000
-4623 0 *
Sh

0101100
+4626 0 +4624 0 -4622 0 *
So

0100000
+4621 0 *
Ve
1e-07
-61.3482437258627 58.125 -21.7585936314133
0 0

0101101
*
Ed
 1e-07 1 1 0
1  331 0 0 6.28318530717959
2  661 331 0 0 6.28318530717959
2  662 332 0 0 6.28318530717959
0

0101000
+4619 0 -4619 0 *
Ve
1e-07
-40.5484444059434 77.5 -39.9834030672515
0 0

0101101
*
Ed
 1e-07 1 1 0
1  332 0 0 33.7663435349688
3  663 664CN 331 0 0 33.7663435349688
0

0101000
-4619 0 +4617 0 *
Ed
 1e-07 1 1 0
1  333 0 0 6.28318530717959
2  665 331 0 0 6.28318530717959
2  666 333 0 0 6.28318530717959
0

0101000
+4617 0 -4617 0 *
Wi

0101100
-4618 0 +4616 0 +4615 0 -4616 0 *
Fa
0  1e-07 331 0

0111000
+4614 0 *
Wi

0101100
+4618 0 *
Fa
0  1e-07 332 0

0111000
+4612 0 *
Wi

0101100
-4615 0 *
Fa
0  1e-07 333 0

0111000
-4610 0 *
Sh

0101100
+4613 0 +4611 0 -4609 0 *
So

0100000
+4608 0 *
Ve
1e-07
-41.5374671159647 77.5 2.23731429118713
0 0

0101101
*
Ed
 1e-07 1 1 0
1  334 0 0 6.28318530717959
2  667 334 0 0 6.28318530717959
2  668 335 0 0 6.28318530717959
0

0101000
+4606 0 -4606 0 *
Ve
1e-07
-61.3482437258627 58.125 -16.9914063685867
0 0

0101101
*
Ed
 1e-07 1 1 0
1  335 0 0 33.7283440610252
3  669 670CN 334 0 0 33.7283440610252
0

0101000
-4606 0 +4604 0 *
Ed
 1e-07 1 1 0
1  336 0 0 6.28318530717959
2  671 334 0 0 6.28318530717959
2  672 336 0 0 6.28318530717959
0

0101000
+4604 0 -4604 0 *
Wi

0101100
-4605 0 +4603 0 +4602 0 -4603 0 *
Fa
0  1e-07 334 0

0111000
+4601 0 *
Wi

0101100
+4605 0 *
Fa
0  1e-07 335 0

0111000
+4599 0 *
Wi

0101100
-4602 0 *
Fa
0  1e-07 336 0

0111000
-4597 0 *
Sh

0101100
+4600 0 +4598 0 -4596 0 *
So

0100000
+4595 0 *
Ve
1e-07
-61.3482437258627 58.125 16.9914063685867
0 0

0101101
*
Ed
 1e-07 1 1 0
1  337 0 0 6.28318530717959
2  673 337 0 0 6.28318530717959
2  674 338 0 0 6.28318530717959
0

0101000
+4593 0 -4593 0 *
Ve
1e-07
-41.5374671159647 77.5 -2.23731429118713
0 0

0101101
*
Ed
 1e-07 1 1 0
1  338 0 0 33.7283440610252
3  675 676CN 337 0 0 33.7283440610252
0

0101000
-4593 0 +4591 0 *
Ed
 1e-07 1 1 0
1  339 0 0 6.28318530717959
2  677 337 0 0 6.28318530717959
2  678 339 0 0 6.28318530717959
0

0101000
+4591 0 -4591 0 *
Wi

0101100
-4592 0 +4590 0 +4589 0 -4590 0 *
Fa
0  1e-07 337 0

0111000
+4588 0 *
Wi

0101100
+4592 0 *
Fa
0  1e-07 338 0

0111000
+4586 0 *
Wi

0101100
-4589 0 *
Fa
0  1e-07 339 0

0111000
-4584 0 *
Sh

0101100
+4587 0 +4585 0 -4583 0 *
So

0100000
+4582 0 *
Ve
1e-07
-17.318422940804 58.125 -16.9914063685867
0 0

0101101
*
Ed
 1e-07 1 1 0
1  340 0 0 6.28318530717959
2  679 340 0 0 6.28318530717959
2  680 341 0 0 6.28318530717959
0

0101000
+4580 0 -4580 0 *
Ve
1e-07
-37.1291995507019 77.5 2.23731429118713
0 0

0101101
*
Ed
 1e-07 1 1 0
1  341 0 0 33.7283440610252
3  681 682CN 340 0 0 33.7283440610252
0

0101000
-4580 0 +4578 0 *
Ed
 1e-07 1 1 0
1  342 0 0 6.28318530717959
2  683 340 0 0 6.28318530717959
2  684 342 0 0 6.28318530717959
0

0101000
+4578 0 -4578 0 *
Wi

0101100
-4579 0 +4577 0 +4576 0 -4577 0 *
Fa
0  1e-07 340 0

0111000
+4575 0 *
Wi

0101100
+4579 0 *
Fa
0  1e-07 341 0

0111000
+4573 0 *
Wi

0101100
-4576 0 *
Fa
0  1e-07 342 0

0111000
-4571 0 *
Sh

0101100
+4574 0 +4572 0 -4570 0 *
So

0100000
+4569 0 *
Ve
1e-07
-22.0149103925293 58.125 21.7585936314133
0 0

0101101
*
Ed
 1e-07 1 1 0
1  343 0 0 6.28318530717959
2  685 343 0 0 6.28318530717959
2  686 344 0 0 6.28318530717959
0

0101000
+4567 0 -4567 0 *
Ve
1e-07
-41.5374671159647 77.5 2.23731429118714
0 0

0101101
*
Ed
 1e-07 1 1 0
1  344 0 0 33.7283440610252
3  687 688CN 343 0 0 33.7283440610252
0

0101000
-4567 0 +4565 0 *
Ed
 1e-07 1 1 0
1  345 0 0 6.28318530717959
2  689 343 0 0 6.28318530717959
2  690 345 0 0 6.28318530717959
0

0101000
+4565 0 -4565 0 *
Wi

0101100
-4566 0 +4564 0 +4563 0 -4564 0 *
Fa
0  1e-07 343 0

0111000
+4562 0 *
Wi

0101100
+4566 0 *
Fa
0  1e-07 344 0

0111000
+4560 0 *
Wi

0101100
-4563 0 *
Fa
0  1e-07 345 0

0111000
-4558 0 *
Sh

0101100
+4561 0 +4559 0 -4557 0 *
So

0100000
+4556 0 *
Ve
1e-07
-40.5498440966827 77.5 39.9848238286041
0 0

0101101
*
Ed
 1e-07 1 1 0
1  346 0 0 6.28318530717959
2  691 346 0 0 6.28318530717959
2  692 347 0 0 6.28318530717959
0

0101000
+4554 0 -4554 0 *
Ve
1e-07
-61.3482437258627 58.125 21.7585936314133
0 0

0101101
*
Ed
 1e-07 1 1 0
1  347 0 0 33.7662482271286
3  693 694CN 346 0 0 33.7662482271286
0

0101000
-4554 0 +4552 0 *
Ed
 1e-07 1 1 0
1  348 0 0 6.28318530717959
2  695 346 0 0 6.28318530717959
2  696 348 0 0 6.28318530717959
0

0101000
+4552 0 -4552 0 *
Wi

0101100
-4553 0 +4551 0 +4550 0 -4551 0 *
Fa
0  1e-07 346 0

0111000
+4549 0 *
Wi

0101100
+4553 0 *
Fa
0  1e-07 347 0

0111000
+4547 0 *
Wi

0101100
-4550 0 *
Fa
0  1e-07 348 0

0111000
-4545 0 *
Sh

0101100
+4548 0 +4546 0 -4544 0 *
So

0100000
+4543 0 *
Ve
1e-07
-17.318422940804 19.375 -21.7585936314133
0 0

0101101
*
Ed
 1e-07 1 1 0
1  349 0 0 6.28318530717959
2  697 349 0 0 6.28318530717959
2  698 350 0 0 6.28318530717959
0

0101000
+4541 0 -4541 0 *
Ve
1e-07
1.91710265507394 6.23476016739453e-16 -1.94596226493527
0 0

0101101
*
Ed
 1e-07 1 1 0
1  350 0 0 33.7333133803015
3  699 700CN 349 0 0 33.7333133803015
0

0101000
-4541 0 +4539 0 *
Ed
 1e-07 1 1 0
1  351 0 0 6.28318530717959
2  701 349 0 0 6.28318530717959
2  702 351 0 0 6.28318530717959
0

0101000
+4539 0 -4539 0 *
Wi

0101100
-4540 0 +4538 0 +4537 0 -4538 0 *
Fa
0  1e-07 349 0

0111000
+4536 0 *
Wi

0101100
+4540 0 *
Fa
0  1e-07 350 0

0111000
+4534 0 *
Wi

0101100
-4537 0 *
Fa
0  1e-07 351 0

0111000
-4532 0 *
Sh

0101100
+4535 0 +4533 0 -4531 0 *
So

0100000
+4530 0 *
Ve
1e-07
-22.0149103925293 19.375 16.9914063685867
0 0

0101101
*
Ed
 1e-07 1 1 0
1  352 0 0 6.28318530717959
2  703 352 0 0 6.28318530717959
2  704 353 0 0 6.28318530717959
0

0101000
+4528 0 -4528 0 *
Ve
1e-07
-1.91710265507394 4.71837557940061e-16 -1.94596226493527
0 0

0101101
*
Ed
 1e-07 1 1 0
1  353 0 0 33.7333133803015
3  705 706CN 352 0 0 33.7333133803015
0

0101000
-4528 0 +4526 0 *
Ed
 1e-07 1 1 0
1  354 0 0 6.28318530717959
2  707 352 0 0 6.28318530717959
2  708 354 0 0 6.28318530717959
0

0101000
+4526 0 -4526 0 *
Wi

0101100
-4527 0 +4525 0 +4524 0 -4525 0 *
Fa
0  1e-07 352 0

0111000
+4523 0 *
Wi

0101100
+4527 0 *
Fa
0  1e-07 353 0

0111000
+4521 0 *
Wi

0101100
-4524 0 *
Fa
0  1e-07 354 0

0111000
-4519 0 *
Sh

0101100
+4522 0 +4520 0 -4518 0 *
So

0100000
+4517 0 *
Ve
1e-07
22.0149103925293 19.375 -16.9914063685867
0 0

0101101
*
Ed
 1e-07 1 1 0
1  355 0 0 6.28318530717959
2  709 355 0 0 6.28318530717959
2  710 356 0 0 6.28318530717959
0

0101000
+4515 0 -4515 0 *
Ve
1e-07
1.91710265507394 6.23476016739453e-16 1.94596226493527
0 0

0101101
*
Ed
 1e-07 1 1 0
1  356 0 0 33.7333133803014
3  711 712CN 355 0 0 33.7333133803014
0

0101000
-4515 0 +4513 0 *
Ed
 1e-07 1 1 0
1  357 0 0 6.28318530717959
2  713 355 0 0 6.28318530717959
2  714 357 0 0 6.28318530717959
0

0101000
+4513 0 -4513 0 *
Wi

0101100
-4514 0 +4512 0 +4511 0 -4512 0 *
Fa
0  1e-07 355 0

0111000
+4510 0 *
Wi

0101100
+4514 0 *
Fa
0  1e-07 356 0

0111000
+4508 0 *
Wi

0101100
-4511 0 *
Fa
0  1e-07 357 0

0111000
-4506 0 *
Sh

0101100
+4509 0 +4507 0 -4505 0 *
So

0100000
+4504 0 *
Ve
1e-07
17.318422940804 19.375 21.7585936314133
0 0

0101101
*
Ed
 1e-07 1 1 0
1  358 0 0 6.28318530717959
2  715 358 0 0 6.28318530717959
2  716 359 0 0 6.28318530717959
0

0101000
+4502 0 -4502 0 *
Ve
1e-07
-1.91710265507394 4.71837557940061e-16 1.94596226493527
0 0

0101101
*
Ed
 1e-07 1 1 0
1  359 0 0 33.7333133803014
3  717 718CN 358 0 0 33.7333133803014
0

0101000
-4502 0 +4500 0 *
Ed
 1e-07 1 1 0
1  360 0 0 6.28318530717959
2  719 358 0 0 6.28318530717959
2  720 360 0 0 6.28318530717959
0

0101000
+4500 0 -4500 0 *
Wi

0101100
-4501 0 +4499 0 +4498 0 -4499 0 *
Fa
0  1e-07 358 0

0111000
+4497 0 *
Wi

0101100
+4501 0 *
Fa
0  1e-07 359 0

0111000
+4495 0 *
Wi

0101100
-4498 0 *
Fa
0  1e-07 360 0

0111000
-4493 0 *
Sh

0101100
+4496 0 +4494 0 -4492 0 *
So

0100000
+4491 0 *
Ve
1e-07
1.60950546411103 38.75 -75.8662654213755
0 0

0101101
*
Ed
 1e-07 1 1 0
1  361 0 0 6.28318530717959
2  721 361 0 0 6.28318530717959
2  722 362 0 0 6.28318530717959
0

0101000
+4489 0 -4489 0 *
Ve
1e-07
-17.9093800612313 19.375 -56.3412596177086
0 0

0101101
*
Ed
 1e-07 1 1 0
1  362 0 0 33.7283763140867
3  723 724CN 361 0 0 33.7283763140867
0

0101000
-4489 0 +4487 0 *
Ed
 1e-07 1 1 0
1  363 0 0 6.28318530717959
2  725 361 0 0 6.28318530717959
2  726 363 0 0 6.28318530717959
0

0101000
+4487 0 -4487 0 *
Wi

0101100
-4488 0 +4486 0 +4485 0 -4486 0 *
Fa
0  1e-07 361 0

0111000
+4484 0 *
Wi

0101100
+4488 0 *
Fa
0  1e-07 362 0

0111000
+4482 0 *
Wi

0101100
-4485 0 *
Fa
0  1e-07 363 0

0111000
-4480 0 *
Sh

0101100
+4483 0 +4481 0 -4479 0 *
So

0100000
+4478 0 *
Ve
1e-07
-2.34824372586264 38.75 -36.3664063685867
0 0

0101101
*
Ed
 1e-07 1 1 0
1  364 0 0 6.28318530717959
2  727 364 0 0 6.28318530717959
2  728 365 0 0 6.28318530717959
0

0101000
+4476 0 -4476 0 *
Ve
1e-07
-21.4239532721021 19.375 -56.3412596177086
0 0

0101101
*
Ed
 1e-07 1 1 0
1  365 0 0 33.7382287919275
3  729 730CN 364 0 0 33.7382287919275
0

0101000
-4476 0 +4474 0 *
Ed
 1e-07 1 1 0
1  366 0 0 6.28318530717959
2  731 364 0 0 6.28318530717959
2  732 366 0 0 6.28318530717959
0

0101000
+4474 0 -4474 0 *
Wi

0101100
-4475 0 +4473 0 +4472 0 -4473 0 *
Fa
0  1e-07 364 0

0111000
+4471 0 *
Wi

0101100
+4475 0 *
Fa
0  1e-07 365 0

0111000
+4469 0 *
Wi

0101100
-4472 0 *
Fa
0  1e-07 366 0

0111000
-4467 0 *
Sh

0101100
+4470 0 +4468 0 -4466 0 *
So

0100000
+4465 0 *
Ve
1e-07
-21.97136976536 58.125 -60.4643975539424
0 0

0101101
*
Ed
 1e-07 1 1 0
1  367 0 0 6.28318530717959
2  733 367 0 0 6.28318530717959
2  734 368 0 0 6.28318530717959
0

0101000
+4463 0 -4463 0 *
Ve
1e-07
-1.60950546411103 38.75 -79.1337345786245
0 0

0101101
*
Ed
 1e-07 1 1 0
1  368 0 0 33.7422626355086
3  735 736CN 367 0 0 33.7422626355086
0

0101000
-4463 0 +4461 0 *
Ed
 1e-07 1 1 0
1  369 0 0 6.28318530717959
2  737 367 0 0 6.28318530717959
2  738 369 0 0 6.28318530717959
0

0101000
+4461 0 -4461 0 *
Wi

0101100
-4462 0 +4460 0 +4459 0 -4460 0 *
Fa
0  1e-07 367 0

0111000
+4458 0 *
Wi

0101100
+4462 0 *
Fa
0  1e-07 368 0

0111000
+4456 0 *
Wi

0101100
-4459 0 *
Fa
0  1e-07 369 0

0111000
-4454 0 *
Sh

0101100
+4457 0 +4455 0 -4453 0 *
So

0100000
+4452 0 *
Ve
1e-07
17.318422940804 19.375 -55.7414063685867
0 0

0101101
*
Ed
 1e-07 1 1 0
1  370 0 0 6.28318530717959
2  739 370 0 0 6.28318530717959
2  740 371 0 0 6.28318530717959
0

0101000
+4450 0 -4450 0 *
Ve
1e-07
-1.60950546411103 38.75 -75.8662654213755
0 0

0101101
*
Ed
 1e-07 1 1 0
1  371 0 0 33.7441409817497
3  741 742CN 370 0 0 33.7441409817497
0

0101000
-4450 0 +4448 0 *
Ed
 1e-07 1 1 0
1  372 0 0 6.28318530717959
2  743 370 0 0 6.28318530717959
2  744 372 0 0 6.28318530717959
0

0101000
+4448 0 -4448 0 *
Wi

0101100
-4449 0 +4447 0 +4446 0 -4447 0 *
Fa
0  1e-07 370 0

0111000
+4445 0 *
Wi

0101100
+4449 0 *
Fa
0  1e-07 371 0

0111000
+4443 0 *
Wi

0101100
-4446 0 *
Fa
0  1e-07 372 0

0111000
-4441 0 *
Sh

0101100
+4444 0 +4442 0 -4440 0 *
So

0100000
+4439 0 *
Ve
1e-07
-22.0149103925293 19.375 -21.7585936314133
0 0

0101101
*
Ed
 1e-07 1 1 0
1  373 0 0 6.28318530717959
2  745 373 0 0 6.28318530717959
2  746 374 0 0 6.28318530717959
0

0101000
+4437 0 -4437 0 *
Ve
1e-07
-2.34824372586265 38.75 -41.1335936314133
0 0

0101101
*
Ed
 1e-07 1 1 0
1  374 0 0 33.7277189827266
3  747 748CN 373 0 0 33.7277189827266
0

0101000
-4437 0 +4435 0 *
Ed
 1e-07 1 1 0
1  375 0 0 6.28318530717959
2  749 373 0 0 6.28318530717959
2  750 375 0 0 6.28318530717959
0

0101000
+4435 0 -4435 0 *
Wi

0101100
-4436 0 +4434 0 +4433 0 -4434 0 *
Fa
0  1e-07 373 0

0111000
+4432 0 *
Wi

0101100
+4436 0 *
Fa
0  1e-07 374 0

0111000
+4430 0 *
Wi

0101100
-4433 0 *
Fa
0  1e-07 375 0

0111000
-4428 0 *
Sh

0101100
+4431 0 +4429 0 -4427 0 *
So

0100000
+4426 0 *
Ve
1e-07
-17.3619635679734 58.125 -60.4643975539424
0 0

0101101
*
Ed
 1e-07 1 1 0
1  376 0 0 6.28318530717959
2  751 376 0 0 6.28318530717959
2  752 377 0 0 6.28318530717959
0

0101000
+4424 0 -4424 0 *
Ve
1e-07
2.34824372586265 38.75 -41.1335936314133
0 0

0101101
*
Ed
 1e-07 1 1 0
1  377 0 0 33.7277760437485
3  753 754CN 376 0 0 33.7277760437485
0

0101000
-4424 0 +4422 0 *
Ed
 1e-07 1 1 0
1  378 0 0 6.28318530717959
2  755 376 0 0 6.28318530717959
2  756 378 0 0 6.28318530717959
0

0101000
+4422 0 -4422 0 *
Wi

0101100
-4423 0 +4421 0 +4420 0 -4421 0 *
Fa
0  1e-07 376 0

0111000
+4419 0 *
Wi

0101100
+4423 0 *
Fa
0  1e-07 377 0

0111000
+4417 0 *
Wi

0101100
-4420 0 *
Fa
0  1e-07 378 0

0111000
-4415 0 *
Sh

0101100
+4418 0 +4416 0 -4414 0 *
So

0100000
+4413 0 *
Ve
1e-07
-22.0149103925293 58.125 -21.7585936314133
0 0

0101101
*
Ed
 1e-07 1 1 0
1  379 0 0 6.28318530717959
2  757 379 0 0 6.28318530717959
2  758 380 0 0 6.28318530717959
0

0101000
+4411 0 -4411 0 *
Ve
1e-07
-2.34824372586265 38.75 -41.1335936314133
0 0

0101101
*
Ed
 1e-07 1 1 0
1  380 0 0 33.7277189827266
3  759 760CN 379 0 0 33.7277189827266
0

0101000
-4411 0 +4409 0 *
Ed
 1e-07 1 1 0
1  381 0 0 6.28318530717959
2  761 379 0 0 6.28318530717959
2  762 381 0 0 6.28318530717959
0

0101000
+4409 0 -4409 0 *
Wi

0101100
-4410 0 +4408 0 +4407 0 -4408 0 *
Fa
0  1e-07 379 0

0111000
+4406 0 *
Wi

0101100
+4410 0 *
Fa
0  1e-07 380 0

0111000
+4404 0 *
Wi

0101100
-4407 0 *
Fa
0  1e-07 381 0

0111000
-4402 0 *
Sh

0101100
+4405 0 +4403 0 -4401 0 *
So

0100000
+4400 0 *
Ve
1e-07
22.0149103925293 19.375 -55.7414063685867
0 0

0101101
*
Ed
 1e-07 1 1 0
1  382 0 0 6.28318530717959
2  763 382 0 0 6.28318530717959
2  764 383 0 0 6.28318530717959
0

0101000
+4398 0 -4398 0 *
Ve
1e-07
2.34824372586265 38.75 -36.3664063685867
0 0

0101101
*
Ed
 1e-07 1 1 0
1  383 0 0 33.7277189827266
3  765 766CN 382 0 0 33.7277189827266
0

0101000
-4398 0 +4396 0 *
Ed
 1e-07 1 1 0
1  384 0 0 6.28318530717959
2  767 382 0 0 6.28318530717959
2  768 384 0 0 6.28318530717959
0

0101000
+4396 0 -4396 0 *
Wi

0101100
-4397 0 +4395 0 +4394 0 -4395 0 *
Fa
0  1e-07 382 0

0111000
+4393 0 *
Wi

0101100
+4397 0 *
Fa
0  1e-07 383 0

0111000
+4391 0 *
Wi

0101100
-4394 0 *
Fa
0  1e-07 384 0

0111000
-4389 0 *
Sh

0101100
+4392 0 +4390 0 -4388 0 *
So

0100000
+4387 0 *
Ve
1e-07
17.318422940804 19.375 -16.9914063685867
0 0

0101101
*
Ed
 1e-07 1 1 0
1  385 0 0 6.28318530717959
2  769 385 0 0 6.28318530717959
2  770 386 0 0 6.28318530717959
0

0101000
+4385 0 -4385 0 *
Ve
1e-07
-2.34824372586265 38.75 -36.3664063685867
0 0

0101101
*
Ed
 1e-07 1 1 0
1  386 0 0 33.7277189827266
3  771 772CN 385 0 0 33.7277189827266
0

0101000
-4385 0 +4383 0 *
Ed
 1e-07 1 1 0
1  387 0 0 6.28318530717959
2  773 385 0 0 6.28318530717959
2  774 387 0 0 6.28318530717959
0

0101000
+4383 0 -4383 0 *
Wi

0101100
-4384 0 +4382 0 +4381 0 -4382 0 *
Fa
0  1e-07 385 0

0111000
+4380 0 *
Wi

0101100
+4384 0 *
Fa
0  1e-07 386 0

0111000
+4378 0 *
Wi

0101100
-4381 0 *
Fa
0  1e-07 387 0

0111000
-4376 0 *
Sh

0101100
+4379 0 +4377 0 -4375 0 *
So

0100000
+4374 0 *
Ve
1e-07
21.0020723065639 58.125 -56.7694914795022
0 0

0101101
*
Ed
 1e-07 1 1 0
1  388 0 0 6.28318530717959
2  775 388 0 0 6.28318530717959
2  776 389 0 0 6.28318530717959
0

0101000
+4372 0 -4372 0 *
Ve
1e-07
2.34824372586265 38.75 -36.3664063685867
0 0

0101101
*
Ed
 1e-07 1 1 0
1  389 0 0 33.7585815424974
3  777 778CN 388 0 0 33.7585815424974
0

0101000
-4372 0 +4370 0 *
Ed
 1e-07 1 1 0
1  390 0 0 6.28318530717959
2  779 388 0 0 6.28318530717959
2  780 390 0 0 6.28318530717959
0

0101000
+4370 0 -4370 0 *
Wi

0101100
-4371 0 +4369 0 +4368 0 -4369 0 *
Fa
0  1e-07 388 0

0111000
+4367 0 *
Wi

0101100
+4371 0 *
Fa
0  1e-07 389 0

0111000
+4365 0 *
Wi

0101100
-4368 0 *
Fa
0  1e-07 390 0

0111000
-4363 0 *
Sh

0101100
+4366 0 +4364 0 -4362 0 *
So

0100000
+4361 0 *
Ve
1e-07
17.318422940804 58.125 -16.9914063685867
0 0

0101101
*
Ed
 1e-07 1 1 0
1  391 0 0 6.28318530717959
2  781 391 0 0 6.28318530717959
2  782 392 0 0 6.28318530717959
0

0101000
+4359 0 -4359 0 *
Ve
1e-07
-2.34824372586265 38.75 -36.3664063685867
0 0

0101101
*
Ed
 1e-07 1 1 0
1  392 0 0 33.7277189827266
3  783 784CN 391 0 0 33.7277189827266
0

0101000
-4359 0 +4357 0 *
Ed
 1e-07 1 1 0
1  393 0 0 6.28318530717959
2  785 391 0 0 6.28318530717959
2  786 393 0 0 6.28318530717959
0

0101000
+4357 0 -4357 0 *
Wi

0101100
-4358 0 +4356 0 +4355 0 -4356 0 *
Fa
0  1e-07 391 0

0111000
+4354 0 *
Wi

0101100
+4358 0 *
Fa
0  1e-07 392 0

0111000
+4352 0 *
Wi

0101100
-4355 0 *
Fa
0  1e-07 393 0

0111000
-4350 0 *
Sh

0101100
+4353 0 +4351 0 -4349 0 *
So

0100000
+4348 0 *
Ve
1e-07
-2.34824372586265 38.75 2.38359363141328
0 0

0101101
*
Ed
 1e-07 1 1 0
1  394 0 0 6.28318530717959
2  787 394 0 0 6.28318530717959
2  788 395 0 0 6.28318530717959
0

0101000
+4346 0 -4346 0 *
Ve
1e-07
-22.0149103925293 19.375 -16.9914063685867
0 0

0101101
*
Ed
 1e-07 1 1 0
1  395 0 0 33.7277189827266
3  789 790CN 394 0 0 33.7277189827266
0

0101000
-4346 0 +4344 0 *
Ed
 1e-07 1 1 0
1  396 0 0 6.28318530717959
2  791 394 0 0 6.28318530717959
2  792 396 0 0 6.28318530717959
0

0101000
+4344 0 -4344 0 *
Wi

0101100
-4345 0 +4343 0 +4342 0 -4343 0 *
Fa
0  1e-07 394 0

0111000
+4341 0 *
Wi

0101100
+4345 0 *
Fa
0  1e-07 395 0

0111000
+4339 0 *
Wi

0101100
-4342 0 *
Fa
0  1e-07 396 0

0111000
-4337 0 *
Sh

0101100
+4340 0 +4338 0 -4336 0 *
So

0100000
+4335 0 *
Ve
1e-07
-22.0149103925293 19.375 16.9914063685867
0 0

0101101
*
Ed
 1e-07 1 1 0
1  397 0 0 6.28318530717959
2  793 397 0 0 6.28318530717959
2  794 398 0 0 6.28318530717959
0

0101000
+4333 0 -4333 0 *
Ve
1e-07
-2.34824372586265 38.75 -2.38359363141327
0 0

0101101
*
Ed
 1e-07 1 1 0
1  398 0 0 33.7277189827266
3  795 796CN 397 0 0 33.7277189827266
0

0101000
-4333 0 +4331 0 *
Ed
 1e-07 1 1 0
1  399 0 0 6.28318530717959
2  797 397 0 0 6.28318530717959
2  798 399 0 0 6.28318530717959
0

0101000
+4331 0 -4331 0 *
Wi

0101100
-4332 0 +4330 0 +4329 0 -4330 0 *
Fa
0  1e-07 397 0

0111000
+4328 0 *
Wi

0101100
+4332 0 *
Fa
0  1e-07 398 0

0111000
+4326 0 *
Wi

0101100
-4329 0 *
Fa
0  1e-07 399 0

0111000
-4324 0 *
Sh

0101100
+4327 0 +4325 0 -4323 0 *
So

0100000
+4322 0 *
Ve
1e-07
-17.318422940804 58.125 -21.7585936314133
0 0

0101101
*
Ed
 1e-07 1 1 0
1  400 0 0 6.28318530717959
2  799 400 0 0 6.28318530717959
2  800 401 0 0 6.28318530717959
0

0101000
+4320 0 -4320 0 *
Ve
1e-07
2.34824372586265 38.75 -2.38359363141327
0 0

0101101
*
Ed
 1e-07 1 1 0
1  401 0 0 33.7277189827266
3  801 802CN 400 0 0 33.7277189827266
0

0101000
-4320 0 +4318 0 *
Ed
 1e-07 1 1 0
1  402 0 0 6.28318530717959
2  803 400 0 0 6.28318530717959
2  804 402 0 0 6.28318530717959
0

0101000
+4318 0 -4318 0 *
Wi

0101100
-4319 0 +4317 0 +4316 0 -4317 0 *
Fa
0  1e-07 400 0

0111000
+4315 0 *
Wi

0101100
+4319 0 *
Fa
0  1e-07 401 0

0111000
+4313 0 *
Wi

0101100
-4316 0 *
Fa
0  1e-07 402 0

0111000
-4311 0 *
Sh

0101100
+4314 0 +4312 0 -4310 0 *
So

0100000
+4309 0 *
Ve
1e-07
-22.0149103925293 58.125 16.9914063685867
0 0

0101101
*
Ed
 1e-07 1 1 0
1  403 0 0 6.28318530717959
2  805 403 0 0 6.28318530717959
2  806 404 0 0 6.28318530717959
0

0101000
+4307 0 -4307 0 *
Ve
1e-07
-2.34824372586265 38.75 -2.38359363141327
0 0

0101101
*
Ed
 1e-07 1 1 0
1  404 0 0 33.7277189827266
3  807 808CN 403 0 0 33.7277189827266
0

0101000
-4307 0 +4305 0 *
Ed
 1e-07 1 1 0
1  405 0 0 6.28318530717959
2  809 403 0 0 6.28318530717959
2  810 405 0 0 6.28318530717959
0

0101000
+4305 0 -4305 0 *
Wi

0101100
-4306 0 +4304 0 +4303 0 -4304 0 *
Fa
0  1e-07 403 0

0111000
+4302 0 *
Wi

0101100
+4306 0 *
Fa
0  1e-07 404 0

0111000
+4300 0 *
Wi

0101100
-4303 0 *
Fa
0  1e-07 405 0

0111000
-4298 0 *
Sh

0101100
+4301 0 +4299 0 -4297 0 *
So

0100000
+4296 0 *
Ve
1e-07
22.0149103925293 19.375 -16.9914063685867
0 0

0101101
*
Ed
 1e-07 1 1 0
1  406 0 0 6.28318530717959
2  811 406 0 0 6.28318530717959
2  812 407 0 0 6.28318530717959
0

0101000
+4294 0 -4294 0 *
Ve
1e-07
2.34824372586265 38.75 2.38359363141327
0 0

0101101
*
Ed
 1e-07 1 1 0
1  407 0 0 33.7277189827266
3  813 814CN 406 0 0 33.7277189827266
0

0101000
-4294 0 +4292 0 *
Ed
 1e-07 1 1 0
1  408 0 0 6.28318530717959
2  815 406 0 0 6.28318530717959
2  816 408 0 0 6.28318530717959
0

0101000
+4292 0 -4292 0 *
Wi

0101100
-4293 0 +4291 0 +4290 0 -4291 0 *
Fa
0  1e-07 406 0

0111000
+4289 0 *
Wi

0101100
+4293 0 *
Fa
0  1e-07 407 0

0111000
+4287 0 *
Wi

0101100
-4290 0 *
Fa
0  1e-07 408 0

0111000
-4285 0 *
Sh

0101100
+4288 0 +4286 0 -4284 0 *
So

0100000
+4283 0 *
Ve
1e-07
17.318422940804 19.375 21.7585936314133
0 0

0101101
*
Ed
 1e-07 1 1 0
1  409 0 0 6.28318530717959
2  817 409 0 0 6.28318530717959
2  818 410 0 0 6.28318530717959
0

0101000
+4281 0 -4281 0 *
Ve
1e-07
-2.34824372586265 38.75 2.38359363141327
0 0

0101101
*
Ed
 1e-07 1 1 0
1  410 0 0 33.7277189827266
3  819 820CN 409 0 0 33.7277189827266
0

0101000
-4281 0 +4279 0 *
Ed
 1e-07 1 1 0
1  411 0 0 6.28318530717959
2  821 409 0 0 6.28318530717959
2  822 411 0 0 6.28318530717959
0

0101000
+4279 0 -4279 0 *
Wi

0101100
-4280 0 +4278 0 +4277 0 -4278 0 *
Fa
0  1e-07 409 0

0111000
+4276 0 *
Wi

0101100
+4280 0 *
Fa
0  1e-07 410 0

0111000
+4274 0 *
Wi

0101100
-4277 0 *
Fa
0  1e-07 411 0

0111000
-4272 0 *
Sh

0101100
+4275 0 +4273 0 -4271 0 *
So

0100000
+4270 0 *
Ve
1e-07
22.0149103925293 58.125 -16.9914063685867
0 0

0101101
*
Ed
 1e-07 1 1 0
1  412 0 0 6.28318530717959
2  823 412 0 0 6.28318530717959
2  824 413 0 0 6.28318530717959
0

0101000
+4268 0 -4268 0 *
Ve
1e-07
2.34824372586265 38.75 2.38359363141327
0 0

0101101
*
Ed
 1e-07 1 1 0
1  413 0 0 33.7277189827266
3  825 826CN 412 0 0 33.7277189827266
0

0101000
-4268 0 +4266 0 *
Ed
 1e-07 1 1 0
1  414 0 0 6.28318530717959
2  827 412 0 0 6.28318530717959
2  828 414 0 0 6.28318530717959
0

0101000
+4266 0 -4266 0 *
Wi

0101100
-4267 0 +4265 0 +4264 0 -4265 0 *
Fa
0  1e-07 412 0

0111000
+4263 0 *
Wi

0101100
+4267 0 *
Fa
0  1e-07 413 0

0111000
+4261 0 *
Wi

0101100
-4264 0 *
Fa
0  1e-07 414 0

0111000
-4259 0 *
Sh

0101100
+4262 0 +4260 0 -4258 0 *
So

0100000
+4257 0 *
Ve
1e-07
17.318422940804 58.125 21.7585936314133
0 0

0101101
*
Ed
 1e-07 1 1 0
1  415 0 0 6.28318530717959
2  829 415 0 0 6.28318530717959
2  830 416 0 0 6.28318530717959
0

0101000
+4255 0 -4255 0 *
Ve
1e-07
-2.34824372586265 38.75 2.38359363141327
0 0

0101101
*
Ed
 1e-07 1 1 0
1  416 0 0 33.7277189827266
3  831 832CN 415 0 0 33.7277189827266
0

0101000
-4255 0 +4253 0 *
Ed
 1e-07 1 1 0
1  417 0 0 6.28318530717959
2  833 415 0 0 6.28318530717959
2  834 417 0 0 6.28318530717959
0

0101000
+4253 0 -4253 0 *
Wi

0101100
-4254 0 +4252 0 +4251 0 -4252 0 *
Fa
0  1e-07 415 0

0111000
+4250 0 *
Wi

0101100
+4254 0 *
Fa
0  1e-07 416 0

0111000
+4248 0 *
Wi

0101100
-4251 0 *
Fa
0  1e-07 417 0

0111000
-4246 0 *
Sh

0101100
+4249 0 +4247 0 -4245 0 *
So

0100000
+4244 0 *
Ve
1e-07
-2.34824372586264 38.75 41.1335936314133
0 0

0101101
*
Ed
 1e-07 1 1 0
1  418 0 0 6.28318530717959
2  835 418 0 0 6.28318530717959
2  836 419 0 0 6.28318530717959
0

0101000
+4242 0 -4242 0 *
Ve
1e-07
-22.0149103925293 19.375 21.7585936314133
0 0

0101101
*
Ed
 1e-07 1 1 0
1  419 0 0 33.7277189827266
3  837 838CN 418 0 0 33.7277189827266
0

0101000
-4242 0 +4240 0 *
Ed
 1e-07 1 1 0
1  420 0 0 6.28318530717959
2  839 418 0 0 6.28318530717959
2  840 420 0 0 6.28318530717959
0

0101000
+4240 0 -4240 0 *
Wi

0101100
-4241 0 +4239 0 +4238 0 -4239 0 *
Fa
0  1e-07 418 0

0111000
+4237 0 *
Wi

0101100
+4241 0 *
Fa
0  1e-07 419 0

0111000
+4235 0 *
Wi

0101100
-4238 0 *
Fa
0  1e-07 420 0

0111000
-4233 0 *
Sh

0101100
+4236 0 +4234 0 -4232 0 *
So

0100000
+4231 0 *
Ve
1e-07
-21.423833877291 19.375 56.3413808098609
0 0

0101101
*
Ed
 1e-07 1 1 0
1  421 0 0 6.28318530717959
2  841 421 0 0 6.28318530717959
2  842 422 0 0 6.28318530717959
0

0101000
+4229 0 -4229 0 *
Ve
1e-07
-2.34824372586265 38.75 36.3664063685867
0 0

0101101
*
Ed
 1e-07 1 1 0
1  422 0 0 33.7382330384214
3  843 844CN 421 0 0 33.7382330384214
0

0101000
-4229 0 +4227 0 *
Ed
 1e-07 1 1 0
1  423 0 0 6.28318530717959
2  845 421 0 0 6.28318530717959
2  846 423 0 0 6.28318530717959
0

0101000
+4227 0 -4227 0 *
Wi

0101100
-4228 0 +4226 0 +4225 0 -4226 0 *
Fa
0  1e-07 421 0

0111000
+4224 0 *
Wi

0101100
+4228 0 *
Fa
0  1e-07 422 0

0111000
+4222 0 *
Wi

0101100
-4225 0 *
Fa
0  1e-07 423 0

0111000
-4220 0 *
Sh

0101100
+4223 0 +4221 0 -4219 0 *
So

0100000
+4218 0 *
Ve
1e-07
-17.318422940804 58.125 16.9914063685867
0 0

0101101
*
Ed
 1e-07 1 1 0
1  424 0 0 6.28318530717959
2  847 424 0 0 6.28318530717959
2  848 425 0 0 6.28318530717959
0

0101000
+4216 0 -4216 0 *
Ve
1e-07
2.34824372586265 38.75 36.3664063685867
0 0

0101101
*
Ed
 1e-07 1 1 0
1  425 0 0 33.7277189827266
3  849 850CN 424 0 0 33.7277189827266
0

0101000
-4216 0 +4214 0 *
Ed
 1e-07 1 1 0
1  426 0 0 6.28318530717959
2  851 424 0 0 6.28318530717959
2  852 426 0 0 6.28318530717959
0

0101000
+4214 0 -4214 0 *
Wi

0101100
-4215 0 +4213 0 +4212 0 -4213 0 *
Fa
0  1e-07 424 0

0111000
+4211 0 *
Wi

0101100
+4215 0 *
Fa
0  1e-07 425 0

0111000
+4209 0 *
Wi

0101100
-4212 0 *
Fa
0  1e-07 426 0

0111000
-4207 0 *
Sh

0101100
+4210 0 +4208 0 -4206 0 *
So

0100000
+4205 0 *
Ve
1e-07
-21.9714372702525 58.125 55.7855339249624
0 0

0101101
*
Ed
 1e-07 1 1 0
1  427 0 0 6.28318530717959
2  853 427 0 0 6.28318530717959
2  854 428 0 0 6.28318530717959
0

0101000
+4203 0 -4203 0 *
Ve
1e-07
-2.34824372586265 38.75 36.3664063685867
0 0

0101101
*
Ed
 1e-07 1 1 0
1  428 0 0 33.7277758669523
3  855 856CN 427 0 0 33.7277758669523
0

0101000
-4203 0 +4201 0 *
Ed
 1e-07 1 1 0
1  429 0 0 6.28318530717959
2  857 427 0 0 6.28318530717959
2  858 429 0 0 6.28318530717959
0

0101000
+4201 0 -4201 0 *
Wi

0101100
-4202 0 +4200 0 +4199 0 -4200 0 *
Fa
0  1e-07 427 0

0111000
+4198 0 *
Wi

0101100
+4202 0 *
Fa
0  1e-07 428 0

0111000
+4196 0 *
Wi

0101100
-4199 0 *
Fa
0  1e-07 429 0

0111000
-4194 0 *
Sh

0101100
+4197 0 +4195 0 -4193 0 *
So

0100000
+4192 0 *
Ve
1e-07
22.0149103925293 19.375 21.7585936314133
0 0

0101101
*
Ed
 1e-07 1 1 0
1  430 0 0 6.28318530717959
2  859 430 0 0 6.28318530717959
2  860 431 0 0 6.28318530717959
0

0101000
+4190 0 -4190 0 *
Ve
1e-07
2.34824372586265 38.75 41.1335936314133
0 0

0101101
*
Ed
 1e-07 1 1 0
1  431 0 0 33.7277189827266
3  861 862CN 430 0 0 33.7277189827266
0

0101000
-4190 0 +4188 0 *
Ed
 1e-07 1 1 0
1  432 0 0 6.28318530717959
2  863 430 0 0 6.28318530717959
2  864 432 0 0 6.28318530717959
0

0101000
+4188 0 -4188 0 *
Wi

0101100
-4189 0 +4187 0 +4186 0 -4187 0 *
Fa
0  1e-07 430 0

0111000
+4185 0 *
Wi

0101100
+4189 0 *
Fa
0  1e-07 431 0

0111000
+4183 0 *
Wi

0101100
-4186 0 *
Fa
0  1e-07 432 0

0111000
-4181 0 *
Sh

0101100
+4184 0 +4182 0 -4180 0 *
So

0100000
+4179 0 *
Ve
1e-07
17.318422940804 19.375 60.5085936314133
0 0

0101101
*
Ed
 1e-07 1 1 0
1  433 0 0 6.28318530717959
2  865 433 0 0 6.28318530717959
2  866 434 0 0 6.28318530717959
0

0101000
+4177 0 -4177 0 *
Ve
1e-07
-2.34824372586265 38.75 41.1335936314133
0 0

0101101
*
Ed
 1e-07 1 1 0
1  434 0 0 33.7277189827266
3  867 868CN 433 0 0 33.7277189827266
0

0101000
-4177 0 +4175 0 *
Ed
 1e-07 1 1 0
1  435 0 0 6.28318530717959
2  869 433 0 0 6.28318530717959
2  870 435 0 0 6.28318530717959
0

0101000
+4175 0 -4175 0 *
Wi

0101100
-4176 0 +4174 0 +4173 0 -4174 0 *
Fa
0  1e-07 433 0

0111000
+4172 0 *
Wi

0101100
+4176 0 *
Fa
0  1e-07 434 0

0111000
+4170 0 *
Wi

0101100
-4173 0 *
Fa
0  1e-07 435 0

0111000
-4168 0 *
Sh

0101100
+4171 0 +4169 0 -4167 0 *
So

0100000
+4166 0 *
Ve
1e-07
22.0149103925293 58.125 21.7585936314133
0 0

0101101
*
Ed
 1e-07 1 1 0
1  436 0 0 6.28318530717959
2  871 436 0 0 6.28318530717959
2  872 437 0 0 6.28318530717959
0

0101000
+4164 0 -4164 0 *
Ve
1e-07
2.34824372586265 38.75 41.1335936314133
0 0

0101101
*
Ed
 1e-07 1 1 0
1  437 0 0 33.7277189827266
3  873 874CN 436 0 0 33.7277189827266
0

0101000
-4164 0 +4162 0 *
Ed
 1e-07 1 1 0
1  438 0 0 6.28318530717959
2  875 436 0 0 6.28318530717959
2  876 438 0 0 6.28318530717959
0

0101000
+4162 0 -4162 0 *
Wi

0101100
-4163 0 +4161 0 +4160 0 -4161 0 *
Fa
0  1e-07 436 0

0111000
+4159 0 *
Wi

0101100
+4163 0 *
Fa
0  1e-07 437 0

0111000
+4157 0 *
Wi

0101100
-4160 0 *
Fa
0  1e-07 438 0

0111000
-4155 0 *
Sh

0101100
+4158 0 +4156 0 -4154 0 *
So

0100000
+4153 0 *
Ve
1e-07
18.3310148061975 58.125 59.480758447616
0 0

0101101
*
Ed
 1e-07 1 1 0
1  439 0 0 6.28318530717959
2  877 439 0 0 6.28318530717959
2  878 440 0 0 6.28318530717959
0

0101000
+4151 0 -4151 0 *
Ve
1e-07
-2.34824372586265 38.75 41.1335936314133
0 0

0101101
*
Ed
 1e-07 1 1 0
1  440 0 0 33.758566545822
3  879 880CN 439 0 0 33.758566545822
0

0101000
-4151 0 +4149 0 *
Ed
 1e-07 1 1 0
1  441 0 0 6.28318530717959
2  881 439 0 0 6.28318530717959
2  882 441 0 0 6.28318530717959
0

0101000
+4149 0 -4149 0 *
Wi

0101100
-4150 0 +4148 0 +4147 0 -4148 0 *
Fa
0  1e-07 439 0

0111000
+4146 0 *
Wi

0101100
+4150 0 *
Fa
0  1e-07 440 0

0111000
+4144 0 *
Wi

0101100
-4147 0 *
Fa
0  1e-07 441 0

0111000
-4142 0 *
Sh

0101100
+4145 0 +4143 0 -4141 0 *
So

0100000
+4140 0 *
Ve
1e-07
-1.61127058435404 38.75 79.1355262705701
0 0

0101101
*
Ed
 1e-07 1 1 0
1  442 0 0 6.28318530717959
2  883 442 0 0 6.28318530717959
2  884 443 0 0 6.28318530717959
0

0101000
+4138 0 -4138 0 *
Ve
1e-07
-21.423833877291 19.375 59.9086191901391
0 0

0101101
*
Ed
 1e-07 1 1 0
1  443 0 0 33.7283596564695
3  885 886CN 442 0 0 33.7283596564695
0

0101000
-4138 0 +4136 0 *
Ed
 1e-07 1 1 0
1  444 0 0 6.28318530717959
2  887 442 0 0 6.28318530717959
2  888 444 0 0 6.28318530717959
0

0101000
+4136 0 -4136 0 *
Wi

0101100
-4137 0 +4135 0 +4134 0 -4135 0 *
Fa
0  1e-07 442 0

0111000
+4133 0 *
Wi

0101100
+4137 0 *
Fa
0  1e-07 443 0

0111000
+4131 0 *
Wi

0101100
-4134 0 *
Fa
0  1e-07 444 0

0111000
-4129 0 *
Sh

0101100
+4132 0 +4130 0 -4128 0 *
So

0100000
+4127 0 *
Ve
1e-07
-17.3618960630809 58.125 55.7855339249624
0 0

0101101
*
Ed
 1e-07 1 1 0
1  445 0 0 6.28318530717959
2  889 445 0 0 6.28318530717959
2  890 446 0 0 6.28318530717959
0

0101000
+4125 0 -4125 0 *
Ve
1e-07
1.61127058435404 38.75 75.8644737294299
0 0

0101101
*
Ed
 1e-07 1 1 0
1  446 0 0 33.7421917086423
3  891 892CN 445 0 0 33.7421917086423
0

0101000
-4125 0 +4123 0 *
Ed
 1e-07 1 1 0
1  447 0 0 6.28318530717959
2  893 445 0 0 6.28318530717959
2  894 447 0 0 6.28318530717959
0

0101000
+4123 0 -4123 0 *
Wi

0101100
-4124 0 +4122 0 +4121 0 -4122 0 *
Fa
0  1e-07 445 0

0111000
+4120 0 *
Wi

0101100
+4124 0 *
Fa
0  1e-07 446 0

0111000
+4118 0 *
Wi

0101100
-4121 0 *
Fa
0  1e-07 447 0

0111000
-4116 0 *
Sh

0101100
+4119 0 +4117 0 -4115 0 *
So

0100000
+4114 0 *
Ve
1e-07
22.0149103925293 19.375 60.5085936314133
0 0

0101101
*
Ed
 1e-07 1 1 0
1  448 0 0 6.28318530717959
2  895 448 0 0 6.28318530717959
2  896 449 0 0 6.28318530717959
0

0101000
+4112 0 -4112 0 *
Ve
1e-07
1.61127058435404 38.75 79.1355262705701
0 0

0101101
*
Ed
 1e-07 1 1 0
1  449 0 0 33.7440626179694
3  897 898CN 448 0 0 33.7440626179694
0

0101000
-4112 0 +4110 0 *
Ed
 1e-07 1 1 0
1  450 0 0 6.28318530717959
2  899 448 0 0 6.28318530717959
2  900 450 0 0 6.28318530717959
0

0101000
+4110 0 -4110 0 *
Wi

0101100
-4111 0 +4109 0 +4108 0 -4109 0 *
Fa
0  1e-07 448 0

0111000
+4107 0 *
Wi

0101100
+4111 0 *
Fa
0  1e-07 449 0

0111000
+4105 0 *
Wi

0101100
-4108 0 *
Fa
0  1e-07 450 0

0111000
-4103 0 *
Sh

0101100
+4106 0 +4104 0 -4102 0 *
So

0100000
+4101 0 *
Ve
1e-07
22.0149103925293 19.375 -60.5085936314133
0 0

0101101
*
Ed
 1e-07 1 1 0
1  451 0 0 6.28318530717959
2  901 451 0 0 6.28318530717959
2  902 452 0 0 6.28318530717959
0

0101000
+4099 0 -4099 0 *
Ve
1e-07
41.681577059196 5.77950055061799e-16 -41.1335936314133
0 0

0101101
*
Ed
 1e-07 1 1 0
1  452 0 0 33.7277189827266
3  903 904CN 451 0 0 33.7277189827266
0

0101000
-4099 0 +4097 0 *
Ed
 1e-07 1 1 0
1  453 0 0 6.28318530717959
2  905 451 0 0 6.28318530717959
2  906 453 0 0 6.28318530717959
0

0101000
+4097 0 -4097 0 *
Wi

0101100
-4098 0 +4096 0 +4095 0 -4096 0 *
Fa
0  1e-07 451 0

0111000
+4094 0 *
Wi

0101100
+4098 0 *
Fa
0  1e-07 452 0

0111000
+4092 0 *
Wi

0101100
-4095 0 *
Fa
0  1e-07 453 0

0111000
-4090 0 *
Sh

0101100
+4093 0 +4091 0 -4089 0 *
So

0100000
+4088 0 *
Ve
1e-07
17.318422940804 19.375 -21.7585936314133
0 0

0101101
*
Ed
 1e-07 1 1 0
1  454 0 0 6.28318530717959
2  907 454 0 0 6.28318530717959
2  908 455 0 0 6.28318530717959
0

0101000
+4086 0 -4086 0 *
Ve
1e-07
36.9850896074707 7.63690791757727e-16 -41.1335936314133
0 0

0101101
*
Ed
 1e-07 1 1 0
1  455 0 0 33.7277189827266
3  909 910CN 454 0 0 33.7277189827266
0

0101000
-4086 0 +4084 0 *
Ed
 1e-07 1 1 0
1  456 0 0 6.28318530717959
2  911 454 0 0 6.28318530717959
2  912 456 0 0 6.28318530717959
0

0101000
+4084 0 -4084 0 *
Wi

0101100
-4085 0 +4083 0 +4082 0 -4083 0 *
Fa
0  1e-07 454 0

0111000
+4081 0 *
Wi

0101100
+4085 0 *
Fa
0  1e-07 455 0

0111000
+4079 0 *
Wi

0101100
-4082 0 *
Fa
0  1e-07 456 0

0111000
-4077 0 *
Sh

0101100
+4080 0 +4078 0 -4076 0 *
So

0100000
+4075 0 *
Ve
1e-07
57.3040522502398 -19.375 -17.6535218540069
0 0

0101101
*
Ed
 1e-07 1 1 0
1  457 0 0 6.28318530717959
2  913 457 0 0 6.28318530717959
2  914 458 0 0 6.28318530717959
0

0101000
+4073 0 -4073 0 *
Ve
1e-07
36.9850896074707 5.77950055061799e-16 -36.3664063685867
0 0

0101101
*
Ed
 1e-07 1 1 0
1  458 0 0 33.7405233322521
3  915 916CN 457 0 0 33.7405233322521
0

0101000
-4073 0 +4071 0 *
Ed
 1e-07 1 1 0
1  459 0 0 6.28318530717959
2  917 457 0 0 6.28318530717959
2  918 459 0 0 6.28318530717959
0

0101000
+4071 0 -4071 0 *
Wi

0101100
-4072 0 +4070 0 +4069 0 -4070 0 *
Fa
0  1e-07 457 0

0111000
+4068 0 *
Wi

0101100
+4072 0 *
Fa
0  1e-07 458 0

0111000
+4066 0 *
Wi

0101100
-4069 0 *
Fa
0  1e-07 459 0

0111000
-4064 0 *
Sh

0101100
+4067 0 +4065 0 -4063 0 *
So

0100000
+4062 0 *
Ve
1e-07
61.3482437258626 19.375 -55.7414063685867
0 0

0101101
*
Ed
 1e-07 1 1 0
1  460 0 0 6.28318530717959
2  919 460 0 0 6.28318530717959
2  920 461 0 0 6.28318530717959
0

0101000
+4060 0 -4060 0 *
Ve
1e-07
41.681577059196 5.77950055061798e-16 -36.3664063685867
0 0

0101101
*
Ed
 1e-07 1 1 0
1  461 0 0 33.7277189827266
3  921 922CN 460 0 0 33.7277189827266
0

0101000
-4060 0 +4058 0 *
Ed
 1e-07 1 1 0
1  462 0 0 6.28318530717959
2  923 460 0 0 6.28318530717959
2  924 462 0 0 6.28318530717959
0

0101000
+4058 0 -4058 0 *
Wi

0101100
-4059 0 +4057 0 +4056 0 -4057 0 *
Fa
0  1e-07 460 0

0111000
+4055 0 *
Wi

0101100
+4059 0 *
Fa
0  1e-07 461 0

0111000
+4053 0 *
Wi

0101100
-4056 0 *
Fa
0  1e-07 462 0

0111000
-4051 0 *
Sh

0101100
+4054 0 +4052 0 -4050 0 *
So

0100000
+4049 0 *
Ve
1e-07
56.6517562741373 19.375 -16.9914063685867
0 0

0101101
*
Ed
 1e-07 1 1 0
1  463 0 0 6.28318530717959
2  925 463 0 0 6.28318530717959
2  926 464 0 0 6.28318530717959
0

0101000
+4047 0 -4047 0 *
Ve
1e-07
36.9850896074707 7.63690791757725e-16 -36.3664063685867
0 0

0101101
*
Ed
 1e-07 1 1 0
1  464 0 0 33.7277189827266
3  927 928CN 463 0 0 33.7277189827266
0

0101000
-4047 0 +4045 0 *
Ed
 1e-07 1 1 0
1  465 0 0 6.28318530717959
2  929 463 0 0 6.28318530717959
2  930 465 0 0 6.28318530717959
0

0101000
+4045 0 -4045 0 *
Wi

0101100
-4046 0 +4044 0 +4043 0 -4044 0 *
Fa
0  1e-07 463 0

0111000
+4042 0 *
Wi

0101100
+4046 0 *
Fa
0  1e-07 464 0

0111000
+4040 0 *
Wi

0101100
-4043 0 *
Fa
0  1e-07 465 0

0111000
-4038 0 *
Sh

0101100
+4041 0 +4039 0 -4037 0 *
So

0100000
+4036 0 *
Ve
1e-07
22.0149103925293 19.375 -21.7585936314133
0 0

0101101
*
Ed
 1e-07 1 1 0
1  466 0 0 6.28318530717959
2  931 466 0 0 6.28318530717959
2  932 467 0 0 6.28318530717959
0

0101000
+4034 0 -4034 0 *
Ve
1e-07
41.681577059196 5.77950055061798e-16 -2.38359363141327
0 0

0101101
*
Ed
 1e-07 1 1 0
1  467 0 0 33.7277189827266
3  933 934CN 466 0 0 33.7277189827266
0

0101000
-4034 0 +4032 0 *
Ed
 1e-07 1 1 0
1  468 0 0 6.28318530717959
2  935 466 0 0 6.28318530717959
2  936 468 0 0 6.28318530717959
0

0101000
+4032 0 -4032 0 *
Wi

0101100
-4033 0 +4031 0 +4030 0 -4031 0 *
Fa
0  1e-07 466 0

0111000
+4029 0 *
Wi

0101100
+4033 0 *
Fa
0  1e-07 467 0

0111000
+4027 0 *
Wi

0101100
-4030 0 *
Fa
0  1e-07 468 0

0111000
-4025 0 *
Sh

0101100
+4028 0 +4026 0 -4024 0 *
So

0100000
+4023 0 *
Ve
1e-07
17.318422940804 19.375 16.9914063685867
0 0

0101101
*
Ed
 1e-07 1 1 0
1  469 0 0 6.28318530717959
2  937 469 0 0 6.28318530717959
2  938 470 0 0 6.28318530717959
0

0101000
+4021 0 -4021 0 *
Ve
1e-07
36.9850896074707 7.63690791757727e-16 -2.38359363141327
0 0

0101101
*
Ed
 1e-07 1 1 0
1  470 0 0 33.7277189827266
3  939 940CN 469 0 0 33.7277189827266
0

0101000
-4021 0 +4019 0 *
Ed
 1e-07 1 1 0
1  471 0 0 6.28318530717959
2  941 469 0 0 6.28318530717959
2  942 471 0 0 6.28318530717959
0

0101000
+4019 0 -4019 0 *
Wi

0101100
-4020 0 +4018 0 +4017 0 -4018 0 *
Fa
0  1e-07 469 0

0111000
+4016 0 *
Wi

0101100
+4020 0 *
Fa
0  1e-07 470 0

0111000
+4014 0 *
Wi

0101100
-4017 0 *
Fa
0  1e-07 471 0

0111000
-4012 0 *
Sh

0101100
+4015 0 +4013 0 -4011 0 *
So

0100000
+4010 0 *
Ve
1e-07
60.6959477497602 -19.375 -17.6535218540069
0 0

0101101
*
Ed
 1e-07 1 1 0
1  472 0 0 6.28318530717959
2  943 472 0 0 6.28318530717959
2  944 473 0 0 6.28318530717959
0

0101000
+4008 0 -4008 0 *
Ve
1e-07
41.681577059196 7.63690791757725e-16 2.38359363141327
0 0

0101101
*
Ed
 1e-07 1 1 0
1  473 0 0 33.7405233322521
3  945 946CN 472 0 0 33.7405233322521
0

0101000
-4008 0 +4006 0 *
Ed
 1e-07 1 1 0
1  474 0 0 6.28318530717959
2  947 472 0 0 6.28318530717959
2  948 474 0 0 6.28318530717959
0

0101000
+4006 0 -4006 0 *
Wi

0101100
-4007 0 +4005 0 +4004 0 -4005 0 *
Fa
0  1e-07 472 0

0111000
+4003 0 *
Wi

0101100
+4007 0 *
Fa
0  1e-07 473 0

0111000
+4001 0 *
Wi

0101100
-4004 0 *
Fa
0  1e-07 474 0

0111000
-3999 0 *
Sh

0101100
+4002 0 +4000 0 -3998 0 *
So

0100000
+3997 0 *
Ve
1e-07
57.3031387744464 -19.375 21.0974053730351
0 0

0101101
*
Ed
 1e-07 1 1 0
1  475 0 0 6.28318530717959
2  949 475 0 0 6.28318530717959
2  950 476 0 0 6.28318530717959
0

0101000
+3995 0 -3995 0 *
Ve
1e-07
36.9850896074707 5.77950055061798e-16 2.38359363141327
0 0

0101101
*
Ed
 1e-07 1 1 0
1  476 0 0 33.7404875017019
3  951 952CN 475 0 0 33.7404875017019
0

0101000
-3995 0 +3993 0 *
Ed
 1e-07 1 1 0
1  477 0 0 6.28318530717959
2  953 475 0 0 6.28318530717959
2  954 477 0 0 6.28318530717959
0

0101000
+3993 0 -3993 0 *
Wi

0101100
-3994 0 +3992 0 +3991 0 -3992 0 *
Fa
0  1e-07 475 0

0111000
+3990 0 *
Wi

0101100
+3994 0 *
Fa
0  1e-07 476 0

0111000
+3988 0 *
Wi

0101100
-3991 0 *
Fa
0  1e-07 477 0

0111000
-3986 0 *
Sh

0101100
+3989 0 +3987 0 -3985 0 *
So

0100000
+3984 0 *
Ve
1e-07
61.3482437258626 19.375 -16.9914063685867
0 0

0101101
*
Ed
 1e-07 1 1 0
1  478 0 0 6.28318530717959
2  955 478 0 0 6.28318530717959
2  956 479 0 0 6.28318530717959
0

0101000
+3982 0 -3982 0 *
Ve
1e-07
41.681577059196 5.77950055061798e-16 2.38359363141327
0 0

0101101
*
Ed
 1e-07 1 1 0
1  479 0 0 33.7277189827266
3  957 958CN 478 0 0 33.7277189827266
0

0101000
-3982 0 +3980 0 *
Ed
 1e-07 1 1 0
1  480 0 0 6.28318530717959
2  959 478 0 0 6.28318530717959
2  960 480 0 0 6.28318530717959
0

0101000
+3980 0 -3980 0 *
Wi

0101100
-3981 0 +3979 0 +3978 0 -3979 0 *
Fa
0  1e-07 478 0

0111000
+3977 0 *
Wi

0101100
+3981 0 *
Fa
0  1e-07 479 0

0111000
+3975 0 *
Wi

0101100
-3978 0 *
Fa
0  1e-07 480 0

0111000
-3973 0 *
Sh

0101100
+3976 0 +3974 0 -3972 0 *
So

0100000
+3971 0 *
Ve
1e-07
56.6517562741374 19.375 21.7585936314133
0 0

0101101
*
Ed
 1e-07 1 1 0
1  481 0 0 6.28318530717959
2  961 481 0 0 6.28318530717959
2  962 482 0 0 6.28318530717959
0

0101000
+3969 0 -3969 0 *
Ve
1e-07
36.9850896074707 7.63690791757725e-16 2.38359363141327
0 0

0101101
*
Ed
 1e-07 1 1 0
1  482 0 0 33.7277189827266
3  963 964CN 481 0 0 33.7277189827266
0

0101000
-3969 0 +3967 0 *
Ed
 1e-07 1 1 0
1  483 0 0 6.28318530717959
2  965 481 0 0 6.28318530717959
2  966 483 0 0 6.28318530717959
0

0101000
+3967 0 -3967 0 *
Wi

0101100
-3968 0 +3966 0 +3965 0 -3966 0 *
Fa
0  1e-07 481 0

0111000
+3964 0 *
Wi

0101100
+3968 0 *
Fa
0  1e-07 482 0

0111000
+3962 0 *
Wi

0101100
-3965 0 *
Fa
0  1e-07 483 0

0111000
-3960 0 *
Sh

0101100
+3963 0 +3961 0 -3959 0 *
So

0100000
+3958 0 *
Ve
1e-07
22.0149103925293 19.375 16.9914063685867
0 0

0101101
*
Ed
 1e-07 1 1 0
1  484 0 0 6.28318530717959
2  967 484 0 0 6.28318530717959
2  968 485 0 0 6.28318530717959
0

0101000
+3956 0 -3956 0 *
Ve
1e-07
41.681577059196 5.77950055061798e-16 36.3664063685867
0 0

0101101
*
Ed
 1e-07 1 1 0
1  485 0 0 33.7277189827266
3  969 970CN 484 0 0 33.7277189827266
0

0101000
-3956 0 +3954 0 *
Ed
 1e-07 1 1 0
1  486 0 0 6.28318530717959
2  971 484 0 0 6.28318530717959
2  972 486 0 0 6.28318530717959
0

0101000
+3954 0 -3954 0 *
Wi

0101100
-3955 0 +3953 0 +3952 0 -3953 0 *
Fa
0  1e-07 484 0

0111000
+3951 0 *
Wi

0101100
+3955 0 *
Fa
0  1e-07 485 0

0111000
+3949 0 *
Wi

0101100
-3952 0 *
Fa
0  1e-07 486 0

0111000
-3947 0 *
Sh

0101100
+3950 0 +3948 0 -3946 0 *
So

0100000
+3945 0 *
Ve
1e-07
17.318422940804 19.375 55.7414063685867
0 0

0101101
*
Ed
 1e-07 1 1 0
1  487 0 0 6.28318530717959
2  973 487 0 0 6.28318530717959
2  974 488 0 0 6.28318530717959
0

0101000
+3943 0 -3943 0 *
Ve
1e-07
36.9850896074707 7.63690791757725e-16 36.3664063685867
0 0

0101101
*
Ed
 1e-07 1 1 0
1  488 0 0 33.7277189827266
3  975 976CN 487 0 0 33.7277189827266
0

0101000
-3943 0 +3941 0 *
Ed
 1e-07 1 1 0
1  489 0 0 6.28318530717959
2  977 487 0 0 6.28318530717959
2  978 489 0 0 6.28318530717959
0

0101000
+3941 0 -3941 0 *
Wi

0101100
-3942 0 +3940 0 +3939 0 -3940 0 *
Fa
0  1e-07 487 0

0111000
+3938 0 *
Wi

0101100
+3942 0 *
Fa
0  1e-07 488 0

0111000
+3936 0 *
Wi

0101100
-3939 0 *
Fa
0  1e-07 489 0

0111000
-3934 0 *
Sh

0101100
+3937 0 +3935 0 -3933 0 *
So

0100000
+3932 0 *
Ve
1e-07
60.6968612255536 -19.375 21.097405373035
0 0

0101101
*
Ed
 1e-07 1 1 0
1  490 0 0 6.28318530717959
2  979 490 0 0 6.28318530717959
2  980 491 0 0 6.28318530717959
0

0101000
+3930 0 -3930 0 *
Ve
1e-07
41.681577059196 7.63690791757725e-16 41.1335936314133
0 0

0101101
*
Ed
 1e-07 1 1 0
1  491 0 0 33.7404875017019
3  981 982CN 490 0 0 33.7404875017019
0

0101000
-3930 0 +3928 0 *
Ed
 1e-07 1 1 0
1  492 0 0 6.28318530717959
2  983 490 0 0 6.28318530717959
2  984 492 0 0 6.28318530717959
0

0101000
+3928 0 -3928 0 *
Wi

0101100
-3929 0 +3927 0 +3926 0 -3927 0 *
Fa
0  1e-07 490 0

0111000
+3925 0 *
Wi

0101100
+3929 0 *
Fa
0  1e-07 491 0

0111000
+3923 0 *
Wi

0101100
-3926 0 *
Fa
0  1e-07 492 0

0111000
-3921 0 *
Sh

0101100
+3924 0 +3922 0 -3920 0 *
So

0100000
+3919 0 *
Ve
1e-07
61.3482437258627 19.375 21.7585936314133
0 0

0101101
*
Ed
 1e-07 1 1 0
1  493 0 0 6.28318530717959
2  985 493 0 0 6.28318530717959
2  986 494 0 0 6.28318530717959
0

0101000
+3917 0 -3917 0 *
Ve
1e-07
41.681577059196 5.77950055061796e-16 41.1335936314133
0 0

0101101
*
Ed
 1e-07 1 1 0
1  494 0 0 33.7277189827266
3  987 988CN 493 0 0 33.7277189827266
0

0101000
-3917 0 +3915 0 *
Ed
 1e-07 1 1 0
1  495 0 0 6.28318530717959
2  989 493 0 0 6.28318530717959
2  990 495 0 0 6.28318530717959
0

0101000
+3915 0 -3915 0 *
Wi

0101100
-3916 0 +3914 0 +3913 0 -3914 0 *
Fa
0  1e-07 493 0

0111000
+3912 0 *
Wi

0101100
+3916 0 *
Fa
0  1e-07 494 0

0111000
+3910 0 *
Wi

0101100
-3913 0 *
Fa
0  1e-07 495 0

0111000
-3908 0 *
Sh

0101100
+3911 0 +3909 0 -3907 0 *
So

0100000
+3906 0 *
Ve
1e-07
56.6517562741374 19.375 60.5085936314133
0 0

0101101
*
Ed
 1e-07 1 1 0
1  496 0 0 6.28318530717959
2  991 496 0 0 6.28318530717959
2  992 497 0 0 6.28318530717959
0

0101000
+3904 0 -3904 0 *
Ve
1e-07
36.9850896074707 7.63690791757725e-16 41.1335936314133
0 0

0101101
*
Ed
 1e-07 1 1 0
1  497 0 0 33.7277189827266
3  993 994CN 496 0 0 33.7277189827266
0

0101000
-3904 0 +3902 0 *
Ed
 1e-07 1 1 0
1  498 0 0 6.28318530717959
2  995 496 0 0 6.28318530717959
2  996 498 0 0 6.28318530717959
0

0101000
+3902 0 -3902 0 *
Wi

0101100
-3903 0 +3901 0 +3900 0 -3901 0 *
Fa
0  1e-07 496 0

0111000
+3899 0 *
Wi

0101100
+3903 0 *
Fa
0  1e-07 497 0

0111000
+3897 0 *
Wi

0101100
-3900 0 *
Fa
0  1e-07 498 0

0111000
-3895 0 *
Sh

0101100
+3898 0 +3896 0 -3894 0 *
So

0100000
+3893 0 *
Ve
1e-07
36.9850896074707 38.75 -36.3664063685867
0 0

0101101
*
Ed
 1e-07 1 1 0
1  499 0 0 6.28318530717959
2  997 499 0 0 6.28318530717959
2  998 500 0 0 6.28318530717959
0

0101000
+3891 0 -3891 0 *
Ve
1e-07
17.318422940804 19.375 -55.7414063685867
0 0

0101101
*
Ed
 1e-07 1 1 0
1  500 0 0 33.7277189827266
3  999 1000CN 499 0 0 33.7277189827266
0

0101000
-3891 0 +3889 0 *
Ed
 1e-07 1 1 0
1  501 0 0 6.28318530717959
2  1001 499 0 0 6.28318530717959
2  1002 501 0 0 6.28318530717959
0

0101000
+3889 0 -3889 0 *
Wi

0101100
-3890 0 +3888 0 +3887 0 -3888 0 *
Fa
0  1e-07 499 0

0111000
+3886 0 *
Wi

0101100
+3890 0 *
Fa
0  1e-07 500 0

0111000
+3884 0 *
Wi

0101100
-3887 0 *
Fa
0  1e-07 501 0

0111000
-3882 0 *
Sh

0101100
+3885 0 +3883 0 -3881 0 *
So

0100000
+3880 0 *
Ve
1e-07
17.318422940804 19.375 -21.7585936314133
0 0

0101101
*
Ed
 1e-07 1 1 0
1  502 0 0 6.28318530717959
2  1003 502 0 0 6.28318530717959
2  1004 503 0 0 6.28318530717959
0

0101000
+3878 0 -3878 0 *
Ve
1e-07
36.9850896074707 38.75 -41.1335936314133
0 0

0101101
*
Ed
 1e-07 1 1 0
1  503 0 0 33.7277189827266
3  1005 1006CN 502 0 0 33.7277189827266
0

0101000
-3878 0 +3876 0 *
Ed
 1e-07 1 1 0
1  504 0 0 6.28318530717959
2  1007 502 0 0 6.28318530717959
2  1008 504 0 0 6.28318530717959
0

0101000
+3876 0 -3876 0 *
Wi

0101100
-3877 0 +3875 0 +3874 0 -3875 0 *
Fa
0  1e-07 502 0

0111000
+3873 0 *
Wi

0101100
+3877 0 *
Fa
0  1e-07 503 0

0111000
+3871 0 *
Wi

0101100
-3874 0 *
Fa
0  1e-07 504 0

0111000
-3869 0 *
Sh

0101100
+3872 0 +3870 0 -3868 0 *
So

0100000
+3867 0 *
Ve
1e-07
21.0020723065639 58.125 -59.4805085204978
0 0

0101101
*
Ed
 1e-07 1 1 0
1  505 0 0 6.28318530717959
2  1009 505 0 0 6.28318530717959
2  1010 506 0 0 6.28318530717959
0

0101000
+3865 0 -3865 0 *
Ve
1e-07
41.681577059196 38.75 -41.1335936314133
0 0

0101101
*
Ed
 1e-07 1 1 0
1  506 0 0 33.7585815424974
3  1011 1012CN 505 0 0 33.7585815424974
0

0101000
-3865 0 +3863 0 *
Ed
 1e-07 1 1 0
1  507 0 0 6.28318530717959
2  1013 505 0 0 6.28318530717959
2  1014 507 0 0 6.28318530717959
0

0101000
+3863 0 -3863 0 *
Wi

0101100
-3864 0 +3862 0 +3861 0 -3862 0 *
Fa
0  1e-07 505 0

0111000
+3860 0 *
Wi

0101100
+3864 0 *
Fa
0  1e-07 506 0

0111000
+3858 0 *
Wi

0101100
-3861 0 *
Fa
0  1e-07 507 0

0111000
-3856 0 *
Sh

0101100
+3859 0 +3857 0 -3855 0 *
So

0100000
+3854 0 *
Ve
1e-07
17.318422940804 58.125 -21.7585936314133
0 0

0101101
*
Ed
 1e-07 1 1 0
1  508 0 0 6.28318530717959
2  1015 508 0 0 6.28318530717959
2  1016 509 0 0 6.28318530717959
0

0101000
+3852 0 -3852 0 *
Ve
1e-07
36.9850896074707 38.75 -41.1335936314133
0 0

0101101
*
Ed
 1e-07 1 1 0
1  509 0 0 33.7277189827266
3  1017 1018CN 508 0 0 33.7277189827266
0

0101000
-3852 0 +3850 0 *
Ed
 1e-07 1 1 0
1  510 0 0 6.28318530717959
2  1019 508 0 0 6.28318530717959
2  1020 510 0 0 6.28318530717959
0

0101000
+3850 0 -3850 0 *
Wi

0101100
-3851 0 +3849 0 +3848 0 -3849 0 *
Fa
0  1e-07 508 0

0111000
+3847 0 *
Wi

0101100
+3851 0 *
Fa
0  1e-07 509 0

0111000
+3845 0 *
Wi

0101100
-3848 0 *
Fa
0  1e-07 510 0

0111000
-3843 0 *
Sh

0101100
+3846 0 +3844 0 -3842 0 *
So

0100000
+3841 0 *
Ve
1e-07
61.3482437258627 19.375 -55.7414063685867
0 0

0101101
*
Ed
 1e-07 1 1 0
1  511 0 0 6.28318530717959
2  1021 511 0 0 6.28318530717959
2  1022 512 0 0 6.28318530717959
0

0101000
+3839 0 -3839 0 *
Ve
1e-07
41.681577059196 38.75 -36.3664063685867
0 0

0101101
*
Ed
 1e-07 1 1 0
1  512 0 0 33.7277189827266
3  1023 1024CN 511 0 0 33.7277189827266
0

0101000
-3839 0 +3837 0 *
Ed
 1e-07 1 1 0
1  513 0 0 6.28318530717959
2  1025 511 0 0 6.28318530717959
2  1026 513 0 0 6.28318530717959
0

0101000
+3837 0 -3837 0 *
Wi

0101100
-3838 0 +3836 0 +3835 0 -3836 0 *
Fa
0  1e-07 511 0

0111000
+3834 0 *
Wi

0101100
+3838 0 *
Fa
0  1e-07 512 0

0111000
+3832 0 *
Wi

0101100
-3835 0 *
Fa
0  1e-07 513 0

0111000
-3830 0 *
Sh

0101100
+3833 0 +3831 0 -3829 0 *
So

0100000
+3828 0 *
Ve
1e-07
56.6517562741374 19.375 -16.9914063685867
0 0

0101101
*
Ed
 1e-07 1 1 0
1  514 0 0 6.28318530717959
2  1027 514 0 0 6.28318530717959
2  1028 515 0 0 6.28318530717959
0

0101000
+3826 0 -3826 0 *
Ve
1e-07
36.9850896074707 38.75 -36.3664063685867
0 0

0101101
*
Ed
 1e-07 1 1 0
1  515 0 0 33.7277189827266
3  1029 1030CN 514 0 0 33.7277189827266
0

0101000
-3826 0 +3824 0 *
Ed
 1e-07 1 1 0
1  516 0 0 6.28318530717959
2  1031 514 0 0 6.28318530717959
2  1032 516 0 0 6.28318530717959
0

0101000
+3824 0 -3824 0 *
Wi

0101100
-3825 0 +3823 0 +3822 0 -3823 0 *
Fa
0  1e-07 514 0

0111000
+3821 0 *
Wi

0101100
+3825 0 *
Fa
0  1e-07 515 0

0111000
+3819 0 *
Wi

0101100
-3822 0 *
Fa
0  1e-07 516 0

0111000
-3817 0 *
Sh

0101100
+3820 0 +3818 0 -3816 0 *
So

0100000
+3815 0 *
Ve
1e-07
57.2157294723339 58.125 -17.5638694858959
0 0

0101101
*
Ed
 1e-07 1 1 0
1  517 0 0 6.28318530717959
2  1033 517 0 0 6.28318530717959
2  1034 518 0 0 6.28318530717959
0

0101000
+3813 0 -3813 0 *
Ve
1e-07
36.9850896074707 38.75 -36.3664063685867
0 0

0101101
*
Ed
 1e-07 1 1 0
1  518 0 0 33.7372910525837
3  1035 1036CN 517 0 0 33.7372910525837
0

0101000
-3813 0 +3811 0 *
Ed
 1e-07 1 1 0
1  519 0 0 6.28318530717959
2  1037 517 0 0 6.28318530717959
2  1038 519 0 0 6.28318530717959
0

0101000
+3811 0 -3811 0 *
Wi

0101100
-3812 0 +3810 0 +3809 0 -3810 0 *
Fa
0  1e-07 517 0

0111000
+3808 0 *
Wi

0101100
+3812 0 *
Fa
0  1e-07 518 0

0111000
+3806 0 *
Wi

0101100
-3809 0 *
Fa
0  1e-07 519 0

0111000
-3804 0 *
Sh

0101100
+3807 0 +3805 0 -3803 0 *
So

0100000
+3802 0 *
Ve
1e-07
36.9850896074707 38.75 2.38359363141327
0 0

0101101
*
Ed
 1e-07 1 1 0
1  520 0 0 6.28318530717959
2  1039 520 0 0 6.28318530717959
2  1040 521 0 0 6.28318530717959
0

0101000
+3800 0 -3800 0 *
Ve
1e-07
17.318422940804 19.375 -16.9914063685867
0 0

0101101
*
Ed
 1e-07 1 1 0
1  521 0 0 33.7277189827266
3  1041 1042CN 520 0 0 33.7277189827266
0

0101000
-3800 0 +3798 0 *
Ed
 1e-07 1 1 0
1  522 0 0 6.28318530717959
2  1043 520 0 0 6.28318530717959
2  1044 522 0 0 6.28318530717959
0

0101000
+3798 0 -3798 0 *
Wi

0101100
-3799 0 +3797 0 +3796 0 -3797 0 *
Fa
0  1e-07 520 0

0111000
+3795 0 *
Wi

0101100
+3799 0 *
Fa
0  1e-07 521 0

0111000
+3793 0 *
Wi

0101100
-3796 0 *
Fa
0  1e-07 522 0

0111000
-3791 0 *
Sh

0101100
+3794 0 +3792 0 -3790 0 *
So

0100000
+3789 0 *
Ve
1e-07
17.318422940804 19.375 16.9914063685867
0 0

0101101
*
Ed
 1e-07 1 1 0
1  523 0 0 6.28318530717959
2  1045 523 0 0 6.28318530717959
2  1046 524 0 0 6.28318530717959
0

0101000
+3787 0 -3787 0 *
Ve
1e-07
36.9850896074707 38.75 -2.38359363141327
0 0

0101101
*
Ed
 1e-07 1 1 0
1  524 0 0 33.7277189827266
3  1047 1048CN 523 0 0 33.7277189827266
0

0101000
-3787 0 +3785 0 *
Ed
 1e-07 1 1 0
1  525 0 0 6.28318530717959
2  1049 523 0 0 6.28318530717959
2  1050 525 0 0 6.28318530717959
0

0101000
+3785 0 -3785 0 *
Wi

0101100
-3786 0 +3784 0 +3783 0 -3784 0 *
Fa
0  1e-07 523 0

0111000
+3782 0 *
Wi

0101100
+3786 0 *
Fa
0  1e-07 524 0

0111000
+3780 0 *
Wi

0101100
-3783 0 *
Fa
0  1e-07 525 0

0111000
-3778 0 *
Sh

0101100
+3781 0 +3779 0 -3777 0 *
So

0100000
+3776 0 *
Ve
1e-07
22.0149103925293 58.125 -21.7585936314133
0 0

0101101
*
Ed
 1e-07 1 1 0
1  526 0 0 6.28318530717959
2  1051 526 0 0 6.28318530717959
2  1052 527 0 0 6.28318530717959
0

0101000
+3774 0 -3774 0 *
Ve
1e-07
41.681577059196 38.75 -2.38359363141327
0 0

0101101
*
Ed
 1e-07 1 1 0
1  527 0 0 33.7277189827266
3  1053 1054CN 526 0 0 33.7277189827266
0

0101000
-3774 0 +3772 0 *
Ed
 1e-07 1 1 0
1  528 0 0 6.28318530717959
2  1055 526 0 0 6.28318530717959
2  1056 528 0 0 6.28318530717959
0

0101000
+3772 0 -3772 0 *
Wi

0101100
-3773 0 +3771 0 +3770 0 -3771 0 *
Fa
0  1e-07 526 0

0111000
+3769 0 *
Wi

0101100
+3773 0 *
Fa
0  1e-07 527 0

0111000
+3767 0 *
Wi

0101100
-3770 0 *
Fa
0  1e-07 528 0

0111000
-3765 0 *
Sh

0101100
+3768 0 +3766 0 -3764 0 *
So

0100000
+3763 0 *
Ve
1e-07
17.318422940804 58.125 16.9914063685867
0 0

0101101
*
Ed
 1e-07 1 1 0
1  529 0 0 6.28318530717959
2  1057 529 0 0 6.28318530717959
2  1058 530 0 0 6.28318530717959
0

0101000
+3761 0 -3761 0 *
Ve
1e-07
36.9850896074707 38.75 -2.38359363141327
0 0

0101101
*
Ed
 1e-07 1 1 0
1  530 0 0 33.7277189827266
3  1059 1060CN 529 0 0 33.7277189827266
0

0101000
-3761 0 +3759 0 *
Ed
 1e-07 1 1 0
1  531 0 0 6.28318530717959
2  1061 529 0 0 6.28318530717959
2  1062 531 0 0 6.28318530717959
0

0101000
+3759 0 -3759 0 *
Wi

0101100
-3760 0 +3758 0 +3757 0 -3758 0 *
Fa
0  1e-07 529 0

0111000
+3756 0 *
Wi

0101100
+3760 0 *
Fa
0  1e-07 530 0

0111000
+3754 0 *
Wi

0101100
-3757 0 *
Fa
0  1e-07 531 0

0111000
-3752 0 *
Sh

0101100
+3755 0 +3753 0 -3751 0 *
So

0100000
+3750 0 *
Ve
1e-07
61.3482437258627 19.375 -16.9914063685867
0 0

0101101
*
Ed
 1e-07 1 1 0
1  532 0 0 6.28318530717959
2  1063 532 0 0 6.28318530717959
2  1064 533 0 0 6.28318530717959
0

0101000
+3748 0 -3748 0 *
Ve
1e-07
41.681577059196 38.75 2.38359363141327
0 0

0101101
*
Ed
 1e-07 1 1 0
1  533 0 0 33.7277189827266
3  1065 1066CN 532 0 0 33.7277189827266
0

0101000
-3748 0 +3746 0 *
Ed
 1e-07 1 1 0
1  534 0 0 6.28318530717959
2  1067 532 0 0 6.28318530717959
2  1068 534 0 0 6.28318530717959
0

0101000
+3746 0 -3746 0 *
Wi

0101100
-3747 0 +3745 0 +3744 0 -3745 0 *
Fa
0  1e-07 532 0

0111000
+3743 0 *
Wi

0101100
+3747 0 *
Fa
0  1e-07 533 0

0111000
+3741 0 *
Wi

0101100
-3744 0 *
Fa
0  1e-07 534 0

0111000
-3739 0 *
Sh

0101100
+3742 0 +3740 0 -3738 0 *
So

0100000
+3737 0 *
Ve
1e-07
56.6517562741373 19.375 21.7585936314133
0 0

0101101
*
Ed
 1e-07 1 1 0
1  535 0 0 6.28318530717959
2  1069 535 0 0 6.28318530717959
2  1070 536 0 0 6.28318530717959
0

0101000
+3735 0 -3735 0 *
Ve
1e-07
36.9850896074707 38.75 2.38359363141327
0 0

0101101
*
Ed
 1e-07 1 1 0
1  536 0 0 33.7277189827266
3  1071 1072CN 535 0 0 33.7277189827266
0

0101000
-3735 0 +3733 0 *
Ed
 1e-07 1 1 0
1  537 0 0 6.28318530717959
2  1073 535 0 0 6.28318530717959
2  1074 537 0 0 6.28318530717959
0

0101000
+3733 0 -3733 0 *
Wi

0101100
-3734 0 +3732 0 +3731 0 -3732 0 *
Fa
0  1e-07 535 0

0111000
+3730 0 *
Wi

0101100
+3734 0 *
Fa
0  1e-07 536 0

0111000
+3728 0 *
Wi

0101100
-3731 0 *
Fa
0  1e-07 537 0

0111000
-3726 0 *
Sh

0101100
+3729 0 +3727 0 -3725 0 *
So

0100000
+3724 0 *
Ve
1e-07
60.7842705276661 58.125 -17.5638694858959
0 0

0101101
*
Ed
 1e-07 1 1 0
1  538 0 0 6.28318530717959
2  1075 538 0 0 6.28318530717959
2  1076 539 0 0 6.28318530717959
0

0101000
+3722 0 -3722 0 *
Ve
1e-07
41.681577059196 38.75 2.38359363141327
0 0

0101101
*
Ed
 1e-07 1 1 0
1  539 0 0 33.7372910525837
3  1077 1078CN 538 0 0 33.7372910525837
0

0101000
-3722 0 +3720 0 *
Ed
 1e-07 1 1 0
1  540 0 0 6.28318530717959
2  1079 538 0 0 6.28318530717959
2  1080 540 0 0 6.28318530717959
0

0101000
+3720 0 -3720 0 *
Wi

0101100
-3721 0 +3719 0 +3718 0 -3719 0 *
Fa
0  1e-07 538 0

0111000
+3717 0 *
Wi

0101100
+3721 0 *
Fa
0  1e-07 539 0

0111000
+3715 0 *
Wi

0101100
-3718 0 *
Fa
0  1e-07 540 0

0111000
-3713 0 *
Sh

0101100
+3716 0 +3714 0 -3712 0 *
So

0100000
+3711 0 *
Ve
1e-07
57.2156220806252 58.125 21.1862395224622
0 0

0101101
*
Ed
 1e-07 1 1 0
1  541 0 0 6.28318530717959
2  1081 541 0 0 6.28318530717959
2  1082 542 0 0 6.28318530717959
0

0101000
+3709 0 -3709 0 *
Ve
1e-07
36.9850896074707 38.75 2.38359363141327
0 0

0101101
*
Ed
 1e-07 1 1 0
1  542 0 0 33.7372874080229
3  1083 1084CN 541 0 0 33.7372874080229
0

0101000
-3709 0 +3707 0 *
Ed
 1e-07 1 1 0
1  543 0 0 6.28318530717959
2  1085 541 0 0 6.28318530717959
2  1086 543 0 0 6.28318530717959
0

0101000
+3707 0 -3707 0 *
Wi

0101100
-3708 0 +3706 0 +3705 0 -3706 0 *
Fa
0  1e-07 541 0

0111000
+3704 0 *
Wi

0101100
+3708 0 *
Fa
0  1e-07 542 0

0111000
+3702 0 *
Wi

0101100
-3705 0 *
Fa
0  1e-07 543 0

0111000
-3700 0 *
Sh

0101100
+3703 0 +3701 0 -3699 0 *
So

0100000
+3698 0 *
Ve
1e-07
36.9850896074707 38.75 41.1335936314133
0 0

0101101
*
Ed
 1e-07 1 1 0
1  544 0 0 6.28318530717959
2  1087 544 0 0 6.28318530717959
2  1088 545 0 0 6.28318530717959
0

0101000
+3696 0 -3696 0 *
Ve
1e-07
17.318422940804 19.375 21.7585936314133
0 0

0101101
*
Ed
 1e-07 1 1 0
1  545 0 0 33.7277189827266
3  1089 1090CN 544 0 0 33.7277189827266
0

0101000
-3696 0 +3694 0 *
Ed
 1e-07 1 1 0
1  546 0 0 6.28318530717959
2  1091 544 0 0 6.28318530717959
2  1092 546 0 0 6.28318530717959
0

0101000
+3694 0 -3694 0 *
Wi

0101100
-3695 0 +3693 0 +3692 0 -3693 0 *
Fa
0  1e-07 544 0

0111000
+3691 0 *
Wi

0101100
+3695 0 *
Fa
0  1e-07 545 0

0111000
+3689 0 *
Wi

0101100
-3692 0 *
Fa
0  1e-07 546 0

0111000
-3687 0 *
Sh

0101100
+3690 0 +3688 0 -3686 0 *
So

0100000
+3685 0 *
Ve
1e-07
17.318422940804 19.375 55.7414063685867
0 0

0101101
*
Ed
 1e-07 1 1 0
1  547 0 0 6.28318530717959
2  1093 547 0 0 6.28318530717959
2  1094 548 0 0 6.28318530717959
0

0101000
+3683 0 -3683 0 *
Ve
1e-07
36.9850896074707 38.75 36.3664063685867
0 0

0101101
*
Ed
 1e-07 1 1 0
1  548 0 0 33.7277189827266
3  1095 1096CN 547 0 0 33.7277189827266
0

0101000
-3683 0 +3681 0 *
Ed
 1e-07 1 1 0
1  549 0 0 6.28318530717959
2  1097 547 0 0 6.28318530717959
2  1098 549 0 0 6.28318530717959
0

0101000
+3681 0 -3681 0 *
Wi

0101100
-3682 0 +3680 0 +3679 0 -3680 0 *
Fa
0  1e-07 547 0

0111000
+3678 0 *
Wi

0101100
+3682 0 *
Fa
0  1e-07 548 0

0111000
+3676 0 *
Wi

0101100
-3679 0 *
Fa
0  1e-07 549 0

0111000
-3674 0 *
Sh

0101100
+3677 0 +3675 0 -3673 0 *
So

0100000
+3672 0 *
Ve
1e-07
22.0149103925293 58.125 16.9914063685867
0 0

0101101
*
Ed
 1e-07 1 1 0
1  550 0 0 6.28318530717959
2  1099 550 0 0 6.28318530717959
2  1100 551 0 0 6.28318530717959
0

0101000
+3670 0 -3670 0 *
Ve
1e-07
41.681577059196 38.75 36.3664063685867
0 0

0101101
*
Ed
 1e-07 1 1 0
1  551 0 0 33.7277189827266
3  1101 1102CN 550 0 0 33.7277189827266
0

0101000
-3670 0 +3668 0 *
Ed
 1e-07 1 1 0
1  552 0 0 6.28318530717959
2  1103 550 0 0 6.28318530717959
2  1104 552 0 0 6.28318530717959
0

0101000
+3668 0 -3668 0 *
Wi

0101100
-3669 0 +3667 0 +3666 0 -3667 0 *
Fa
0  1e-07 550 0

0111000
+3665 0 *
Wi

0101100
+3669 0 *
Fa
0  1e-07 551 0

0111000
+3663 0 *
Wi

0101100
-3666 0 *
Fa
0  1e-07 552 0

0111000
-3661 0 *
Sh

0101100
+3664 0 +3662 0 -3660 0 *
So

0100000
+3659 0 *
Ve
1e-07
18.3310148061975 58.125 56.769241552384
0 0

0101101
*
Ed
 1e-07 1 1 0
1  553 0 0 6.28318530717959
2  1105 553 0 0 6.28318530717959
2  1106 554 0 0 6.28318530717959
0

0101000
+3657 0 -3657 0 *
Ve
1e-07
36.9850896074707 38.75 36.3664063685867
0 0

0101101
*
Ed
 1e-07 1 1 0
1  554 0 0 33.758566545822
3  1107 1108CN 553 0 0 33.758566545822
0

0101000
-3657 0 +3655 0 *
Ed
 1e-07 1 1 0
1  555 0 0 6.28318530717959
2  1109 553 0 0 6.28318530717959
2  1110 555 0 0 6.28318530717959
0

0101000
+3655 0 -3655 0 *
Wi

0101100
-3656 0 +3654 0 +3653 0 -3654 0 *
Fa
0  1e-07 553 0

0111000
+3652 0 *
Wi

0101100
+3656 0 *
Fa
0  1e-07 554 0

0111000
+3650 0 *
Wi

0101100
-3653 0 *
Fa
0  1e-07 555 0

0111000
-3648 0 *
Sh

0101100
+3651 0 +3649 0 -3647 0 *
So

0100000
+3646 0 *
Ve
1e-07
61.3482437258626 19.375 21.7585936314133
0 0

0101101
*
Ed
 1e-07 1 1 0
1  556 0 0 6.28318530717959
2  1111 556 0 0 6.28318530717959
2  1112 557 0 0 6.28318530717959
0

0101000
+3644 0 -3644 0 *
Ve
1e-07
41.681577059196 38.75 41.1335936314133
0 0

0101101
*
Ed
 1e-07 1 1 0
1  557 0 0 33.7277189827266
3  1113 1114CN 556 0 0 33.7277189827266
0

0101000
-3644 0 +3642 0 *
Ed
 1e-07 1 1 0
1  558 0 0 6.28318530717959
2  1115 556 0 0 6.28318530717959
2  1116 558 0 0 6.28318530717959
0

0101000
+3642 0 -3642 0 *
Wi

0101100
-3643 0 +3641 0 +3640 0 -3641 0 *
Fa
0  1e-07 556 0

0111000
+3639 0 *
Wi

0101100
+3643 0 *
Fa
0  1e-07 557 0

0111000
+3637 0 *
Wi

0101100
-3640 0 *
Fa
0  1e-07 558 0

0111000
-3635 0 *
Sh

0101100
+3638 0 +3636 0 -3634 0 *
So

0100000
+3633 0 *
Ve
1e-07
56.6517562741373 19.375 60.5085936314133
0 0

0101101
*
Ed
 1e-07 1 1 0
1  559 0 0 6.28318530717959
2  1117 559 0 0 6.28318530717959
2  1118 560 0 0 6.28318530717959
0

0101000
+3631 0 -3631 0 *
Ve
1e-07
36.9850896074707 38.75 41.1335936314133
0 0

0101101
*
Ed
 1e-07 1 1 0
1  560 0 0 33.7277189827266
3  1119 1120CN 559 0 0 33.7277189827266
0

0101000
-3631 0 +3629 0 *
Ed
 1e-07 1 1 0
1  561 0 0 6.28318530717959
2  1121 559 0 0 6.28318530717959
2  1122 561 0 0 6.28318530717959
0

0101000
+3629 0 -3629 0 *
Wi

0101100
-3630 0 +3628 0 +3627 0 -3628 0 *
Fa
0  1e-07 559 0

0111000
+3626 0 *
Wi

0101100
+3630 0 *
Fa
0  1e-07 560 0

0111000
+3624 0 *
Wi

0101100
-3627 0 *
Fa
0  1e-07 561 0

0111000
-3622 0 *
Sh

0101100
+3625 0 +3623 0 -3621 0 *
So

0100000
+3620 0 *
Ve
1e-07
60.7843779193748 58.125 21.1862395224621
0 0

0101101
*
Ed
 1e-07 1 1 0
1  562 0 0 6.28318530717959
2  1123 562 0 0 6.28318530717959
2  1124 563 0 0 6.28318530717959
0

0101000
+3618 0 -3618 0 *
Ve
1e-07
41.681577059196 38.75 41.1335936314133
0 0

0101101
*
Ed
 1e-07 1 1 0
1  563 0 0 33.7372874080229
3  1125 1126CN 562 0 0 33.7372874080229
0

0101000
-3618 0 +3616 0 *
Ed
 1e-07 1 1 0
1  564 0 0 6.28318530717959
2  1127 562 0 0 6.28318530717959
2  1128 564 0 0 6.28318530717959
0

0101000
+3616 0 -3616 0 *
Wi

0101100
-3617 0 +3615 0 +3614 0 -3615 0 *
Fa
0  1e-07 562 0

0111000
+3613 0 *
Wi

0101100
+3617 0 *
Fa
0  1e-07 563 0

0111000
+3611 0 *
Wi

0101100
-3614 0 *
Fa
0  1e-07 564 0

0111000
-3609 0 *
Sh

0101100
+3612 0 +3610 0 -3608 0 *
So

0100000
+3607 0 *
Ve
1e-07
57.3040522502398 -19.375 -21.0964781459931
0 0

0101101
*
Ed
 1e-07 1 1 0
1  565 0 0 6.28318530717959
2  1129 565 0 0 6.28318530717959
2  1130 566 0 0 6.28318530717959
0

0101000
+3605 0 -3605 0 *
Ve
1e-07
76.318422940804 5.77950055061797e-16 -41.1335936314133
0 0

0101101
*
Ed
 1e-07 1 1 0
1  566 0 0 33.7405233322521
3  1131 1132CN 565 0 0 33.7405233322521
0

0101000
-3605 0 +3603 0 *
Ed
 1e-07 1 1 0
1  567 0 0 6.28318530717959
2  1133 565 0 0 6.28318530717959
2  1134 567 0 0 6.28318530717959
0

0101000
+3603 0 -3603 0 *
Wi

0101100
-3604 0 +3602 0 +3601 0 -3602 0 *
Fa
0  1e-07 565 0

0111000
+3600 0 *
Wi

0101100
+3604 0 *
Fa
0  1e-07 566 0

0111000
+3598 0 *
Wi

0101100
-3601 0 *
Fa
0  1e-07 567 0

0111000
-3596 0 *
Sh

0101100
+3599 0 +3597 0 -3595 0 *
So

0100000
+3594 0 *
Ve
1e-07
61.3482437258627 19.375 -60.5085936314133
0 0

0101101
*
Ed
 1e-07 1 1 0
1  568 0 0 6.28318530717959
2  1135 568 0 0 6.28318530717959
2  1136 569 0 0 6.28318530717959
0

0101000
+3592 0 -3592 0 *
Ve
1e-07
81.0149103925293 5.77950055061796e-16 -41.1335936314133
0 0

0101101
*
Ed
 1e-07 1 1 0
1  569 0 0 33.7277189827266
3  1137 1138CN 568 0 0 33.7277189827266
0

0101000
-3592 0 +3590 0 *
Ed
 1e-07 1 1 0
1  570 0 0 6.28318530717959
2  1139 568 0 0 6.28318530717959
2  1140 570 0 0 6.28318530717959
0

0101000
+3590 0 -3590 0 *
Wi

0101100
-3591 0 +3589 0 +3588 0 -3589 0 *
Fa
0  1e-07 568 0

0111000
+3587 0 *
Wi

0101100
+3591 0 *
Fa
0  1e-07 569 0

0111000
+3585 0 *
Wi

0101100
-3588 0 *
Fa
0  1e-07 570 0

0111000
-3583 0 *
Sh

0101100
+3586 0 +3584 0 -3582 0 *
So

0100000
+3581 0 *
Ve
1e-07
56.6517562741373 19.375 -21.7585936314133
0 0

0101101
*
Ed
 1e-07 1 1 0
1  571 0 0 6.28318530717959
2  1141 571 0 0 6.28318530717959
2  1142 572 0 0 6.28318530717959
0

0101000
+3579 0 -3579 0 *
Ve
1e-07
76.318422940804 7.63690791757726e-16 -41.1335936314133
0 0

0101101
*
Ed
 1e-07 1 1 0
1  572 0 0 33.7277189827266
3  1143 1144CN 571 0 0 33.7277189827266
0

0101000
-3579 0 +3577 0 *
Ed
 1e-07 1 1 0
1  573 0 0 6.28318530717959
2  1145 571 0 0 6.28318530717959
2  1146 573 0 0 6.28318530717959
0

0101000
+3577 0 -3577 0 *
Wi

0101100
-3578 0 +3576 0 +3575 0 -3576 0 *
Fa
0  1e-07 571 0

0111000
+3574 0 *
Wi

0101100
+3578 0 *
Fa
0  1e-07 572 0

0111000
+3572 0 *
Wi

0101100
-3575 0 *
Fa
0  1e-07 573 0

0111000
-3570 0 *
Sh

0101100
+3573 0 +3571 0 -3569 0 *
So

0100000
+3568 0 *
Ve
1e-07
100.248574481351 -19.375 -56.1809272648074
0 0

0101101
*
Ed
 1e-07 1 1 0
1  574 0 0 6.28318530717959
2  1147 574 0 0 6.28318530717959
2  1148 575 0 0 6.28318530717959
0

0101000
+3566 0 -3566 0 *
Ve
1e-07
81.0149103925293 5.77950055061796e-16 -36.3664063685867
0 0

0101101
*
Ed
 1e-07 1 1 0
1  575 0 0 33.7333617896054
3  1149 1150CN 574 0 0 33.7333617896054
0

0101000
-3566 0 +3564 0 *
Ed
 1e-07 1 1 0
1  576 0 0 6.28318530717959
2  1151 574 0 0 6.28318530717959
2  1152 576 0 0 6.28318530717959
0

0101000
+3564 0 -3564 0 *
Wi

0101100
-3565 0 +3563 0 +3562 0 -3563 0 *
Fa
0  1e-07 574 0

0111000
+3561 0 *
Wi

0101100
+3565 0 *
Fa
0  1e-07 575 0

0111000
+3559 0 *
Wi

0101100
-3562 0 *
Fa
0  1e-07 576 0

0111000
-3557 0 *
Sh

0101100
+3560 0 +3558 0 -3556 0 *
So

0100000
+3555 0 *
Ve
1e-07
95.9850896074707 -19.375 -16.9914063685867
0 0

0101101
*
Ed
 1e-07 1 1 0
1  577 0 0 6.28318530717959
2  1153 577 0 0 6.28318530717959
2  1154 578 0 0 6.28318530717959
0

0101000
+3553 0 -3553 0 *
Ve
1e-07
76.318422940804 7.63690791757725e-16 -36.3664063685867
0 0

0101101
*
Ed
 1e-07 1 1 0
1  578 0 0 33.7277189827266
3  1155 1156CN 577 0 0 33.7277189827266
0

0101000
-3553 0 +3551 0 *
Ed
 1e-07 1 1 0
1  579 0 0 6.28318530717959
2  1157 577 0 0 6.28318530717959
2  1158 579 0 0 6.28318530717959
0

0101000
+3551 0 -3551 0 *
Wi

0101100
-3552 0 +3550 0 +3549 0 -3550 0 *
Fa
0  1e-07 577 0

0111000
+3548 0 *
Wi

0101100
+3552 0 *
Fa
0  1e-07 578 0

0111000
+3546 0 *
Wi

0101100
-3549 0 *
Fa
0  1e-07 579 0

0111000
-3544 0 *
Sh

0101100
+3547 0 +3545 0 -3543 0 *
So

0100000
+3542 0 *
Ve
1e-07
100.560807776684 19.375 -55.8639936833083
0 0

0101101
*
Ed
 1e-07 1 1 0
1  580 0 0 6.28318530717959
2  1159 580 0 0 6.28318530717959
2  1160 581 0 0 6.28318530717959
0

0101000
+3540 0 -3540 0 *
Ve
1e-07
81.0149103925293 7.63690791757725e-16 -36.3664063685867
0 0

0101101
*
Ed
 1e-07 1 1 0
1  581 0 0 33.7281579788625
3  1161 1162CN 580 0 0 33.7281579788625
0

0101000
-3540 0 +3538 0 *
Ed
 1e-07 1 1 0
1  582 0 0 6.28318530717959
2  1163 580 0 0 6.28318530717959
2  1164 582 0 0 6.28318530717959
0

0101000
+3538 0 -3538 0 *
Wi

0101100
-3539 0 +3537 0 +3536 0 -3537 0 *
Fa
0  1e-07 580 0

0111000
+3535 0 *
Wi

0101100
+3539 0 *
Fa
0  1e-07 581 0

0111000
+3533 0 *
Wi

0101100
-3536 0 *
Fa
0  1e-07 582 0

0111000
-3531 0 *
Sh

0101100
+3534 0 +3532 0 -3530 0 *
So

0100000
+3529 0 *
Ve
1e-07
96.2143882623967 19.375 -17.2241568312214
0 0

0101101
*
Ed
 1e-07 1 1 0
1  583 0 0 6.28318530717959
2  1165 583 0 0 6.28318530717959
2  1166 584 0 0 6.28318530717959
0

0101000
+3527 0 -3527 0 *
Ve
1e-07
76.318422940804 5.77950055061796e-16 -36.3664063685867
0 0

0101101
*
Ed
 1e-07 1 1 0
1  584 0 0 33.7293014814832
3  1167 1168CN 583 0 0 33.7293014814832
0

0101000
-3527 0 +3525 0 *
Ed
 1e-07 1 1 0
1  585 0 0 6.28318530717959
2  1169 583 0 0 6.28318530717959
2  1170 585 0 0 6.28318530717959
0

0101000
+3525 0 -3525 0 *
Wi

0101100
-3526 0 +3524 0 +3523 0 -3524 0 *
Fa
0  1e-07 583 0

0111000
+3522 0 *
Wi

0101100
+3526 0 *
Fa
0  1e-07 584 0

0111000
+3520 0 *
Wi

0101100
-3523 0 *
Fa
0  1e-07 585 0

0111000
-3518 0 *
Sh

0101100
+3521 0 +3519 0 -3517 0 *
So

0100000
+3516 0 *
Ve
1e-07
76.318422940804 -3.38506057246374e-15 2.38359363141327
0 0

0101101
*
Ed
 1e-07 1 1 0
1  586 0 0 6.28318530717959
2  1171 586 0 0 6.28318530717959
2  1172 587 0 0 6.28318530717959
0

0101000
+3514 0 -3514 0 *
Ve
1e-07
57.3040522502398 -19.375 -17.6535218540069
0 0

0101101
*
Ed
 1e-07 1 1 0
1  587 0 0 33.7405233322521
3  1173 1174CN 586 0 0 33.7405233322521
0

0101000
-3514 0 +3512 0 *
Ed
 1e-07 1 1 0
1  588 0 0 6.28318530717959
2  1175 586 0 0 6.28318530717959
2  1176 588 0 0 6.28318530717959
0

0101000
+3512 0 -3512 0 *
Wi

0101100
-3513 0 +3511 0 +3510 0 -3511 0 *
Fa
0  1e-07 586 0

0111000
+3509 0 *
Wi

0101100
+3513 0 *
Fa
0  1e-07 587 0

0111000
+3507 0 *
Wi

0101100
-3510 0 *
Fa
0  1e-07 588 0

0111000
-3505 0 *
Sh

0101100
+3508 0 +3506 0 -3504 0 *
So

0100000
+3503 0 *
Ve
1e-07
57.3031387744464 -19.375 17.6525946269649
0 0

0101101
*
Ed
 1e-07 1 1 0
1  589 0 0 6.28318530717959
2  1177 589 0 0 6.28318530717959
2  1178 590 0 0 6.28318530717959
0

0101000
+3501 0 -3501 0 *
Ve
1e-07
76.318422940804 5.77950055061796e-16 -2.38359363141327
0 0

0101101
*
Ed
 1e-07 1 1 0
1  590 0 0 33.7404875017019
3  1179 1180CN 589 0 0 33.7404875017019
0

0101000
-3501 0 +3499 0 *
Ed
 1e-07 1 1 0
1  591 0 0 6.28318530717959
2  1181 589 0 0 6.28318530717959
2  1182 591 0 0 6.28318530717959
0

0101000
+3499 0 -3499 0 *
Wi

0101100
-3500 0 +3498 0 +3497 0 -3498 0 *
Fa
0  1e-07 589 0

0111000
+3496 0 *
Wi

0101100
+3500 0 *
Fa
0  1e-07 590 0

0111000
+3494 0 *
Wi

0101100
-3497 0 *
Fa
0  1e-07 591 0

0111000
-3492 0 *
Sh

0101100
+3495 0 +3493 0 -3491 0 *
So

0100000
+3490 0 *
Ve
1e-07
61.3482437258627 19.375 -21.7585936314133
0 0

0101101
*
Ed
 1e-07 1 1 0
1  592 0 0 6.28318530717959
2  1183 592 0 0 6.28318530717959
2  1184 593 0 0 6.28318530717959
0

0101000
+3488 0 -3488 0 *
Ve
1e-07
81.0149103925293 5.77950055061796e-16 -2.38359363141327
0 0

0101101
*
Ed
 1e-07 1 1 0
1  593 0 0 33.7277189827266
3  1185 1186CN 592 0 0 33.7277189827266
0

0101000
-3488 0 +3486 0 *
Ed
 1e-07 1 1 0
1  594 0 0 6.28318530717959
2  1187 592 0 0 6.28318530717959
2  1188 594 0 0 6.28318530717959
0

0101000
+3486 0 -3486 0 *
Wi

0101100
-3487 0 +3485 0 +3484 0 -3485 0 *
Fa
0  1e-07 592 0

0111000
+3483 0 *
Wi

0101100
+3487 0 *
Fa
0  1e-07 593 0

0111000
+3481 0 *
Wi

0101100
-3484 0 *
Fa
0  1e-07 594 0

0111000
-3479 0 *
Sh

0101100
+3482 0 +3480 0 -3478 0 *
So

0100000
+3477 0 *
Ve
1e-07
56.6517562741373 19.375 16.9914063685867
0 0

0101101
*
Ed
 1e-07 1 1 0
1  595 0 0 6.28318530717959
2  1189 595 0 0 6.28318530717959
2  1190 596 0 0 6.28318530717959
0

0101000
+3475 0 -3475 0 *
Ve
1e-07
76.318422940804 7.63690791757725e-16 -2.38359363141327
0 0

0101101
*
Ed
 1e-07 1 1 0
1  596 0 0 33.7277189827266
3  1191 1192CN 595 0 0 33.7277189827266
0

0101000
-3475 0 +3473 0 *
Ed
 1e-07 1 1 0
1  597 0 0 6.28318530717959
2  1193 595 0 0 6.28318530717959
2  1194 597 0 0 6.28318530717959
0

0101000
+3473 0 -3473 0 *
Wi

0101100
-3474 0 +3472 0 +3471 0 -3472 0 *
Fa
0  1e-07 595 0

0111000
+3470 0 *
Wi

0101100
+3474 0 *
Fa
0  1e-07 596 0

0111000
+3468 0 *
Wi

0101100
-3471 0 *
Fa
0  1e-07 597 0

0111000
-3466 0 *
Sh

0101100
+3469 0 +3467 0 -3465 0 *
So

0100000
+3464 0 *
Ve
1e-07
100.681577059196 -19.375 -16.9914063685867
0 0

0101101
*
Ed
 1e-07 1 1 0
1  598 0 0 6.28318530717959
2  1195 598 0 0 6.28318530717959
2  1196 599 0 0 6.28318530717959
0

0101000
+3462 0 -3462 0 *
Ve
1e-07
81.0149103925293 5.77950055061796e-16 2.38359363141327
0 0

0101101
*
Ed
 1e-07 1 1 0
1  599 0 0 33.7277189827266
3  1197 1198CN 598 0 0 33.7277189827266
0

0101000
-3462 0 +3460 0 *
Ed
 1e-07 1 1 0
1  600 0 0 6.28318530717959
2  1199 598 0 0 6.28318530717959
2  1200 600 0 0 6.28318530717959
0

0101000
+3460 0 -3460 0 *
Wi

0101100
-3461 0 +3459 0 +3458 0 -3459 0 *
Fa
0  1e-07 598 0

0111000
+3457 0 *
Wi

0101100
+3461 0 *
Fa
0  1e-07 599 0

0111000
+3455 0 *
Wi

0101100
-3458 0 *
Fa
0  1e-07 600 0

0111000
-3453 0 *
Sh

0101100
+3456 0 +3454 0 -3452 0 *
So

0100000
+3451 0 *
Ve
1e-07
95.9850896074707 -19.375 21.7585936314133
0 0

0101101
*
Ed
 1e-07 1 1 0
1  601 0 0 6.28318530717959
2  1201 601 0 0 6.28318530717959
2  1202 602 0 0 6.28318530717959
0

0101000
+3449 0 -3449 0 *
Ve
1e-07
76.318422940804 7.63690791757725e-16 2.38359363141327
0 0

0101101
*
Ed
 1e-07 1 1 0
1  602 0 0 33.7277189827266
3  1203 1204CN 601 0 0 33.7277189827266
0

0101000
-3449 0 +3447 0 *
Ed
 1e-07 1 1 0
1  603 0 0 6.28318530717959
2  1205 601 0 0 6.28318530717959
2  1206 603 0 0 6.28318530717959
0

0101000
+3447 0 -3447 0 *
Wi

0101100
-3448 0 +3446 0 +3445 0 -3446 0 *
Fa
0  1e-07 601 0

0111000
+3444 0 *
Wi

0101100
+3448 0 *
Fa
0  1e-07 602 0

0111000
+3442 0 *
Wi

0101100
-3445 0 *
Fa
0  1e-07 603 0

0111000
-3440 0 *
Sh

0101100
+3443 0 +3441 0 -3439 0 *
So

0100000
+3438 0 *
Ve
1e-07
100.45227840427 19.375 -17.2241568312213
0 0

0101101
*
Ed
 1e-07 1 1 0
1  604 0 0 6.28318530717959
2  1207 604 0 0 6.28318530717959
2  1208 605 0 0 6.28318530717959
0

0101000
+3436 0 -3436 0 *
Ve
1e-07
81.0149103925293 7.63690791757725e-16 2.38359363141327
0 0

0101101
*
Ed
 1e-07 1 1 0
1  605 0 0 33.7293014814832
3  1209 1210CN 604 0 0 33.7293014814832
0

0101000
-3436 0 +3434 0 *
Ed
 1e-07 1 1 0
1  606 0 0 6.28318530717959
2  1211 604 0 0 6.28318530717959
2  1212 606 0 0 6.28318530717959
0

0101000
+3434 0 -3434 0 *
Wi

0101100
-3435 0 +3433 0 +3432 0 -3433 0 *
Fa
0  1e-07 604 0

0111000
+3431 0 *
Wi

0101100
+3435 0 *
Fa
0  1e-07 605 0

0111000
+3429 0 *
Wi

0101100
-3432 0 *
Fa
0  1e-07 606 0

0111000
-3427 0 *
Sh

0101100
+3430 0 +3428 0 -3426 0 *
So

0100000
+3425 0 *
Ve
1e-07
96.2232780649624 19.375 21.5168195412281
0 0

0101101
*
Ed
 1e-07 1 1 0
1  607 0 0 6.28318530717959
2  1213 607 0 0 6.28318530717959
2  1214 608 0 0 6.28318530717959
0

0101000
+3423 0 -3423 0 *
Ve
1e-07
76.318422940804 5.77950055061796e-16 2.38359363141327
0 0

0101101
*
Ed
 1e-07 1 1 0
1  608 0 0 33.7294265624209
3  1215 1216CN 607 0 0 33.7294265624209
0

0101000
-3423 0 +3421 0 *
Ed
 1e-07 1 1 0
1  609 0 0 6.28318530717959
2  1217 607 0 0 6.28318530717959
2  1218 609 0 0 6.28318530717959
0

0101000
+3421 0 -3421 0 *
Wi

0101100
-3422 0 +3420 0 +3419 0 -3420 0 *
Fa
0  1e-07 607 0

0111000
+3418 0 *
Wi

0101100
+3422 0 *
Fa
0  1e-07 608 0

0111000
+3416 0 *
Wi

0101100
-3419 0 *
Fa
0  1e-07 609 0

0111000
-3414 0 *
Sh

0101100
+3417 0 +3415 0 -3413 0 *
So

0100000
+3412 0 *
Ve
1e-07
76.318422940804 -4.95626893750148e-15 41.1335936314133
0 0

0101101
*
Ed
 1e-07 1 1 0
1  610 0 0 6.28318530717959
2  1219 610 0 0 6.28318530717959
2  1220 611 0 0 6.28318530717959
0

0101000
+3410 0 -3410 0 *
Ve
1e-07
57.3031387744464 -19.375 21.0974053730351
0 0

0101101
*
Ed
 1e-07 1 1 0
1  611 0 0 33.7404875017019
3  1221 1222CN 610 0 0 33.7404875017019
0

0101000
-3410 0 +3408 0 *
Ed
 1e-07 1 1 0
1  612 0 0 6.28318530717959
2  1223 610 0 0 6.28318530717959
2  1224 612 0 0 6.28318530717959
0

0101000
+3408 0 -3408 0 *
Wi

0101100
-3409 0 +3407 0 +3406 0 -3407 0 *
Fa
0  1e-07 610 0

0111000
+3405 0 *
Wi

0101100
+3409 0 *
Fa
0  1e-07 611 0

0111000
+3403 0 *
Wi

0101100
-3406 0 *
Fa
0  1e-07 612 0

0111000
-3401 0 *
Sh

0101100
+3404 0 +3402 0 -3400 0 *
So

0100000
+3399 0 *
Ve
1e-07
61.3482437258627 19.375 16.9914063685867
0 0

0101101
*
Ed
 1e-07 1 1 0
1  613 0 0 6.28318530717959
2  1225 613 0 0 6.28318530717959
2  1226 614 0 0 6.28318530717959
0

0101000
+3397 0 -3397 0 *
Ve
1e-07
81.0149103925293 5.77950055061796e-16 36.3664063685867
0 0

0101101
*
Ed
 1e-07 1 1 0
1  614 0 0 33.7277189827266
3  1227 1228CN 613 0 0 33.7277189827266
0

0101000
-3397 0 +3395 0 *
Ed
 1e-07 1 1 0
1  615 0 0 6.28318530717959
2  1229 613 0 0 6.28318530717959
2  1230 615 0 0 6.28318530717959
0

0101000
+3395 0 -3395 0 *
Wi

0101100
-3396 0 +3394 0 +3393 0 -3394 0 *
Fa
0  1e-07 613 0

0111000
+3392 0 *
Wi

0101100
+3396 0 *
Fa
0  1e-07 614 0

0111000
+3390 0 *
Wi

0101100
-3393 0 *
Fa
0  1e-07 615 0

0111000
-3388 0 *
Sh

0101100
+3391 0 +3389 0 -3387 0 *
So

0100000
+3386 0 *
Ve
1e-07
56.6517562741373 19.375 55.7414063685867
0 0

0101101
*
Ed
 1e-07 1 1 0
1  616 0 0 6.28318530717959
2  1231 616 0 0 6.28318530717959
2  1232 617 0 0 6.28318530717959
0

0101000
+3384 0 -3384 0 *
Ve
1e-07
76.318422940804 7.63690791757725e-16 36.3664063685867
0 0

0101101
*
Ed
 1e-07 1 1 0
1  617 0 0 33.7277189827266
3  1233 1234CN 616 0 0 33.7277189827266
0

0101000
-3384 0 +3382 0 *
Ed
 1e-07 1 1 0
1  618 0 0 6.28318530717959
2  1235 616 0 0 6.28318530717959
2  1236 618 0 0 6.28318530717959
0

0101000
+3382 0 -3382 0 *
Wi

0101100
-3383 0 +3381 0 +3380 0 -3381 0 *
Fa
0  1e-07 616 0

0111000
+3379 0 *
Wi

0101100
+3383 0 *
Fa
0  1e-07 617 0

0111000
+3377 0 *
Wi

0101100
-3380 0 *
Fa
0  1e-07 618 0

0111000
-3375 0 *
Sh

0101100
+3378 0 +3376 0 -3374 0 *
So

0100000
+3373 0 *
Ve
1e-07
100.681577059196 -19.375 21.7585936314133
0 0

0101101
*
Ed
 1e-07 1 1 0
1  619 0 0 6.28318530717959
2  1237 619 0 0 6.28318530717959
2  1238 620 0 0 6.28318530717959
0

0101000
+3371 0 -3371 0 *
Ve
1e-07
81.0149103925293 5.77950055061796e-16 41.1335936314133
0 0

0101101
*
Ed
 1e-07 1 1 0
1  620 0 0 33.7277189827266
3  1239 1240CN 619 0 0 33.7277189827266
0

0101000
-3371 0 +3369 0 *
Ed
 1e-07 1 1 0
1  621 0 0 6.28318530717959
2  1241 619 0 0 6.28318530717959
2  1242 621 0 0 6.28318530717959
0

0101000
+3369 0 -3369 0 *
Wi

0101100
-3370 0 +3368 0 +3367 0 -3368 0 *
Fa
0  1e-07 619 0

0111000
+3366 0 *
Wi

0101100
+3370 0 *
Fa
0  1e-07 620 0

0111000
+3364 0 *
Wi

0101100
-3367 0 *
Fa
0  1e-07 621 0

0111000
-3362 0 *
Sh

0101100
+3365 0 +3363 0 -3361 0 *
So

0100000
+3360 0 *
Ve
1e-07
96.4170629959561 -19.375 60.0701174177249
0 0

0101101
*
Ed
 1e-07 1 1 0
1  622 0 0 6.28318530717959
2  1243 622 0 0 6.28318530717959
2  1244 623 0 0 6.28318530717959
0

0101000
+3358 0 -3358 0 *
Ve
1e-07
76.318422940804 7.63690791757726e-16 41.1335936314133
0 0

0101101
*
Ed
 1e-07 1 1 0
1  623 0 0 33.7333349993164
3  1245 1246CN 622 0 0 33.7333349993164
0

0101000
-3358 0 +3356 0 *
Ed
 1e-07 1 1 0
1  624 0 0 6.28318530717959
2  1247 622 0 0 6.28318530717959
2  1248 624 0 0 6.28318530717959
0

0101000
+3356 0 -3356 0 *
Wi

0101100
-3357 0 +3355 0 +3354 0 -3355 0 *
Fa
0  1e-07 622 0

0111000
+3353 0 *
Wi

0101100
+3357 0 *
Fa
0  1e-07 623 0

0111000
+3351 0 *
Wi

0101100
-3354 0 *
Fa
0  1e-07 624 0

0111000
-3349 0 *
Sh

0101100
+3352 0 +3350 0 -3348 0 *
So

0100000
+3347 0 *
Ve
1e-07
100.443388601704 19.375 21.5168195412281
0 0

0101101
*
Ed
 1e-07 1 1 0
1  625 0 0 6.28318530717959
2  1249 625 0 0 6.28318530717959
2  1250 626 0 0 6.28318530717959
0

0101000
+3345 0 -3345 0 *
Ve
1e-07
81.0149103925293 7.63690791757725e-16 41.1335936314133
0 0

0101101
*
Ed
 1e-07 1 1 0
1  626 0 0 33.7294265624209
3  1251 1252CN 625 0 0 33.7294265624209
0

0101000
-3345 0 +3343 0 *
Ed
 1e-07 1 1 0
1  627 0 0 6.28318530717959
2  1253 625 0 0 6.28318530717959
2  1254 627 0 0 6.28318530717959
0

0101000
+3343 0 -3343 0 *
Wi

0101100
-3344 0 +3342 0 +3341 0 -3342 0 *
Fa
0  1e-07 625 0

0111000
+3340 0 *
Wi

0101100
+3344 0 *
Fa
0  1e-07 626 0

0111000
+3338 0 *
Wi

0101100
-3341 0 *
Fa
0  1e-07 627 0

0111000
-3336 0 *
Sh

0101100
+3339 0 +3337 0 -3335 0 *
So

0100000
+3334 0 *
Ve
1e-07
96.1041485340868 19.375 60.3877424198804
0 0

0101101
*
Ed
 1e-07 1 1 0
1  628 0 0 6.28318530717959
2  1255 628 0 0 6.28318530717959
2  1256 629 0 0 6.28318530717959
0

0101000
+3332 0 -3332 0 *
Ve
1e-07
76.318422940804 5.77950055061797e-16 41.1335936314133
0 0

0101101
*
Ed
 1e-07 1 1 0
1  629 0 0 33.7281456327073
3  1257 1258CN 628 0 0 33.7281456327073
0

0101000
-3332 0 +3330 0 *
Ed
 1e-07 1 1 0
1  630 0 0 6.28318530717959
2  1259 628 0 0 6.28318530717959
2  1260 630 0 0 6.28318530717959
0

0101000
+3330 0 -3330 0 *
Wi

0101100
-3331 0 +3329 0 +3328 0 -3329 0 *
Fa
0  1e-07 628 0

0111000
+3327 0 *
Wi

0101100
+3331 0 *
Fa
0  1e-07 629 0

0111000
+3325 0 *
Wi

0101100
-3328 0 *
Fa
0  1e-07 630 0

0111000
-3323 0 *
Sh

0101100
+3326 0 +3324 0 -3322 0 *
So

0100000
+3321 0 *
Ve
1e-07
76.318422940804 38.75 -36.3664063685867
0 0

0101101
*
Ed
 1e-07 1 1 0
1  631 0 0 6.28318530717959
2  1261 631 0 0 6.28318530717959
2  1262 632 0 0 6.28318530717959
0

0101000
+3319 0 -3319 0 *
Ve
1e-07
56.6517562741373 19.375 -55.7414063685867
0 0

0101101
*
Ed
 1e-07 1 1 0
1  632 0 0 33.7277189827266
3  1263 1264CN 631 0 0 33.7277189827266
0

0101000
-3319 0 +3317 0 *
Ed
 1e-07 1 1 0
1  633 0 0 6.28318530717959
2  1265 631 0 0 6.28318530717959
2  1266 633 0 0 6.28318530717959
0

0101000
+3317 0 -3317 0 *
Wi

0101100
-3318 0 +3316 0 +3315 0 -3316 0 *
Fa
0  1e-07 631 0

0111000
+3314 0 *
Wi

0101100
+3318 0 *
Fa
0  1e-07 632 0

0111000
+3312 0 *
Wi

0101100
-3315 0 *
Fa
0  1e-07 633 0

0111000
-3310 0 *
Sh

0101100
+3313 0 +3311 0 -3309 0 *
So

0100000
+3308 0 *
Ve
1e-07
56.6517562741373 19.375 -21.7585936314133
0 0

0101101
*
Ed
 1e-07 1 1 0
1  634 0 0 6.28318530717959
2  1267 634 0 0 6.28318530717959
2  1268 635 0 0 6.28318530717959
0

0101000
+3306 0 -3306 0 *
Ve
1e-07
76.318422940804 38.75 -41.1335936314133
0 0

0101101
*
Ed
 1e-07 1 1 0
1  635 0 0 33.7277189827266
3  1269 1270CN 634 0 0 33.7277189827266
0

0101000
-3306 0 +3304 0 *
Ed
 1e-07 1 1 0
1  636 0 0 6.28318530717959
2  1271 634 0 0 6.28318530717959
2  1272 636 0 0 6.28318530717959
0

0101000
+3304 0 -3304 0 *
Wi

0101100
-3305 0 +3303 0 +3302 0 -3303 0 *
Fa
0  1e-07 634 0

0111000
+3301 0 *
Wi

0101100
+3305 0 *
Fa
0  1e-07 635 0

0111000
+3299 0 *
Wi

0101100
-3302 0 *
Fa
0  1e-07 636 0

0111000
-3297 0 *
Sh

0101100
+3300 0 +3298 0 -3296 0 *
So

0100000
+3295 0 *
Ve
1e-07
57.2157294723339 58.125 -21.1861305141041
0 0

0101101
*
Ed
 1e-07 1 1 0
1  637 0 0 6.28318530717959
2  1273 637 0 0 6.28318530717959
2  1274 638 0 0 6.28318530717959
0

0101000
+3293 0 -3293 0 *
Ve
1e-07
76.318422940804 38.75 -41.1335936314133
0 0

0101101
*
Ed
 1e-07 1 1 0
1  638 0 0 33.7372910525836
3  1275 1276CN 637 0 0 33.7372910525836
0

0101000
-3293 0 +3291 0 *
Ed
 1e-07 1 1 0
1  639 0 0 6.28318530717959
2  1277 637 0 0 6.28318530717959
2  1278 639 0 0 6.28318530717959
0

0101000
+3291 0 -3291 0 *
Wi

0101100
-3292 0 +3290 0 +3289 0 -3290 0 *
Fa
0  1e-07 637 0

0111000
+3288 0 *
Wi

0101100
+3292 0 *
Fa
0  1e-07 638 0

0111000
+3286 0 *
Wi

0101100
-3289 0 *
Fa
0  1e-07 639 0

0111000
-3284 0 *
Sh

0101100
+3287 0 +3285 0 -3283 0 *
So

0100000
+3282 0 *
Ve
1e-07
100.560807776684 19.375 -55.8639936833083
0 0

0101101
*
Ed
 1e-07 1 1 0
1  640 0 0 6.28318530717959
2  1279 640 0 0 6.28318530717959
2  1280 641 0 0 6.28318530717959
0

0101000
+3280 0 -3280 0 *
Ve
1e-07
81.0149103925293 38.75 -36.3664063685867
0 0

0101101
*
Ed
 1e-07 1 1 0
1  641 0 0 33.7281579788625
3  1281 1282CN 640 0 0 33.7281579788625
0

0101000
-3280 0 +3278 0 *
Ed
 1e-07 1 1 0
1  642 0 0 6.28318530717959
2  1283 640 0 0 6.28318530717959
2  1284 642 0 0 6.28318530717959
0

0101000
+3278 0 -3278 0 *
Wi

0101100
-3279 0 +3277 0 +3276 0 -3277 0 *
Fa
0  1e-07 640 0

0111000
+3275 0 *
Wi

0101100
+3279 0 *
Fa
0  1e-07 641 0

0111000
+3273 0 *
Wi

0101100
-3276 0 *
Fa
0  1e-07 642 0

0111000
-3271 0 *
Sh

0101100
+3274 0 +3272 0 -3270 0 *
So

0100000
+3269 0 *
Ve
1e-07
96.2143882623967 19.375 -17.2241568312214
0 0

0101101
*
Ed
 1e-07 1 1 0
1  643 0 0 6.28318530717959
2  1285 643 0 0 6.28318530717959
2  1286 644 0 0 6.28318530717959
0

0101000
+3267 0 -3267 0 *
Ve
1e-07
76.318422940804 38.75 -36.3664063685867
0 0

0101101
*
Ed
 1e-07 1 1 0
1  644 0 0 33.7293014814832
3  1287 1288CN 643 0 0 33.7293014814832
0

0101000
-3267 0 +3265 0 *
Ed
 1e-07 1 1 0
1  645 0 0 6.28318530717959
2  1289 643 0 0 6.28318530717959
2  1290 645 0 0 6.28318530717959
0

0101000
+3265 0 -3265 0 *
Wi

0101100
-3266 0 +3264 0 +3263 0 -3264 0 *
Fa
0  1e-07 643 0

0111000
+3262 0 *
Wi

0101100
+3266 0 *
Fa
0  1e-07 644 0

0111000
+3260 0 *
Wi

0101100
-3263 0 *
Fa
0  1e-07 645 0

0111000
-3258 0 *
Sh

0101100
+3261 0 +3259 0 -3257 0 *
So

0100000
+3256 0 *
Ve
1e-07
96.5815402014354 58.125 -17.5968357886972
0 0

0101101
*
Ed
 1e-07 1 1 0
1  646 0 0 6.28318530717959
2  1291 646 0 0 6.28318530717959
2  1292 647 0 0 6.28318530717959
0

0101000
+3254 0 -3254 0 *
Ve
1e-07
76.318422940804 38.75 -36.3664063685867
0 0

0101101
*
Ed
 1e-07 1 1 0
1  647 0 0 33.7384250650731
3  1293 1294CN 646 0 0 33.7384250650731
0

0101000
-3254 0 +3252 0 *
Ed
 1e-07 1 1 0
1  648 0 0 6.28318530717959
2  1295 646 0 0 6.28318530717959
2  1296 648 0 0 6.28318530717959
0

0101000
+3252 0 -3252 0 *
Wi

0101100
-3253 0 +3251 0 +3250 0 -3251 0 *
Fa
0  1e-07 646 0

0111000
+3249 0 *
Wi

0101100
+3253 0 *
Fa
0  1e-07 647 0

0111000
+3247 0 *
Wi

0101100
-3250 0 *
Fa
0  1e-07 648 0

0111000
-3245 0 *
Sh

0101100
+3248 0 +3246 0 -3244 0 *
So

0100000
+3243 0 *
Ve
1e-07
76.318422940804 38.75 2.38359363141326
0 0

0101101
*
Ed
 1e-07 1 1 0
1  649 0 0 6.28318530717959
2  1297 649 0 0 6.28318530717959
2  1298 650 0 0 6.28318530717959
0

0101000
+3241 0 -3241 0 *
Ve
1e-07
56.6517562741373 19.375 -16.9914063685867
0 0

0101101
*
Ed
 1e-07 1 1 0
1  650 0 0 33.7277189827266
3  1299 1300CN 649 0 0 33.7277189827266
0

0101000
-3241 0 +3239 0 *
Ed
 1e-07 1 1 0
1  651 0 0 6.28318530717959
2  1301 649 0 0 6.28318530717959
2  1302 651 0 0 6.28318530717959
0

0101000
+3239 0 -3239 0 *
Wi

0101100
-3240 0 +3238 0 +3237 0 -3238 0 *
Fa
0  1e-07 649 0

0111000
+3236 0 *
Wi

0101100
+3240 0 *
Fa
0  1e-07 650 0

0111000
+3234 0 *
Wi

0101100
-3237 0 *
Fa
0  1e-07 651 0

0111000
-3232 0 *
Sh

0101100
+3235 0 +3233 0 -3231 0 *
So

0100000
+3230 0 *
Ve
1e-07
56.6517562741373 19.375 16.9914063685867
0 0

0101101
*
Ed
 1e-07 1 1 0
1  652 0 0 6.28318530717959
2  1303 652 0 0 6.28318530717959
2  1304 653 0 0 6.28318530717959
0

0101000
+3228 0 -3228 0 *
Ve
1e-07
76.318422940804 38.75 -2.38359363141327
0 0

0101101
*
Ed
 1e-07 1 1 0
1  653 0 0 33.7277189827266
3  1305 1306CN 652 0 0 33.7277189827266
0

0101000
-3228 0 +3226 0 *
Ed
 1e-07 1 1 0
1  654 0 0 6.28318530717959
2  1307 652 0 0 6.28318530717959
2  1308 654 0 0 6.28318530717959
0

0101000
+3226 0 -3226 0 *
Wi

0101100
-3227 0 +3225 0 +3224 0 -3225 0 *
Fa
0  1e-07 652 0

0111000
+3223 0 *
Wi

0101100
+3227 0 *
Fa
0  1e-07 653 0

0111000
+3221 0 *
Wi

0101100
-3224 0 *
Fa
0  1e-07 654 0

0111000
-3219 0 *
Sh

0101100
+3222 0 +3220 0 -3218 0 *
So

0100000
+3217 0 *
Ve
1e-07
60.7842705276661 58.125 -21.1861305141041
0 0

0101101
*
Ed
 1e-07 1 1 0
1  655 0 0 6.28318530717959
2  1309 655 0 0 6.28318530717959
2  1310 656 0 0 6.28318530717959
0

0101000
+3215 0 -3215 0 *
Ve
1e-07
81.0149103925293 38.75 -2.38359363141327
0 0

0101101
*
Ed
 1e-07 1 1 0
1  656 0 0 33.7372910525836
3  1311 1312CN 655 0 0 33.7372910525836
0

0101000
-3215 0 +3213 0 *
Ed
 1e-07 1 1 0
1  657 0 0 6.28318530717959
2  1313 655 0 0 6.28318530717959
2  1314 657 0 0 6.28318530717959
0

0101000
+3213 0 -3213 0 *
Wi

0101100
-3214 0 +3212 0 +3211 0 -3212 0 *
Fa
0  1e-07 655 0

0111000
+3210 0 *
Wi

0101100
+3214 0 *
Fa
0  1e-07 656 0

0111000
+3208 0 *
Wi

0101100
-3211 0 *
Fa
0  1e-07 657 0

0111000
-3206 0 *
Sh

0101100
+3209 0 +3207 0 -3205 0 *
So

0100000
+3204 0 *
Ve
1e-07
57.2156220806252 58.125 17.5637604775378
0 0

0101101
*
Ed
 1e-07 1 1 0
1  658 0 0 6.28318530717959
2  1315 658 0 0 6.28318530717959
2  1316 659 0 0 6.28318530717959
0

0101000
+3202 0 -3202 0 *
Ve
1e-07
76.318422940804 38.75 -2.38359363141327
0 0

0101101
*
Ed
 1e-07 1 1 0
1  659 0 0 33.7372874080228
3  1317 1318CN 658 0 0 33.7372874080228
0

0101000
-3202 0 +3200 0 *
Ed
 1e-07 1 1 0
1  660 0 0 6.28318530717959
2  1319 658 0 0 6.28318530717959
2  1320 660 0 0 6.28318530717959
0

0101000
+3200 0 -3200 0 *
Wi

0101100
-3201 0 +3199 0 +3198 0 -3199 0 *
Fa
0  1e-07 658 0

0111000
+3197 0 *
Wi

0101100
+3201 0 *
Fa
0  1e-07 659 0

0111000
+3195 0 *
Wi

0101100
-3198 0 *
Fa
0  1e-07 660 0

0111000
-3193 0 *
Sh

0101100
+3196 0 +3194 0 -3192 0 *
So

0100000
+3191 0 *
Ve
1e-07
100.45227840427 19.375 -17.2241568312213
0 0

0101101
*
Ed
 1e-07 1 1 0
1  661 0 0 6.28318530717959
2  1321 661 0 0 6.28318530717959
2  1322 662 0 0 6.28318530717959
0

0101000
+3189 0 -3189 0 *
Ve
1e-07
81.0149103925293 38.75 2.38359363141327
0 0

0101101
*
Ed
 1e-07 1 1 0
1  662 0 0 33.7293014814832
3  1323 1324CN 661 0 0 33.7293014814832
0

0101000
-3189 0 +3187 0 *
Ed
 1e-07 1 1 0
1  663 0 0 6.28318530717959
2  1325 661 0 0 6.28318530717959
2  1326 663 0 0 6.28318530717959
0

0101000
+3187 0 -3187 0 *
Wi

0101100
-3188 0 +3186 0 +3185 0 -3186 0 *
Fa
0  1e-07 661 0

0111000
+3184 0 *
Wi

0101100
+3188 0 *
Fa
0  1e-07 662 0

0111000
+3182 0 *
Wi

0101100
-3185 0 *
Fa
0  1e-07 663 0

0111000
-3180 0 *
Sh

0101100
+3183 0 +3181 0 -3179 0 *
So

0100000
+3178 0 *
Ve
1e-07
96.2232780649624 19.375 21.5168195412281
0 0

0101101
*
Ed
 1e-07 1 1 0
1  664 0 0 6.28318530717959
2  1327 664 0 0 6.28318530717959
2  1328 665 0 0 6.28318530717959
0

0101000
+3176 0 -3176 0 *
Ve
1e-07
76.318422940804 38.75 2.38359363141327
0 0

0101101
*
Ed
 1e-07 1 1 0
1  665 0 0 33.7294265624209
3  1329 1330CN 664 0 0 33.7294265624209
0

0101000
-3176 0 +3174 0 *
Ed
 1e-07 1 1 0
1  666 0 0 6.28318530717959
2  1331 664 0 0 6.28318530717959
2  1332 666 0 0 6.28318530717959
0

0101000
+3174 0 -3174 0 *
Wi

0101100
-3175 0 +3173 0 +3172 0 -3173 0 *
Fa
0  1e-07 664 0

0111000
+3171 0 *
Wi

0101100
+3175 0 *
Fa
0  1e-07 665 0

0111000
+3169 0 *
Wi

0101100
-3172 0 *
Fa
0  1e-07 666 0

0111000
-3167 0 *
Sh

0101100
+3170 0 +3168 0 -3166 0 *
So

0100000
+3165 0 *
Ve
1e-07
100.085126465231 58.125 -17.5968357886972
0 0

0101101
*
Ed
 1e-07 1 1 0
1  667 0 0 6.28318530717959
2  1333 667 0 0 6.28318530717959
2  1334 668 0 0 6.28318530717959
0

0101000
+3163 0 -3163 0 *
Ve
1e-07
81.0149103925293 38.75 2.38359363141327
0 0

0101101
*
Ed
 1e-07 1 1 0
1  668 0 0 33.7384250650731
3  1335 1336CN 667 0 0 33.7384250650731
0

0101000
-3163 0 +3161 0 *
Ed
 1e-07 1 1 0
1  669 0 0 6.28318530717959
2  1337 667 0 0 6.28318530717959
2  1338 669 0 0 6.28318530717959
0

0101000
+3161 0 -3161 0 *
Wi

0101100
-3162 0 +3160 0 +3159 0 -3160 0 *
Fa
0  1e-07 667 0

0111000
+3158 0 *
Wi

0101100
+3162 0 *
Fa
0  1e-07 668 0

0111000
+3156 0 *
Wi

0101100
-3159 0 *
Fa
0  1e-07 669 0

0111000
-3154 0 *
Sh

0101100
+3157 0 +3155 0 -3153 0 *
So

0100000
+3152 0 *
Ve
1e-07
96.5808886064759 58.125 21.1538256152187
0 0

0101101
*
Ed
 1e-07 1 1 0
1  670 0 0 6.28318530717959
2  1339 670 0 0 6.28318530717959
2  1340 671 0 0 6.28318530717959
0

0101000
+3150 0 -3150 0 *
Ve
1e-07
76.318422940804 38.75 2.38359363141327
0 0

0101101
*
Ed
 1e-07 1 1 0
1  671 0 0 33.7384016897423
3  1341 1342CN 670 0 0 33.7384016897423
0

0101000
-3150 0 +3148 0 *
Ed
 1e-07 1 1 0
1  672 0 0 6.28318530717959
2  1343 670 0 0 6.28318530717959
2  1344 672 0 0 6.28318530717959
0

0101000
+3148 0 -3148 0 *
Wi

0101100
-3149 0 +3147 0 +3146 0 -3147 0 *
Fa
0  1e-07 670 0

0111000
+3145 0 *
Wi

0101100
+3149 0 *
Fa
0  1e-07 671 0

0111000
+3143 0 *
Wi

0101100
-3146 0 *
Fa
0  1e-07 672 0

0111000
-3141 0 *
Sh

0101100
+3144 0 +3142 0 -3140 0 *
So

0100000
+3139 0 *
Ve
1e-07
76.318422940804 38.75 41.1335936314133
0 0

0101101
*
Ed
 1e-07 1 1 0
1  673 0 0 6.28318530717959
2  1345 673 0 0 6.28318530717959
2  1346 674 0 0 6.28318530717959
0

0101000
+3137 0 -3137 0 *
Ve
1e-07
56.6517562741373 19.375 21.7585936314133
0 0

0101101
*
Ed
 1e-07 1 1 0
1  674 0 0 33.7277189827266
3  1347 1348CN 673 0 0 33.7277189827266
0

0101000
-3137 0 +3135 0 *
Ed
 1e-07 1 1 0
1  675 0 0 6.28318530717959
2  1349 673 0 0 6.28318530717959
2  1350 675 0 0 6.28318530717959
0

0101000
+3135 0 -3135 0 *
Wi

0101100
-3136 0 +3134 0 +3133 0 -3134 0 *
Fa
0  1e-07 673 0

0111000
+3132 0 *
Wi

0101100
+3136 0 *
Fa
0  1e-07 674 0

0111000
+3130 0 *
Wi

0101100
-3133 0 *
Fa
0  1e-07 675 0

0111000
-3128 0 *
Sh

0101100
+3131 0 +3129 0 -3127 0 *
So

0100000
+3126 0 *
Ve
1e-07
56.6517562741374 19.375 55.7414063685867
0 0

0101101
*
Ed
 1e-07 1 1 0
1  676 0 0 6.28318530717959
2  1351 676 0 0 6.28318530717959
2  1352 677 0 0 6.28318530717959
0

0101000
+3124 0 -3124 0 *
Ve
1e-07
76.318422940804 38.75 36.3664063685867
0 0

0101101
*
Ed
 1e-07 1 1 0
1  677 0 0 33.7277189827266
3  1353 1354CN 676 0 0 33.7277189827266
0

0101000
-3124 0 +3122 0 *
Ed
 1e-07 1 1 0
1  678 0 0 6.28318530717959
2  1355 676 0 0 6.28318530717959
2  1356 678 0 0 6.28318530717959
0

0101000
+3122 0 -3122 0 *
Wi

0101100
-3123 0 +3121 0 +3120 0 -3121 0 *
Fa
0  1e-07 676 0

0111000
+3119 0 *
Wi

0101100
+3123 0 *
Fa
0  1e-07 677 0

0111000
+3117 0 *
Wi

0101100
-3120 0 *
Fa
0  1e-07 678 0

0111000
-3115 0 *
Sh

0101100
+3118 0 +3116 0 -3114 0 *
So

0100000
+3113 0 *
Ve
1e-07
60.7843779193748 58.125 17.5637604775378
0 0

0101101
*
Ed
 1e-07 1 1 0
1  679 0 0 6.28318530717959
2  1357 679 0 0 6.28318530717959
2  1358 680 0 0 6.28318530717959
0

0101000
+3111 0 -3111 0 *
Ve
1e-07
81.0149103925293 38.75 36.3664063685867
0 0

0101101
*
Ed
 1e-07 1 1 0
1  680 0 0 33.7372874080228
3  1359 1360CN 679 0 0 33.7372874080228
0

0101000
-3111 0 +3109 0 *
Ed
 1e-07 1 1 0
1  681 0 0 6.28318530717959
2  1361 679 0 0 6.28318530717959
2  1362 681 0 0 6.28318530717959
0

0101000
+3109 0 -3109 0 *
Wi

0101100
-3110 0 +3108 0 +3107 0 -3108 0 *
Fa
0  1e-07 679 0

0111000
+3106 0 *
Wi

0101100
+3110 0 *
Fa
0  1e-07 680 0

0111000
+3104 0 *
Wi

0101100
-3107 0 *
Fa
0  1e-07 681 0

0111000
-3102 0 *
Sh

0101100
+3105 0 +3103 0 -3101 0 *
So

0100000
+3100 0 *
Ve
1e-07
100.443388601704 19.375 21.5168195412281
0 0

0101101
*
Ed
 1e-07 1 1 0
1  682 0 0 6.28318530717959
2  1363 682 0 0 6.28318530717959
2  1364 683 0 0 6.28318530717959
0

0101000
+3098 0 -3098 0 *
Ve
1e-07
81.0149103925293 38.75 41.1335936314133
0 0

0101101
*
Ed
 1e-07 1 1 0
1  683 0 0 33.7294265624209
3  1365 1366CN 682 0 0 33.7294265624209
0

0101000
-3098 0 +3096 0 *
Ed
 1e-07 1 1 0
1  684 0 0 6.28318530717959
2  1367 682 0 0 6.28318530717959
2  1368 684 0 0 6.28318530717959
0

0101000
+3096 0 -3096 0 *
Wi

0101100
-3097 0 +3095 0 +3094 0 -3095 0 *
Fa
0  1e-07 682 0

0111000
+3093 0 *
Wi

0101100
+3097 0 *
Fa
0  1e-07 683 0

0111000
+3091 0 *
Wi

0101100
-3094 0 *
Fa
0  1e-07 684 0

0111000
-3089 0 *
Sh

0101100
+3092 0 +3090 0 -3088 0 *
So

0100000
+3087 0 *
Ve
1e-07
96.1041485340868 19.375 60.3877424198804
0 0

0101101
*
Ed
 1e-07 1 1 0
1  685 0 0 6.28318530717959
2  1369 685 0 0 6.28318530717959
2  1370 686 0 0 6.28318530717959
0

0101000
+3085 0 -3085 0 *
Ve
1e-07
76.318422940804 38.75 41.1335936314133
0 0

0101101
*
Ed
 1e-07 1 1 0
1  686 0 0 33.7281456327073
3  1371 1372CN 685 0 0 33.7281456327073
0

0101000
-3085 0 +3083 0 *
Ed
 1e-07 1 1 0
1  687 0 0 6.28318530717959
2  1373 685 0 0 6.28318530717959
2  1374 687 0 0 6.28318530717959
0

0101000
+3083 0 -3083 0 *
Wi

0101100
-3084 0 +3082 0 +3081 0 -3082 0 *
Fa
0  1e-07 685 0

0111000
+3080 0 *
Wi

0101100
+3084 0 *
Fa
0  1e-07 686 0

0111000
+3078 0 *
Wi

0101100
-3081 0 *
Fa
0  1e-07 687 0

0111000
-3076 0 *
Sh

0101100
+3079 0 +3077 0 -3075 0 *
So

0100000
+3074 0 *
Ve
1e-07
100.085778060191 58.125 21.1538256152188
0 0

0101101
*
Ed
 1e-07 1 1 0
1  688 0 0 6.28318530717959
2  1375 688 0 0 6.28318530717959
2  1376 689 0 0 6.28318530717959
0

0101000
+3072 0 -3072 0 *
Ve
1e-07
81.0149103925293 38.75 41.1335936314133
0 0

0101101
*
Ed
 1e-07 1 1 0
1  689 0 0 33.7384016897423
3  1377 1378CN 688 0 0 33.7384016897423
0

0101000
-3072 0 +3070 0 *
Ed
 1e-07 1 1 0
1  690 0 0 6.28318530717959
2  1379 688 0 0 6.28318530717959
2  1380 690 0 0 6.28318530717959
0

0101000
+3070 0 -3070 0 *
Wi

0101100
-3071 0 +3069 0 +3068 0 -3069 0 *
Fa
0  1e-07 688 0

0111000
+3067 0 *
Wi

0101100
+3071 0 *
Fa
0  1e-07 689 0

0111000
+3065 0 *
Wi

0101100
-3068 0 *
Fa
0  1e-07 690 0

0111000
-3063 0 *
Sh

0101100
+3066 0 +3064 0 -3062 0 *
So

0100000
+3061 0 *
Ve
1e-07
100.248574481351 -19.375 -60.0690727351926
0 0

0101101
*
Ed
 1e-07 1 1 0
1  691 0 0 6.28318530717959
2  1381 691 0 0 6.28318530717959
2  1382 692 0 0 6.28318530717959
0

0101000
+3059 0 -3059 0 *
Ve
1e-07
120.348243725863 -38.75 -41.1335936314133
0 0

0101101
*
Ed
 1e-07 1 1 0
1  692 0 0 33.7333617896055
3  1383 1384CN 691 0 0 33.7333617896055
0

0101000
-3059 0 +3057 0 *
Ed
 1e-07 1 1 0
1  693 0 0 6.28318530717959
2  1385 691 0 0 6.28318530717959
2  1386 693 0 0 6.28318530717959
0

0101000
+3057 0 -3057 0 *
Wi

0101100
-3058 0 +3056 0 +3055 0 -3056 0 *
Fa
0  1e-07 691 0

0111000
+3054 0 *
Wi

0101100
+3058 0 *
Fa
0  1e-07 692 0

0111000
+3052 0 *
Wi

0101100
-3055 0 *
Fa
0  1e-07 693 0

0111000
-3050 0 *
Sh

0101100
+3053 0 +3051 0 -3049 0 *
So

0100000
+3048 0 *
Ve
1e-07
95.9850896074707 -19.375 -21.7585936314133
0 0

0101101
*
Ed
 1e-07 1 1 0
1  694 0 0 6.28318530717959
2  1387 694 0 0 6.28318530717959
2  1388 695 0 0 6.28318530717959
0

0101000
+3046 0 -3046 0 *
Ve
1e-07
115.651756274137 -38.75 -41.1335936314133
0 0

0101101
*
Ed
 1e-07 1 1 0
1  695 0 0 33.7277189827266
3  1389 1390CN 694 0 0 33.7277189827266
0

0101000
-3046 0 +3044 0 *
Ed
 1e-07 1 1 0
1  696 0 0 6.28318530717959
2  1391 694 0 0 6.28318530717959
2  1392 696 0 0 6.28318530717959
0

0101000
+3044 0 -3044 0 *
Wi

0101100
-3045 0 +3043 0 +3042 0 -3043 0 *
Fa
0  1e-07 694 0

0111000
+3041 0 *
Wi

0101100
+3045 0 *
Fa
0  1e-07 695 0

0111000
+3039 0 *
Wi

0101100
-3042 0 *
Fa
0  1e-07 696 0

0111000
-3037 0 *
Sh

0101100
+3040 0 +3038 0 -3036 0 *
So

0100000
+3035 0 *
Ve
1e-07
140.014910392529 -58.125 -55.7414063685867
0 0

0101101
*
Ed
 1e-07 1 1 0
1  697 0 0 6.28318530717959
2  1393 697 0 0 6.28318530717959
2  1394 698 0 0 6.28318530717959
0

0101000
+3033 0 -3033 0 *
Ve
1e-07
120.348243725863 -38.75 -36.3664063685867
0 0

0101101
*
Ed
 1e-07 1 1 0
1  698 0 0 33.7277189827266
3  1395 1396CN 697 0 0 33.7277189827266
0

0101000
-3033 0 +3031 0 *
Ed
 1e-07 1 1 0
1  699 0 0 6.28318530717959
2  1397 697 0 0 6.28318530717959
2  1398 699 0 0 6.28318530717959
0

0101000
+3031 0 -3031 0 *
Wi

0101100
-3032 0 +3030 0 +3029 0 -3030 0 *
Fa
0  1e-07 697 0

0111000
+3028 0 *
Wi

0101100
+3032 0 *
Fa
0  1e-07 698 0

0111000
+3026 0 *
Wi

0101100
-3029 0 *
Fa
0  1e-07 699 0

0111000
-3024 0 *
Sh

0101100
+3027 0 +3025 0 -3023 0 *
So

0100000
+3022 0 *
Ve
1e-07
135.577410919036 -58.125 -17.2542930905772
0 0

0101101
*
Ed
 1e-07 1 1 0
1  700 0 0 6.28318530717959
2  1399 700 0 0 6.28318530717959
2  1400 701 0 0 6.28318530717959
0

0101000
+3020 0 -3020 0 *
Ve
1e-07
115.651756274137 -38.75 -36.3664063685867
0 0

0101101
*
Ed
 1e-07 1 1 0
1  701 0 0 33.7297377988511
3  1401 1402CN 700 0 0 33.7297377988511
0

0101000
-3020 0 +3018 0 *
Ed
 1e-07 1 1 0
1  702 0 0 6.28318530717959
2  1403 700 0 0 6.28318530717959
2  1404 702 0 0 6.28318530717959
0

0101000
+3018 0 -3018 0 *
Wi

0101100
-3019 0 +3017 0 +3016 0 -3017 0 *
Fa
0  1e-07 700 0

0111000
+3015 0 *
Wi

0101100
+3019 0 *
Fa
0  1e-07 701 0

0111000
+3013 0 *
Wi

0101100
-3016 0 *
Fa
0  1e-07 702 0

0111000
-3011 0 *
Sh

0101100
+3014 0 +3012 0 -3010 0 *
So

0100000
+3009 0 *
Ve
1e-07
140.014910392529 -19.375 -55.7414063685867
0 0

0101101
*
Ed
 1e-07 1 1 0
1  703 0 0 6.28318530717959
2  1405 703 0 0 6.28318530717959
2  1406 704 0 0 6.28318530717959
0

0101000
+3007 0 -3007 0 *
Ve
1e-07
120.348243725863 -38.75 -36.3664063685867
0 0

0101101
*
Ed
 1e-07 1 1 0
1  704 0 0 33.7277189827266
3  1407 1408CN 703 0 0 33.7277189827266
0

0101000
-3007 0 +3005 0 *
Ed
 1e-07 1 1 0
1  705 0 0 6.28318530717959
2  1409 703 0 0 6.28318530717959
2  1410 705 0 0 6.28318530717959
0

0101000
+3005 0 -3005 0 *
Wi

0101100
-3006 0 +3004 0 +3003 0 -3004 0 *
Fa
0  1e-07 703 0

0111000
+3002 0 *
Wi

0101100
+3006 0 *
Fa
0  1e-07 704 0

0111000
+3000 0 *
Wi

0101100
-3003 0 *
Fa
0  1e-07 705 0

0111000
-2998 0 *
Sh

0101100
+3001 0 +2999 0 -2997 0 *
So

0100000
+2996 0 *
Ve
1e-07
135.318422940804 -19.375 -16.9914063685867
0 0

0101101
*
Ed
 1e-07 1 1 0
1  706 0 0 6.28318530717959
2  1411 706 0 0 6.28318530717959
2  1412 707 0 0 6.28318530717959
0

0101000
+2994 0 -2994 0 *
Ve
1e-07
115.651756274137 -38.75 -36.3664063685867
0 0

0101101
*
Ed
 1e-07 1 1 0
1  707 0 0 33.7277189827266
3  1413 1414CN 706 0 0 33.7277189827266
0

0101000
-2994 0 +2992 0 *
Ed
 1e-07 1 1 0
1  708 0 0 6.28318530717959
2  1415 706 0 0 6.28318530717959
2  1416 708 0 0 6.28318530717959
0

0101000
+2992 0 -2992 0 *
Wi

0101100
-2993 0 +2991 0 +2990 0 -2991 0 *
Fa
0  1e-07 706 0

0111000
+2989 0 *
Wi

0101100
+2993 0 *
Fa
0  1e-07 707 0

0111000
+2987 0 *
Wi

0101100
-2990 0 *
Fa
0  1e-07 708 0

0111000
-2985 0 *
Sh

0101100
+2988 0 +2986 0 -2984 0 *
So

0100000
+2983 0 *
Ve
1e-07
100.681577059196 -19.375 -21.7585936314133
0 0

0101101
*
Ed
 1e-07 1 1 0
1  709 0 0 6.28318530717959
2  1417 709 0 0 6.28318530717959
2  1418 710 0 0 6.28318530717959
0

0101000
+2981 0 -2981 0 *
Ve
1e-07
120.348243725863 -38.75 -2.38359363141327
0 0

0101101
*
Ed
 1e-07 1 1 0
1  710 0 0 33.7277189827266
3  1419 1420CN 709 0 0 33.7277189827266
0

0101000
-2981 0 +2979 0 *
Ed
 1e-07 1 1 0
1  711 0 0 6.28318530717959
2  1421 709 0 0 6.28318530717959
2  1422 711 0 0 6.28318530717959
0

0101000
+2979 0 -2979 0 *
Wi

0101100
-2980 0 +2978 0 +2977 0 -2978 0 *
Fa
0  1e-07 709 0

0111000
+2976 0 *
Wi

0101100
+2980 0 *
Fa
0  1e-07 710 0

0111000
+2974 0 *
Wi

0101100
-2977 0 *
Fa
0  1e-07 711 0

0111000
-2972 0 *
Sh

0101100
+2975 0 +2973 0 -2971 0 *
So

0100000
+2970 0 *
Ve
1e-07
95.9850896074707 -19.375 16.9914063685867
0 0

0101101
*
Ed
 1e-07 1 1 0
1  712 0 0 6.28318530717959
2  1423 712 0 0 6.28318530717959
2  1424 713 0 0 6.28318530717959
0

0101000
+2968 0 -2968 0 *
Ve
1e-07
115.651756274137 -38.75 -2.38359363141327
0 0

0101101
*
Ed
 1e-07 1 1 0
1  713 0 0 33.7277189827266
3  1425 1426CN 712 0 0 33.7277189827266
0

0101000
-2968 0 +2966 0 *
Ed
 1e-07 1 1 0
1  714 0 0 6.28318530717959
2  1427 712 0 0 6.28318530717959
2  1428 714 0 0 6.28318530717959
0

0101000
+2966 0 -2966 0 *
Wi

0101100
-2967 0 +2965 0 +2964 0 -2965 0 *
Fa
0  1e-07 712 0

0111000
+2963 0 *
Wi

0101100
+2967 0 *
Fa
0  1e-07 713 0

0111000
+2961 0 *
Wi

0101100
-2964 0 *
Fa
0  1e-07 714 0

0111000
-2959 0 *
Sh

0101100
+2962 0 +2960 0 -2958 0 *
So

0100000
+2957 0 *
Ve
1e-07
139.755922414297 -58.125 -17.2542930905772
0 0

0101101
*
Ed
 1e-07 1 1 0
1  715 0 0 6.28318530717959
2  1429 715 0 0 6.28318530717959
2  1430 716 0 0 6.28318530717959
0

0101000
+2955 0 -2955 0 *
Ve
1e-07
120.348243725863 -38.75 2.38359363141327
0 0

0101101
*
Ed
 1e-07 1 1 0
1  716 0 0 33.7297377988511
3  1431 1432CN 715 0 0 33.7297377988511
0

0101000
-2955 0 +2953 0 *
Ed
 1e-07 1 1 0
1  717 0 0 6.28318530717959
2  1433 715 0 0 6.28318530717959
2  1434 717 0 0 6.28318530717959
0

0101000
+2953 0 -2953 0 *
Wi

0101100
-2954 0 +2952 0 +2951 0 -2952 0 *
Fa
0  1e-07 715 0

0111000
+2950 0 *
Wi

0101100
+2954 0 *
Fa
0  1e-07 716 0

0111000
+2948 0 *
Wi

0101100
-2951 0 *
Fa
0  1e-07 717 0

0111000
-2946 0 *
Sh

0101100
+2949 0 +2947 0 -2945 0 *
So

0100000
+2944 0 *
Ve
1e-07
135.577554595577 -58.125 21.4955610700092
0 0

0101101
*
Ed
 1e-07 1 1 0
1  718 0 0 6.28318530717959
2  1435 718 0 0 6.28318530717959
2  1436 719 0 0 6.28318530717959
0

0101000
+2942 0 -2942 0 *
Ve
1e-07
115.651756274137 -38.75 2.38359363141327
0 0

0101101
*
Ed
 1e-07 1 1 0
1  719 0 0 33.7297400393279
3  1437 1438CN 718 0 0 33.7297400393279
0

0101000
-2942 0 +2940 0 *
Ed
 1e-07 1 1 0
1  720 0 0 6.28318530717959
2  1439 718 0 0 6.28318530717959
2  1440 720 0 0 6.28318530717959
0

0101000
+2940 0 -2940 0 *
Wi

0101100
-2941 0 +2939 0 +2938 0 -2939 0 *
Fa
0  1e-07 718 0

0111000
+2937 0 *
Wi

0101100
+2941 0 *
Fa
0  1e-07 719 0

0111000
+2935 0 *
Wi

0101100
-2938 0 *
Fa
0  1e-07 720 0

0111000
-2933 0 *
Sh

0101100
+2936 0 +2934 0 -2932 0 *
So

0100000
+2931 0 *
Ve
1e-07
140.014910392529 -19.375 -16.9914063685867
0 0

0101101
*
Ed
 1e-07 1 1 0
1  721 0 0 6.28318530717959
2  1441 721 0 0 6.28318530717959
2  1442 722 0 0 6.28318530717959
0

0101000
+2929 0 -2929 0 *
Ve
1e-07
120.348243725863 -38.75 2.38359363141327
0 0

0101101
*
Ed
 1e-07 1 1 0
1  722 0 0 33.7277189827266
3  1443 1444CN 721 0 0 33.7277189827266
0

0101000
-2929 0 +2927 0 *
Ed
 1e-07 1 1 0
1  723 0 0 6.28318530717959
2  1445 721 0 0 6.28318530717959
2  1446 723 0 0 6.28318530717959
0

0101000
+2927 0 -2927 0 *
Wi

0101100
-2928 0 +2926 0 +2925 0 -2926 0 *
Fa
0  1e-07 721 0

0111000
+2924 0 *
Wi

0101100
+2928 0 *
Fa
0  1e-07 722 0

0111000
+2922 0 *
Wi

0101100
-2925 0 *
Fa
0  1e-07 723 0

0111000
-2920 0 *
Sh

0101100
+2923 0 +2921 0 -2919 0 *
So

0100000
+2918 0 *
Ve
1e-07
135.318422940804 -19.375 21.7585936314133
0 0

0101101
*
Ed
 1e-07 1 1 0
1  724 0 0 6.28318530717959
2  1447 724 0 0 6.28318530717959
2  1448 725 0 0 6.28318530717959
0

0101000
+2916 0 -2916 0 *
Ve
1e-07
115.651756274137 -38.75 2.38359363141327
0 0

0101101
*
Ed
 1e-07 1 1 0
1  725 0 0 33.7277189827266
3  1449 1450CN 724 0 0 33.7277189827266
0

0101000
-2916 0 +2914 0 *
Ed
 1e-07 1 1 0
1  726 0 0 6.28318530717959
2  1451 724 0 0 6.28318530717959
2  1452 726 0 0 6.28318530717959
0

0101000
+2914 0 -2914 0 *
Wi

0101100
-2915 0 +2913 0 +2912 0 -2913 0 *
Fa
0  1e-07 724 0

0111000
+2911 0 *
Wi

0101100
+2915 0 *
Fa
0  1e-07 725 0

0111000
+2909 0 *
Wi

0101100
-2912 0 *
Fa
0  1e-07 726 0

0111000
-2907 0 *
Sh

0101100
+2910 0 +2908 0 -2906 0 *
So

0100000
+2905 0 *
Ve
1e-07
100.681577059196 -19.375 16.9914063685867
0 0

0101101
*
Ed
 1e-07 1 1 0
1  727 0 0 6.28318530717959
2  1453 727 0 0 6.28318530717959
2  1454 728 0 0 6.28318530717959
0

0101000
+2903 0 -2903 0 *
Ve
1e-07
120.348243725863 -38.75 36.3664063685867
0 0

0101101
*
Ed
 1e-07 1 1 0
1  728 0 0 33.7277189827266
3  1455 1456CN 727 0 0 33.7277189827266
0

0101000
-2903 0 +2901 0 *
Ed
 1e-07 1 1 0
1  729 0 0 6.28318530717959
2  1457 727 0 0 6.28318530717959
2  1458 729 0 0 6.28318530717959
0

0101000
+2901 0 -2901 0 *
Wi

0101100
-2902 0 +2900 0 +2899 0 -2900 0 *
Fa
0  1e-07 727 0

0111000
+2898 0 *
Wi

0101100
+2902 0 *
Fa
0  1e-07 728 0

0111000
+2896 0 *
Wi

0101100
-2899 0 *
Fa
0  1e-07 729 0

0111000
-2894 0 *
Sh

0101100
+2897 0 +2895 0 -2893 0 *
So

0100000
+2892 0 *
Ve
1e-07
96.4170629959561 -19.375 56.1798825822751
0 0

0101101
*
Ed
 1e-07 1 1 0
1  730 0 0 6.28318530717959
2  1459 730 0 0 6.28318530717959
2  1460 731 0 0 6.28318530717959
0

0101000
+2890 0 -2890 0 *
Ve
1e-07
115.651756274137 -38.75 36.3664063685867
0 0

0101101
*
Ed
 1e-07 1 1 0
1  731 0 0 33.7333349993165
3  1461 1462CN 730 0 0 33.7333349993165
0

0101000
-2890 0 +2888 0 *
Ed
 1e-07 1 1 0
1  732 0 0 6.28318530717959
2  1463 730 0 0 6.28318530717959
2  1464 732 0 0 6.28318530717959
0

0101000
+2888 0 -2888 0 *
Wi

0101100
-2889 0 +2887 0 +2886 0 -2887 0 *
Fa
0  1e-07 730 0

0111000
+2885 0 *
Wi

0101100
+2889 0 *
Fa
0  1e-07 731 0

0111000
+2883 0 *
Wi

0101100
-2886 0 *
Fa
0  1e-07 732 0

0111000
-2881 0 *
Sh

0101100
+2884 0 +2882 0 -2880 0 *
So

0100000
+2879 0 *
Ve
1e-07
139.755778737756 -58.125 21.4955610700092
0 0

0101101
*
Ed
 1e-07 1 1 0
1  733 0 0 6.28318530717959
2  1465 733 0 0 6.28318530717959
2  1466 734 0 0 6.28318530717959
0

0101000
+2877 0 -2877 0 *
Ve
1e-07
120.348243725863 -38.75 41.1335936314133
0 0

0101101
*
Ed
 1e-07 1 1 0
1  734 0 0 33.7297400393279
3  1467 1468CN 733 0 0 33.7297400393279
0

0101000
-2877 0 +2875 0 *
Ed
 1e-07 1 1 0
1  735 0 0 6.28318530717959
2  1469 733 0 0 6.28318530717959
2  1470 735 0 0 6.28318530717959
0

0101000
+2875 0 -2875 0 *
Wi

0101100
-2876 0 +2874 0 +2873 0 -2874 0 *
Fa
0  1e-07 733 0

0111000
+2872 0 *
Wi

0101100
+2876 0 *
Fa
0  1e-07 734 0

0111000
+2870 0 *
Wi

0101100
-2873 0 *
Fa
0  1e-07 735 0

0111000
-2868 0 *
Sh

0101100
+2871 0 +2869 0 -2867 0 *
So

0100000
+2866 0 *
Ve
1e-07
135.318422940804 -58.125 60.5085936314133
0 0

0101101
*
Ed
 1e-07 1 1 0
1  736 0 0 6.28318530717959
2  1471 736 0 0 6.28318530717959
2  1472 737 0 0 6.28318530717959
0

0101000
+2864 0 -2864 0 *
Ve
1e-07
115.651756274137 -38.75 41.1335936314133
0 0

0101101
*
Ed
 1e-07 1 1 0
1  737 0 0 33.7277189827266
3  1473 1474CN 736 0 0 33.7277189827266
0

0101000
-2864 0 +2862 0 *
Ed
 1e-07 1 1 0
1  738 0 0 6.28318530717959
2  1475 736 0 0 6.28318530717959
2  1476 738 0 0 6.28318530717959
0

0101000
+2862 0 -2862 0 *
Wi

0101100
-2863 0 +2861 0 +2860 0 -2861 0 *
Fa
0  1e-07 736 0

0111000
+2859 0 *
Wi

0101100
+2863 0 *
Fa
0  1e-07 737 0

0111000
+2857 0 *
Wi

0101100
-2860 0 *
Fa
0  1e-07 738 0

0111000
-2855 0 *
Sh

0101100
+2858 0 +2856 0 -2854 0 *
So

0100000
+2853 0 *
Ve
1e-07
140.014910392529 -19.375 21.7585936314133
0 0

0101101
*
Ed
 1e-07 1 1 0
1  739 0 0 6.28318530717959
2  1477 739 0 0 6.28318530717959
2  1478 740 0 0 6.28318530717959
0

0101000
+2851 0 -2851 0 *
Ve
1e-07
120.348243725863 -38.75 41.1335936314133
0 0

0101101
*
Ed
 1e-07 1 1 0
1  740 0 0 33.7277189827266
3  1479 1480CN 739 0 0 33.7277189827266
0

0101000
-2851 0 +2849 0 *
Ed
 1e-07 1 1 0
1  741 0 0 6.28318530717959
2  1481 739 0 0 6.28318530717959
2  1482 741 0 0 6.28318530717959
0

0101000
+2849 0 -2849 0 *
Wi

0101100
-2850 0 +2848 0 +2847 0 -2848 0 *
Fa
0  1e-07 739 0

0111000
+2846 0 *
Wi

0101100
+2850 0 *
Fa
0  1e-07 740 0

0111000
+2844 0 *
Wi

0101100
-2847 0 *
Fa
0  1e-07 741 0

0111000
-2842 0 *
Sh

0101100
+2845 0 +2843 0 -2841 0 *
So

0100000
+2840 0 *
Ve
1e-07
135.318422940804 -19.375 60.5085936314133
0 0

0101101
*
Ed
 1e-07 1 1 0
1  742 0 0 6.28318530717959
2  1483 742 0 0 6.28318530717959
2  1484 743 0 0 6.28318530717959
0

0101000
+2838 0 -2838 0 *
Ve
1e-07
115.651756274137 -38.75 41.1335936314133
0 0

0101101
*
Ed
 1e-07 1 1 0
1  743 0 0 33.7277189827266
3  1485 1486CN 742 0 0 33.7277189827266
0

0101000
-2838 0 +2836 0 *
Ed
 1e-07 1 1 0
1  744 0 0 6.28318530717959
2  1487 742 0 0 6.28318530717959
2  1488 744 0 0 6.28318530717959
0

0101000
+2836 0 -2836 0 *
Wi

0101100
-2837 0 +2835 0 +2834 0 -2835 0 *
Fa
0  1e-07 742 0

0111000
+2833 0 *
Wi

0101100
+2837 0 *
Fa
0  1e-07 743 0

0111000
+2831 0 *
Wi

0101100
-2834 0 *
Fa
0  1e-07 744 0

0111000
-2829 0 *
Sh

0101100
+2832 0 +2830 0 -2828 0 *
So

0100000
+2827 0 *
Ve
1e-07
115.651756274137 3.49581057310815e-15 -36.3664063685867
0 0

0101101
*
Ed
 1e-07 1 1 0
1  745 0 0 6.28318530717959
2  1489 745 0 0 6.28318530717959
2  1490 746 0 0 6.28318530717959
0

0101000
+2825 0 -2825 0 *
Ve
1e-07
96.4180921853152 -19.375 -56.1809272648074
0 0

0101101
*
Ed
 1e-07 1 1 0
1  746 0 0 33.7333617896055
3  1491 1492CN 745 0 0 33.7333617896055
0

0101000
-2825 0 +2823 0 *
Ed
 1e-07 1 1 0
1  747 0 0 6.28318530717959
2  1493 745 0 0 6.28318530717959
2  1494 747 0 0 6.28318530717959
0

0101000
+2823 0 -2823 0 *
Wi

0101100
-2824 0 +2822 0 +2821 0 -2822 0 *
Fa
0  1e-07 745 0

0111000
+2820 0 *
Wi

0101100
+2824 0 *
Fa
0  1e-07 746 0

0111000
+2818 0 *
Wi

0101100
-2821 0 *
Fa
0  1e-07 747 0

0111000
-2816 0 *
Sh

0101100
+2819 0 +2817 0 -2815 0 *
So

0100000
+2814 0 *
Ve
1e-07
95.9850896074707 -19.375 -21.7585936314133
0 0

0101101
*
Ed
 1e-07 1 1 0
1  748 0 0 6.28318530717959
2  1495 748 0 0 6.28318530717959
2  1496 749 0 0 6.28318530717959
0

0101000
+2812 0 -2812 0 *
Ve
1e-07
115.651756274137 7.63690791757724e-16 -41.1335936314133
0 0

0101101
*
Ed
 1e-07 1 1 0
1  749 0 0 33.7277189827266
3  1497 1498CN 748 0 0 33.7277189827266
0

0101000
-2812 0 +2810 0 *
Ed
 1e-07 1 1 0
1  750 0 0 6.28318530717959
2  1499 748 0 0 6.28318530717959
2  1500 750 0 0 6.28318530717959
0

0101000
+2810 0 -2810 0 *
Wi

0101100
-2811 0 +2809 0 +2808 0 -2809 0 *
Fa
0  1e-07 748 0

0111000
+2807 0 *
Wi

0101100
+2811 0 *
Fa
0  1e-07 749 0

0111000
+2805 0 *
Wi

0101100
-2808 0 *
Fa
0  1e-07 750 0

0111000
-2803 0 *
Sh

0101100
+2806 0 +2804 0 -2802 0 *
So

0100000
+2801 0 *
Ve
1e-07
100.560807776684 19.375 -60.3860063166917
0 0

0101101
*
Ed
 1e-07 1 1 0
1  751 0 0 6.28318530717959
2  1501 751 0 0 6.28318530717959
2  1502 752 0 0 6.28318530717959
0

0101000
+2799 0 -2799 0 *
Ve
1e-07
120.348243725863 7.63690791757725e-16 -41.1335936314133
0 0

0101101
*
Ed
 1e-07 1 1 0
1  752 0 0 33.7281579788625
3  1503 1504CN 751 0 0 33.7281579788625
0

0101000
-2799 0 +2797 0 *
Ed
 1e-07 1 1 0
1  753 0 0 6.28318530717959
2  1505 751 0 0 6.28318530717959
2  1506 753 0 0 6.28318530717959
0

0101000
+2797 0 -2797 0 *
Wi

0101100
-2798 0 +2796 0 +2795 0 -2796 0 *
Fa
0  1e-07 751 0

0111000
+2794 0 *
Wi

0101100
+2798 0 *
Fa
0  1e-07 752 0

0111000
+2792 0 *
Wi

0101100
-2795 0 *
Fa
0  1e-07 753 0

0111000
-2790 0 *
Sh

0101100
+2793 0 +2791 0 -2789 0 *
So

0100000
+2788 0 *
Ve
1e-07
96.2143882623967 19.375 -21.5258431687786
0 0

0101101
*
Ed
 1e-07 1 1 0
1  754 0 0 6.28318530717959
2  1507 754 0 0 6.28318530717959
2  1508 755 0 0 6.28318530717959
0

0101000
+2786 0 -2786 0 *
Ve
1e-07
115.651756274137 5.77950055061798e-16 -41.1335936314133
0 0

0101101
*
Ed
 1e-07 1 1 0
1  755 0 0 33.7293014814832
3  1509 1510CN 754 0 0 33.7293014814832
0

0101000
-2786 0 +2784 0 *
Ed
 1e-07 1 1 0
1  756 0 0 6.28318530717959
2  1511 754 0 0 6.28318530717959
2  1512 756 0 0 6.28318530717959
0

0101000
+2784 0 -2784 0 *
Wi

0101100
-2785 0 +2783 0 +2782 0 -2783 0 *
Fa
0  1e-07 754 0

0111000
+2781 0 *
Wi

0101100
+2785 0 *
Fa
0  1e-07 755 0

0111000
+2779 0 *
Wi

0101100
-2782 0 *
Fa
0  1e-07 756 0

0111000
-2777 0 *
Sh

0101100
+2780 0 +2778 0 -2776 0 *
So

0100000
+2775 0 *
Ve
1e-07
140.014910392529 -19.375 -55.7414063685867
0 0

0101101
*
Ed
 1e-07 1 1 0
1  757 0 0 6.28318530717959
2  1513 757 0 0 6.28318530717959
2  1514 758 0 0 6.28318530717959
0

0101000
+2773 0 -2773 0 *
Ve
1e-07
120.348243725863 7.63690791757728e-16 -36.3664063685867
0 0

0101101
*
Ed
 1e-07 1 1 0
1  758 0 0 33.7277189827266
3  1515 1516CN 757 0 0 33.7277189827266
0

0101000
-2773 0 +2771 0 *
Ed
 1e-07 1 1 0
1  759 0 0 6.28318530717959
2  1517 757 0 0 6.28318530717959
2  1518 759 0 0 6.28318530717959
0

0101000
+2771 0 -2771 0 *
Wi

0101100
-2772 0 +2770 0 +2769 0 -2770 0 *
Fa
0  1e-07 757 0

0111000
+2768 0 *
Wi

0101100
+2772 0 *
Fa
0  1e-07 758 0

0111000
+2766 0 *
Wi

0101100
-2769 0 *
Fa
0  1e-07 759 0

0111000
-2764 0 *
Sh

0101100
+2767 0 +2765 0 -2763 0 *
So

0100000
+2762 0 *
Ve
1e-07
135.318422940804 -19.375 -16.9914063685867
0 0

0101101
*
Ed
 1e-07 1 1 0
1  760 0 0 6.28318530717959
2  1519 760 0 0 6.28318530717959
2  1520 761 0 0 6.28318530717959
0

0101000
+2760 0 -2760 0 *
Ve
1e-07
115.651756274137 5.77950055061802e-16 -36.3664063685867
0 0

0101101
*
Ed
 1e-07 1 1 0
1  761 0 0 33.7277189827266
3  1521 1522CN 760 0 0 33.7277189827266
0

0101000
-2760 0 +2758 0 *
Ed
 1e-07 1 1 0
1  762 0 0 6.28318530717959
2  1523 760 0 0 6.28318530717959
2  1524 762 0 0 6.28318530717959
0

0101000
+2758 0 -2758 0 *
Wi

0101100
-2759 0 +2757 0 +2756 0 -2757 0 *
Fa
0  1e-07 760 0

0111000
+2755 0 *
Wi

0101100
+2759 0 *
Fa
0  1e-07 761 0

0111000
+2753 0 *
Wi

0101100
-2756 0 *
Fa
0  1e-07 762 0

0111000
-2751 0 *
Sh

0101100
+2754 0 +2752 0 -2750 0 *
So

0100000
+2749 0 *
Ve
1e-07
140.014910392529 19.375 -55.7414063685867
0 0

0101101
*
Ed
 1e-07 1 1 0
1  763 0 0 6.28318530717959
2  1525 763 0 0 6.28318530717959
2  1526 764 0 0 6.28318530717959
0

0101000
+2747 0 -2747 0 *
Ve
1e-07
120.348243725863 5.77950055061802e-16 -36.3664063685867
0 0

0101101
*
Ed
 1e-07 1 1 0
1  764 0 0 33.7277189827266
3  1527 1528CN 763 0 0 33.7277189827266
0

0101000
-2747 0 +2745 0 *
Ed
 1e-07 1 1 0
1  765 0 0 6.28318530717959
2  1529 763 0 0 6.28318530717959
2  1530 765 0 0 6.28318530717959
0

0101000
+2745 0 -2745 0 *
Wi

0101100
-2746 0 +2744 0 +2743 0 -2744 0 *
Fa
0  1e-07 763 0

0111000
+2742 0 *
Wi

0101100
+2746 0 *
Fa
0  1e-07 764 0

0111000
+2740 0 *
Wi

0101100
-2743 0 *
Fa
0  1e-07 765 0

0111000
-2738 0 *
Sh

0101100
+2741 0 +2739 0 -2737 0 *
So

0100000
+2736 0 *
Ve
1e-07
136.302061820402 19.375 -17.9898527151895
0 0

0101101
*
Ed
 1e-07 1 1 0
1  766 0 0 6.28318530717959
2  1531 766 0 0 6.28318530717959
2  1532 767 0 0 6.28318530717959
0

0101000
+2734 0 -2734 0 *
Ve
1e-07
115.651756274137 7.63690791757728e-16 -36.3664063685867
0 0

0101101
*
Ed
 1e-07 1 1 0
1  767 0 0 33.7568284696634
3  1533 1534CN 766 0 0 33.7568284696634
0

0101000
-2734 0 +2732 0 *
Ed
 1e-07 1 1 0
1  768 0 0 6.28318530717959
2  1535 766 0 0 6.28318530717959
2  1536 768 0 0 6.28318530717959
0

0101000
+2732 0 -2732 0 *
Wi

0101100
-2733 0 +2731 0 +2730 0 -2731 0 *
Fa
0  1e-07 766 0

0111000
+2729 0 *
Wi

0101100
+2733 0 *
Fa
0  1e-07 767 0

0111000
+2727 0 *
Wi

0101100
-2730 0 *
Fa
0  1e-07 768 0

0111000
-2725 0 *
Sh

0101100
+2728 0 +2726 0 -2724 0 *
So

0100000
+2723 0 *
Ve
1e-07
116.825878137069 5.09547049099206e-15 1.19179681570664
0 0

0101101
*
Ed
 1e-07 1 1 0
1  769 0 0 6.28318530717959
2  1537 769 0 0 6.28318530717959
2  1538 770 0 0 6.28318530717959
0

0101000
+2721 0 -2721 0 *
Ve
1e-07
95.9850896074707 -19.375 -16.9914063685867
0 0

0101101
*
Ed
 1e-07 1 1 0
1  770 0 0 33.7691866881144
3  1539 1540CN 769 0 0 33.7691866881144
0

0101000
-2721 0 +2719 0 *
Ed
 1e-07 1 1 0
1  771 0 0 6.28318530717959
2  1541 769 0 0 6.28318530717959
2  1542 771 0 0 6.28318530717959
0

0101000
+2719 0 -2719 0 *
Wi

0101100
-2720 0 +2718 0 +2717 0 -2718 0 *
Fa
0  1e-07 769 0

0111000
+2716 0 *
Wi

0101100
+2720 0 *
Fa
0  1e-07 770 0

0111000
+2714 0 *
Wi

0101100
-2717 0 *
Fa
0  1e-07 771 0

0111000
-2712 0 *
Sh

0101100
+2715 0 +2713 0 -2711 0 *
So

0100000
+2710 0 *
Ve
1e-07
95.9850896074707 -19.375 16.9914063685867
0 0

0101101
*
Ed
 1e-07 1 1 0
1  772 0 0 6.28318530717959
2  1543 772 0 0 6.28318530717959
2  1544 773 0 0 6.28318530717959
0

0101000
+2708 0 -2708 0 *
Ve
1e-07
116.825878137069 3.81845395878861e-16 -1.19179681570664
0 0

0101101
*
Ed
 1e-07 1 1 0
1  773 0 0 33.7691866881144
3  1545 1546CN 772 0 0 33.7691866881144
0

0101000
-2708 0 +2706 0 *
Ed
 1e-07 1 1 0
1  774 0 0 6.28318530717959
2  1547 772 0 0 6.28318530717959
2  1548 774 0 0 6.28318530717959
0

0101000
+2706 0 -2706 0 *
Wi

0101100
-2707 0 +2705 0 +2704 0 -2705 0 *
Fa
0  1e-07 772 0

0111000
+2703 0 *
Wi

0101100
+2707 0 *
Fa
0  1e-07 773 0

0111000
+2701 0 *
Wi

0101100
-2704 0 *
Fa
0  1e-07 774 0

0111000
-2699 0 *
Sh

0101100
+2702 0 +2700 0 -2698 0 *
So

0100000
+2697 0 *
Ve
1e-07
115.651756274137 3.9061075218332e-15 41.1335936314133
0 0

0101101
*
Ed
 1e-07 1 1 0
1  775 0 0 6.28318530717959
2  1549 775 0 0 6.28318530717959
2  1550 776 0 0 6.28318530717959
0

0101000
+2695 0 -2695 0 *
Ve
1e-07
95.9850896074707 -19.375 21.7585936314133
0 0

0101101
*
Ed
 1e-07 1 1 0
1  776 0 0 33.7277189827266
3  1551 1552CN 775 0 0 33.7277189827266
0

0101000
-2695 0 +2693 0 *
Ed
 1e-07 1 1 0
1  777 0 0 6.28318530717959
2  1553 775 0 0 6.28318530717959
2  1554 777 0 0 6.28318530717959
0

0101000
+2693 0 -2693 0 *
Wi

0101100
-2694 0 +2692 0 +2691 0 -2692 0 *
Fa
0  1e-07 775 0

0111000
+2690 0 *
Wi

0101100
+2694 0 *
Fa
0  1e-07 776 0

0111000
+2688 0 *
Wi

0101100
-2691 0 *
Fa
0  1e-07 777 0

0111000
-2686 0 *
Sh

0101100
+2689 0 +2687 0 -2685 0 *
So

0100000
+2684 0 *
Ve
1e-07
96.4170629959561 -19.375 56.1798825822751
0 0

0101101
*
Ed
 1e-07 1 1 0
1  778 0 0 6.28318530717959
2  1555 778 0 0 6.28318530717959
2  1556 779 0 0 6.28318530717959
0

0101000
+2682 0 -2682 0 *
Ve
1e-07
115.651756274137 7.63690791757725e-16 36.3664063685867
0 0

0101101
*
Ed
 1e-07 1 1 0
1  779 0 0 33.7333349993165
3  1557 1558CN 778 0 0 33.7333349993165
0

0101000
-2682 0 +2680 0 *
Ed
 1e-07 1 1 0
1  780 0 0 6.28318530717959
2  1559 778 0 0 6.28318530717959
2  1560 780 0 0 6.28318530717959
0

0101000
+2680 0 -2680 0 *
Wi

0101100
-2681 0 +2679 0 +2678 0 -2679 0 *
Fa
0  1e-07 778 0

0111000
+2677 0 *
Wi

0101100
+2681 0 *
Fa
0  1e-07 779 0

0111000
+2675 0 *
Wi

0101100
-2678 0 *
Fa
0  1e-07 780 0

0111000
-2673 0 *
Sh

0101100
+2676 0 +2674 0 -2672 0 *
So

0100000
+2671 0 *
Ve
1e-07
100.443388601704 19.375 17.2331804587719
0 0

0101101
*
Ed
 1e-07 1 1 0
1  781 0 0 6.28318530717959
2  1561 781 0 0 6.28318530717959
2  1562 782 0 0 6.28318530717959
0

0101000
+2669 0 -2669 0 *
Ve
1e-07
120.348243725863 7.63690791757725e-16 36.3664063685867
0 0

0101101
*
Ed
 1e-07 1 1 0
1  782 0 0 33.7294265624209
3  1563 1564CN 781 0 0 33.7294265624209
0

0101000
-2669 0 +2667 0 *
Ed
 1e-07 1 1 0
1  783 0 0 6.28318530717959
2  1565 781 0 0 6.28318530717959
2  1566 783 0 0 6.28318530717959
0

0101000
+2667 0 -2667 0 *
Wi

0101100
-2668 0 +2666 0 +2665 0 -2666 0 *
Fa
0  1e-07 781 0

0111000
+2664 0 *
Wi

0101100
+2668 0 *
Fa
0  1e-07 782 0

0111000
+2662 0 *
Wi

0101100
-2665 0 *
Fa
0  1e-07 783 0

0111000
-2660 0 *
Sh

0101100
+2663 0 +2661 0 -2659 0 *
So

0100000
+2658 0 *
Ve
1e-07
96.1041485340868 19.375 55.8622575801196
0 0

0101101
*
Ed
 1e-07 1 1 0
1  784 0 0 6.28318530717959
2  1567 784 0 0 6.28318530717959
2  1568 785 0 0 6.28318530717959
0

0101000
+2656 0 -2656 0 *
Ve
1e-07
115.651756274137 5.77950055061799e-16 36.3664063685867
0 0

0101101
*
Ed
 1e-07 1 1 0
1  785 0 0 33.7281456327073
3  1569 1570CN 784 0 0 33.7281456327073
0

0101000
-2656 0 +2654 0 *
Ed
 1e-07 1 1 0
1  786 0 0 6.28318530717959
2  1571 784 0 0 6.28318530717959
2  1572 786 0 0 6.28318530717959
0

0101000
+2654 0 -2654 0 *
Wi

0101100
-2655 0 +2653 0 +2652 0 -2653 0 *
Fa
0  1e-07 784 0

0111000
+2651 0 *
Wi

0101100
+2655 0 *
Fa
0  1e-07 785 0

0111000
+2649 0 *
Wi

0101100
-2652 0 *
Fa
0  1e-07 786 0

0111000
-2647 0 *
Sh

0101100
+2650 0 +2648 0 -2646 0 *
So

0100000
+2645 0 *
Ve
1e-07
140.014910392529 -19.375 21.7585936314133
0 0

0101101
*
Ed
 1e-07 1 1 0
1  787 0 0 6.28318530717959
2  1573 787 0 0 6.28318530717959
2  1574 788 0 0 6.28318530717959
0

0101000
+2643 0 -2643 0 *
Ve
1e-07
120.348243725863 7.63690791757725e-16 41.1335936314133
0 0

0101101
*
Ed
 1e-07 1 1 0
1  788 0 0 33.7277189827266
3  1575 1576CN 787 0 0 33.7277189827266
0

0101000
-2643 0 +2641 0 *
Ed
 1e-07 1 1 0
1  789 0 0 6.28318530717959
2  1577 787 0 0 6.28318530717959
2  1578 789 0 0 6.28318530717959
0

0101000
+2641 0 -2641 0 *
Wi

0101100
-2642 0 +2640 0 +2639 0 -2640 0 *
Fa
0  1e-07 787 0

0111000
+2638 0 *
Wi

0101100
+2642 0 *
Fa
0  1e-07 788 0

0111000
+2636 0 *
Wi

0101100
-2639 0 *
Fa
0  1e-07 789 0

0111000
-2634 0 *
Sh

0101100
+2637 0 +2635 0 -2633 0 *
So

0100000
+2632 0 *
Ve
1e-07
135.318422940804 -19.375 60.5085936314133
0 0

0101101
*
Ed
 1e-07 1 1 0
1  790 0 0 6.28318530717959
2  1579 790 0 0 6.28318530717959
2  1580 791 0 0 6.28318530717959
0

0101000
+2630 0 -2630 0 *
Ve
1e-07
115.651756274137 5.77950055061799e-16 41.1335936314133
0 0

0101101
*
Ed
 1e-07 1 1 0
1  791 0 0 33.7277189827266
3  1581 1582CN 790 0 0 33.7277189827266
0

0101000
-2630 0 +2628 0 *
Ed
 1e-07 1 1 0
1  792 0 0 6.28318530717959
2  1583 790 0 0 6.28318530717959
2  1584 792 0 0 6.28318530717959
0

0101000
+2628 0 -2628 0 *
Wi

0101100
-2629 0 +2627 0 +2626 0 -2627 0 *
Fa
0  1e-07 790 0

0111000
+2625 0 *
Wi

0101100
+2629 0 *
Fa
0  1e-07 791 0

0111000
+2623 0 *
Wi

0101100
-2626 0 *
Fa
0  1e-07 792 0

0111000
-2621 0 *
Sh

0101100
+2624 0 +2622 0 -2620 0 *
So

0100000
+2619 0 *
Ve
1e-07
139.02032210054 19.375 20.7490330425553
0 0

0101101
*
Ed
 1e-07 1 1 0
1  793 0 0 6.28318530717959
2  1585 793 0 0 6.28318530717959
2  1586 794 0 0 6.28318530717959
0

0101000
+2617 0 -2617 0 *
Ve
1e-07
120.348243725863 5.77950055061799e-16 41.1335936314133
0 0

0101101
*
Ed
 1e-07 1 1 0
1  794 0 0 33.7574798560395
3  1587 1588CN 793 0 0 33.7574798560395
0

0101000
-2617 0 +2615 0 *
Ed
 1e-07 1 1 0
1  795 0 0 6.28318530717959
2  1589 793 0 0 6.28318530717959
2  1590 795 0 0 6.28318530717959
0

0101000
+2615 0 -2615 0 *
Wi

0101100
-2616 0 +2614 0 +2613 0 -2614 0 *
Fa
0  1e-07 793 0

0111000
+2612 0 *
Wi

0101100
+2616 0 *
Fa
0  1e-07 794 0

0111000
+2610 0 *
Wi

0101100
-2613 0 *
Fa
0  1e-07 795 0

0111000
-2608 0 *
Sh

0101100
+2611 0 +2609 0 -2607 0 *
So

0100000
+2606 0 *
Ve
1e-07
135.318422940804 19.375 60.5085936314133
0 0

0101101
*
Ed
 1e-07 1 1 0
1  796 0 0 6.28318530717959
2  1591 796 0 0 6.28318530717959
2  1592 797 0 0 6.28318530717959
0

0101000
+2604 0 -2604 0 *
Ve
1e-07
115.651756274137 7.63690791757725e-16 41.1335936314133
0 0

0101101
*
Ed
 1e-07 1 1 0
1  797 0 0 33.7277189827266
3  1593 1594CN 796 0 0 33.7277189827266
0

0101000
-2604 0 +2602 0 *
Ed
 1e-07 1 1 0
1  798 0 0 6.28318530717959
2  1595 796 0 0 6.28318530717959
2  1596 798 0 0 6.28318530717959
0

0101000
+2602 0 -2602 0 *
Wi

0101100
-2603 0 +2601 0 +2600 0 -2601 0 *
Fa
0  1e-07 796 0

0111000
+2599 0 *
Wi

0101100
+2603 0 *
Fa
0  1e-07 797 0

0111000
+2597 0 *
Wi

0101100
-2600 0 *
Fa
0  1e-07 798 0

0111000
-2595 0 *
Sh

0101100
+2598 0 +2596 0 -2594 0 *
So

0100000
+2593 0 *
Ve
1e-07
115.651756274137 38.75 -36.3664063685867
0 0

0101101
*
Ed
 1e-07 1 1 0
1  799 0 0 6.28318530717959
2  1597 799 0 0 6.28318530717959
2  1598 800 0 0 6.28318530717959
0

0101000
+2591 0 -2591 0 *
Ve
1e-07
96.1058588899824 19.375 -55.8639936833083
0 0

0101101
*
Ed
 1e-07 1 1 0
1  800 0 0 33.7281579788625
3  1599 1600CN 799 0 0 33.7281579788625
0

0101000
-2591 0 +2589 0 *
Ed
 1e-07 1 1 0
1  801 0 0 6.28318530717959
2  1601 799 0 0 6.28318530717959
2  1602 801 0 0 6.28318530717959
0

0101000
+2589 0 -2589 0 *
Wi

0101100
-2590 0 +2588 0 +2587 0 -2588 0 *
Fa
0  1e-07 799 0

0111000
+2586 0 *
Wi

0101100
+2590 0 *
Fa
0  1e-07 800 0

0111000
+2584 0 *
Wi

0101100
-2587 0 *
Fa
0  1e-07 801 0

0111000
-2582 0 *
Sh

0101100
+2585 0 +2583 0 -2581 0 *
So

0100000
+2580 0 *
Ve
1e-07
96.2143882623967 19.375 -21.5258431687786
0 0

0101101
*
Ed
 1e-07 1 1 0
1  802 0 0 6.28318530717959
2  1603 802 0 0 6.28318530717959
2  1604 803 0 0 6.28318530717959
0

0101000
+2578 0 -2578 0 *
Ve
1e-07
115.651756274137 38.75 -41.1335936314133
0 0

0101101
*
Ed
 1e-07 1 1 0
1  803 0 0 33.7293014814832
3  1605 1606CN 802 0 0 33.7293014814832
0

0101000
-2578 0 +2576 0 *
Ed
 1e-07 1 1 0
1  804 0 0 6.28318530717959
2  1607 802 0 0 6.28318530717959
2  1608 804 0 0 6.28318530717959
0

0101000
+2576 0 -2576 0 *
Wi

0101100
-2577 0 +2575 0 +2574 0 -2575 0 *
Fa
0  1e-07 802 0

0111000
+2573 0 *
Wi

0101100
+2577 0 *
Fa
0  1e-07 803 0

0111000
+2571 0 *
Wi

0101100
-2574 0 *
Fa
0  1e-07 804 0

0111000
-2569 0 *
Sh

0101100
+2572 0 +2570 0 -2568 0 *
So

0100000
+2567 0 *
Ve
1e-07
99.5074551962646 58.125 -59.3167968157066
0 0

0101101
*
Ed
 1e-07 1 1 0
1  805 0 0 6.28318530717959
2  1609 805 0 0 6.28318530717959
2  1610 806 0 0 6.28318530717959
0

0101000
+2565 0 -2565 0 *
Ve
1e-07
120.348243725863 38.75 -41.1335936314133
0 0

0101101
*
Ed
 1e-07 1 1 0
1  806 0 0 33.7691866881144
3  1611 1612CN 805 0 0 33.7691866881144
0

0101000
-2565 0 +2563 0 *
Ed
 1e-07 1 1 0
1  807 0 0 6.28318530717959
2  1613 805 0 0 6.28318530717959
2  1614 807 0 0 6.28318530717959
0

0101000
+2563 0 -2563 0 *
Wi

0101100
-2564 0 +2562 0 +2561 0 -2562 0 *
Fa
0  1e-07 805 0

0111000
+2560 0 *
Wi

0101100
+2564 0 *
Fa
0  1e-07 806 0

0111000
+2558 0 *
Wi

0101100
-2561 0 *
Fa
0  1e-07 807 0

0111000
-2556 0 *
Sh

0101100
+2559 0 +2557 0 -2555 0 *
So

0100000
+2554 0 *
Ve
1e-07
96.5815402014354 58.125 -21.1531642113028
0 0

0101101
*
Ed
 1e-07 1 1 0
1  808 0 0 6.28318530717959
2  1615 808 0 0 6.28318530717959
2  1616 809 0 0 6.28318530717959
0

0101000
+2552 0 -2552 0 *
Ve
1e-07
115.651756274137 38.75 -41.1335936314133
0 0

0101101
*
Ed
 1e-07 1 1 0
1  809 0 0 33.7384250650731
3  1617 1618CN 808 0 0 33.7384250650731
0

0101000
-2552 0 +2550 0 *
Ed
 1e-07 1 1 0
1  810 0 0 6.28318530717959
2  1619 808 0 0 6.28318530717959
2  1620 810 0 0 6.28318530717959
0

0101000
+2550 0 -2550 0 *
Wi

0101100
-2551 0 +2549 0 +2548 0 -2549 0 *
Fa
0  1e-07 808 0

0111000
+2547 0 *
Wi

0101100
+2551 0 *
Fa
0  1e-07 809 0

0111000
+2545 0 *
Wi

0101100
-2548 0 *
Fa
0  1e-07 810 0

0111000
-2543 0 *
Sh

0101100
+2546 0 +2544 0 -2542 0 *
So

0100000
+2541 0 *
Ve
1e-07
140.014910392529 19.375 -55.7414063685867
0 0

0101101
*
Ed
 1e-07 1 1 0
1  811 0 0 6.28318530717959
2  1621 811 0 0 6.28318530717959
2  1622 812 0 0 6.28318530717959
0

0101000
+2539 0 -2539 0 *
Ve
1e-07
120.348243725863 38.75 -36.3664063685867
0 0

0101101
*
Ed
 1e-07 1 1 0
1  812 0 0 33.7277189827266
3  1623 1624CN 811 0 0 33.7277189827266
0

0101000
-2539 0 +2537 0 *
Ed
 1e-07 1 1 0
1  813 0 0 6.28318530717959
2  1625 811 0 0 6.28318530717959
2  1626 813 0 0 6.28318530717959
0

0101000
+2537 0 -2537 0 *
Wi

0101100
-2538 0 +2536 0 +2535 0 -2536 0 *
Fa
0  1e-07 811 0

0111000
+2534 0 *
Wi

0101100
+2538 0 *
Fa
0  1e-07 812 0

0111000
+2532 0 *
Wi

0101100
-2535 0 *
Fa
0  1e-07 813 0

0111000
-2530 0 *
Sh

0101100
+2533 0 +2531 0 -2529 0 *
So

0100000
+2528 0 *
Ve
1e-07
136.302061820402 19.375 -17.9898527151895
0 0

0101101
*
Ed
 1e-07 1 1 0
1  814 0 0 6.28318530717959
2  1627 814 0 0 6.28318530717959
2  1628 815 0 0 6.28318530717959
0

0101000
+2526 0 -2526 0 *
Ve
1e-07
115.651756274137 38.75 -36.3664063685867
0 0

0101101
*
Ed
 1e-07 1 1 0
1  815 0 0 33.7568284696634
3  1629 1630CN 814 0 0 33.7568284696634
0

0101000
-2526 0 +2524 0 *
Ed
 1e-07 1 1 0
1  816 0 0 6.28318530717959
2  1631 814 0 0 6.28318530717959
2  1632 816 0 0 6.28318530717959
0

0101000
+2524 0 -2524 0 *
Wi

0101100
-2525 0 +2523 0 +2522 0 -2523 0 *
Fa
0  1e-07 814 0

0111000
+2521 0 *
Wi

0101100
+2525 0 *
Fa
0  1e-07 815 0

0111000
+2519 0 *
Wi

0101100
-2522 0 *
Fa
0  1e-07 816 0

0111000
-2517 0 *
Sh

0101100
+2520 0 +2518 0 -2516 0 *
So

0100000
+2515 0 *
Ve
1e-07
140.014910392529 58.125 -55.7414063685867
0 0

0101101
*
Ed
 1e-07 1 1 0
1  817 0 0 6.28318530717959
2  1633 817 0 0 6.28318530717959
2  1634 818 0 0 6.28318530717959
0

0101000
+2513 0 -2513 0 *
Ve
1e-07
120.348243725863 38.75 -36.3664063685867
0 0

0101101
*
Ed
 1e-07 1 1 0
1  818 0 0 33.7277189827266
3  1635 1636CN 817 0 0 33.7277189827266
0

0101000
-2513 0 +2511 0 *
Ed
 1e-07 1 1 0
1  819 0 0 6.28318530717959
2  1637 817 0 0 6.28318530717959
2  1638 819 0 0 6.28318530717959
0

0101000
+2511 0 -2511 0 *
Wi

0101100
-2512 0 +2510 0 +2509 0 -2510 0 *
Fa
0  1e-07 817 0

0111000
+2508 0 *
Wi

0101100
+2512 0 *
Fa
0  1e-07 818 0

0111000
+2506 0 *
Wi

0101100
-2509 0 *
Fa
0  1e-07 819 0

0111000
-2504 0 *
Sh

0101100
+2507 0 +2505 0 -2503 0 *
So

0100000
+2502 0 *
Ve
1e-07
135.318422940804 58.125 -16.9914063685867
0 0

0101101
*
Ed
 1e-07 1 1 0
1  820 0 0 6.28318530717959
2  1639 820 0 0 6.28318530717959
2  1640 821 0 0 6.28318530717959
0

0101000
+2500 0 -2500 0 *
Ve
1e-07
115.651756274137 38.75 -36.3664063685867
0 0

0101101
*
Ed
 1e-07 1 1 0
1  821 0 0 33.7277189827266
3  1641 1642CN 820 0 0 33.7277189827266
0

0101000
-2500 0 +2498 0 *
Ed
 1e-07 1 1 0
1  822 0 0 6.28318530717959
2  1643 820 0 0 6.28318530717959
2  1644 822 0 0 6.28318530717959
0

0101000
+2498 0 -2498 0 *
Wi

0101100
-2499 0 +2497 0 +2496 0 -2497 0 *
Fa
0  1e-07 820 0

0111000
+2495 0 *
Wi

0101100
+2499 0 *
Fa
0  1e-07 821 0

0111000
+2493 0 *
Wi

0101100
-2496 0 *
Fa
0  1e-07 822 0

0111000
-2491 0 *
Sh

0101100
+2494 0 +2492 0 -2490 0 *
So

0100000
+2489 0 *
Ve
1e-07
115.651756274137 38.75 2.38359363141328
0 0

0101101
*
Ed
 1e-07 1 1 0
1  823 0 0 6.28318530717959
2  1645 823 0 0 6.28318530717959
2  1646 824 0 0 6.28318530717959
0

0101000
+2487 0 -2487 0 *
Ve
1e-07
96.2143882623967 19.375 -17.2241568312213
0 0

0101101
*
Ed
 1e-07 1 1 0
1  824 0 0 33.7293014814832
3  1647 1648CN 823 0 0 33.7293014814832
0

0101000
-2487 0 +2485 0 *
Ed
 1e-07 1 1 0
1  825 0 0 6.28318530717959
2  1649 823 0 0 6.28318530717959
2  1650 825 0 0 6.28318530717959
0

0101000
+2485 0 -2485 0 *
Wi

0101100
-2486 0 +2484 0 +2483 0 -2484 0 *
Fa
0  1e-07 823 0

0111000
+2482 0 *
Wi

0101100
+2486 0 *
Fa
0  1e-07 824 0

0111000
+2480 0 *
Wi

0101100
-2483 0 *
Fa
0  1e-07 825 0

0111000
-2478 0 *
Sh

0101100
+2481 0 +2479 0 -2477 0 *
So

0100000
+2476 0 *
Ve
1e-07
96.2232780649624 19.375 17.2331804587719
0 0

0101101
*
Ed
 1e-07 1 1 0
1  826 0 0 6.28318530717959
2  1651 826 0 0 6.28318530717959
2  1652 827 0 0 6.28318530717959
0

0101000
+2474 0 -2474 0 *
Ve
1e-07
115.651756274137 38.75 -2.38359363141327
0 0

0101101
*
Ed
 1e-07 1 1 0
1  827 0 0 33.7294265624209
3  1653 1654CN 826 0 0 33.7294265624209
0

0101000
-2474 0 +2472 0 *
Ed
 1e-07 1 1 0
1  828 0 0 6.28318530717959
2  1655 826 0 0 6.28318530717959
2  1656 828 0 0 6.28318530717959
0

0101000
+2472 0 -2472 0 *
Wi

0101100
-2473 0 +2471 0 +2470 0 -2471 0 *
Fa
0  1e-07 826 0

0111000
+2469 0 *
Wi

0101100
+2473 0 *
Fa
0  1e-07 827 0

0111000
+2467 0 *
Wi

0101100
-2470 0 *
Fa
0  1e-07 828 0

0111000
-2465 0 *
Sh

0101100
+2468 0 +2466 0 -2464 0 *
So

0100000
+2463 0 *
Ve
1e-07
100.085126465231 58.125 -21.1531642113028
0 0

0101101
*
Ed
 1e-07 1 1 0
1  829 0 0 6.28318530717959
2  1657 829 0 0 6.28318530717959
2  1658 830 0 0 6.28318530717959
0

0101000
+2461 0 -2461 0 *
Ve
1e-07
120.348243725863 38.75 -2.38359363141327
0 0

0101101
*
Ed
 1e-07 1 1 0
1  830 0 0 33.7384250650731
3  1659 1660CN 829 0 0 33.7384250650731
0

0101000
-2461 0 +2459 0 *
Ed
 1e-07 1 1 0
1  831 0 0 6.28318530717959
2  1661 829 0 0 6.28318530717959
2  1662 831 0 0 6.28318530717959
0

0101000
+2459 0 -2459 0 *
Wi

0101100
-2460 0 +2458 0 +2457 0 -2458 0 *
Fa
0  1e-07 829 0

0111000
+2456 0 *
Wi

0101100
+2460 0 *
Fa
0  1e-07 830 0

0111000
+2454 0 *
Wi

0101100
-2457 0 *
Fa
0  1e-07 831 0

0111000
-2452 0 *
Sh

0101100
+2455 0 +2453 0 -2451 0 *
So

0100000
+2450 0 *
Ve
1e-07
96.5808886064759 58.125 17.5961743847812
0 0

0101101
*
Ed
 1e-07 1 1 0
1  832 0 0 6.28318530717959
2  1663 832 0 0 6.28318530717959
2  1664 833 0 0 6.28318530717959
0

0101000
+2448 0 -2448 0 *
Ve
1e-07
115.651756274137 38.75 -2.38359363141327
0 0

0101101
*
Ed
 1e-07 1 1 0
1  833 0 0 33.7384016897423
3  1665 1666CN 832 0 0 33.7384016897423
0

0101000
-2448 0 +2446 0 *
Ed
 1e-07 1 1 0
1  834 0 0 6.28318530717959
2  1667 832 0 0 6.28318530717959
2  1668 834 0 0 6.28318530717959
0

0101000
+2446 0 -2446 0 *
Wi

0101100
-2447 0 +2445 0 +2444 0 -2445 0 *
Fa
0  1e-07 832 0

0111000
+2443 0 *
Wi

0101100
+2447 0 *
Fa
0  1e-07 833 0

0111000
+2441 0 *
Wi

0101100
-2444 0 *
Fa
0  1e-07 834 0

0111000
-2439 0 *
Sh

0101100
+2442 0 +2440 0 -2438 0 *
So

0100000
+2437 0 *
Ve
1e-07
139.031271512931 19.375 -17.9898527151895
0 0

0101101
*
Ed
 1e-07 1 1 0
1  835 0 0 6.28318530717959
2  1669 835 0 0 6.28318530717959
2  1670 836 0 0 6.28318530717959
0

0101000
+2435 0 -2435 0 *
Ve
1e-07
120.348243725863 38.75 2.38359363141327
0 0

0101101
*
Ed
 1e-07 1 1 0
1  836 0 0 33.7568284696634
3  1671 1672CN 835 0 0 33.7568284696634
0

0101000
-2435 0 +2433 0 *
Ed
 1e-07 1 1 0
1  837 0 0 6.28318530717959
2  1673 835 0 0 6.28318530717959
2  1674 837 0 0 6.28318530717959
0

0101000
+2433 0 -2433 0 *
Wi

0101100
-2434 0 +2432 0 +2431 0 -2432 0 *
Fa
0  1e-07 835 0

0111000
+2430 0 *
Wi

0101100
+2434 0 *
Fa
0  1e-07 836 0

0111000
+2428 0 *
Wi

0101100
-2431 0 *
Fa
0  1e-07 837 0

0111000
-2426 0 *
Sh

0101100
+2429 0 +2427 0 -2425 0 *
So

0100000
+2424 0 *
Ve
1e-07
136.313011232793 19.375 20.7490330425553
0 0

0101101
*
Ed
 1e-07 1 1 0
1  838 0 0 6.28318530717959
2  1675 838 0 0 6.28318530717959
2  1676 839 0 0 6.28318530717959
0

0101000
+2422 0 -2422 0 *
Ve
1e-07
115.651756274137 38.75 2.38359363141327
0 0

0101101
*
Ed
 1e-07 1 1 0
1  839 0 0 33.7574798560395
3  1677 1678CN 838 0 0 33.7574798560395
0

0101000
-2422 0 +2420 0 *
Ed
 1e-07 1 1 0
1  840 0 0 6.28318530717959
2  1679 838 0 0 6.28318530717959
2  1680 840 0 0 6.28318530717959
0

0101000
+2420 0 -2420 0 *
Wi

0101100
-2421 0 +2419 0 +2418 0 -2419 0 *
Fa
0  1e-07 838 0

0111000
+2417 0 *
Wi

0101100
+2421 0 *
Fa
0  1e-07 839 0

0111000
+2415 0 *
Wi

0101100
-2418 0 *
Fa
0  1e-07 840 0

0111000
-2413 0 *
Sh

0101100
+2416 0 +2414 0 -2412 0 *
So

0100000
+2411 0 *
Ve
1e-07
140.014910392529 58.125 -16.9914063685867
0 0

0101101
*
Ed
 1e-07 1 1 0
1  841 0 0 6.28318530717959
2  1681 841 0 0 6.28318530717959
2  1682 842 0 0 6.28318530717959
0

0101000
+2409 0 -2409 0 *
Ve
1e-07
120.348243725863 38.75 2.38359363141327
0 0

0101101
*
Ed
 1e-07 1 1 0
1  842 0 0 33.7277189827266
3  1683 1684CN 841 0 0 33.7277189827266
0

0101000
-2409 0 +2407 0 *
Ed
 1e-07 1 1 0
1  843 0 0 6.28318530717959
2  1685 841 0 0 6.28318530717959
2  1686 843 0 0 6.28318530717959
0

0101000
+2407 0 -2407 0 *
Wi

0101100
-2408 0 +2406 0 +2405 0 -2406 0 *
Fa
0  1e-07 841 0

0111000
+2404 0 *
Wi

0101100
+2408 0 *
Fa
0  1e-07 842 0

0111000
+2402 0 *
Wi

0101100
-2405 0 *
Fa
0  1e-07 843 0

0111000
-2400 0 *
Sh

0101100
+2403 0 +2401 0 -2399 0 *
So

0100000
+2398 0 *
Ve
1e-07
135.318422940804 58.125 21.7585936314133
0 0

0101101
*
Ed
 1e-07 1 1 0
1  844 0 0 6.28318530717959
2  1687 844 0 0 6.28318530717959
2  1688 845 0 0 6.28318530717959
0

0101000
+2396 0 -2396 0 *
Ve
1e-07
115.651756274137 38.75 2.38359363141327
0 0

0101101
*
Ed
 1e-07 1 1 0
1  845 0 0 33.7277189827266
3  1689 1690CN 844 0 0 33.7277189827266
0

0101000
-2396 0 +2394 0 *
Ed
 1e-07 1 1 0
1  846 0 0 6.28318530717959
2  1691 844 0 0 6.28318530717959
2  1692 846 0 0 6.28318530717959
0

0101000
+2394 0 -2394 0 *
Wi

0101100
-2395 0 +2393 0 +2392 0 -2393 0 *
Fa
0  1e-07 844 0

0111000
+2391 0 *
Wi

0101100
+2395 0 *
Fa
0  1e-07 845 0

0111000
+2389 0 *
Wi

0101100
-2392 0 *
Fa
0  1e-07 846 0

0111000
-2387 0 *
Sh

0101100
+2390 0 +2388 0 -2386 0 *
So

0100000
+2385 0 *
Ve
1e-07
115.651756274137 38.75 41.1335936314133
0 0

0101101
*
Ed
 1e-07 1 1 0
1  847 0 0 6.28318530717959
2  1693 847 0 0 6.28318530717959
2  1694 848 0 0 6.28318530717959
0

0101000
+2383 0 -2383 0 *
Ve
1e-07
96.2232780649624 19.375 21.5168195412281
0 0

0101101
*
Ed
 1e-07 1 1 0
1  848 0 0 33.7294265624209
3  1695 1696CN 847 0 0 33.7294265624209
0

0101000
-2383 0 +2381 0 *
Ed
 1e-07 1 1 0
1  849 0 0 6.28318530717959
2  1697 847 0 0 6.28318530717959
2  1698 849 0 0 6.28318530717959
0

0101000
+2381 0 -2381 0 *
Wi

0101100
-2382 0 +2380 0 +2379 0 -2380 0 *
Fa
0  1e-07 847 0

0111000
+2378 0 *
Wi

0101100
+2382 0 *
Fa
0  1e-07 848 0

0111000
+2376 0 *
Wi

0101100
-2379 0 *
Fa
0  1e-07 849 0

0111000
-2374 0 *
Sh

0101100
+2377 0 +2375 0 -2373 0 *
So

0100000
+2372 0 *
Ve
1e-07
96.1041485340868 19.375 55.8622575801196
0 0

0101101
*
Ed
 1e-07 1 1 0
1  850 0 0 6.28318530717959
2  1699 850 0 0 6.28318530717959
2  1700 851 0 0 6.28318530717959
0

0101000
+2370 0 -2370 0 *
Ve
1e-07
115.651756274137 38.75 36.3664063685867
0 0

0101101
*
Ed
 1e-07 1 1 0
1  851 0 0 33.7281456327073
3  1701 1702CN 850 0 0 33.7281456327073
0

0101000
-2370 0 +2368 0 *
Ed
 1e-07 1 1 0
1  852 0 0 6.28318530717959
2  1703 850 0 0 6.28318530717959
2  1704 852 0 0 6.28318530717959
0

0101000
+2368 0 -2368 0 *
Wi

0101100
-2369 0 +2367 0 +2366 0 -2367 0 *
Fa
0  1e-07 850 0

0111000
+2365 0 *
Wi

0101100
+2369 0 *
Fa
0  1e-07 851 0

0111000
+2363 0 *
Wi

0101100
-2366 0 *
Fa
0  1e-07 852 0

0111000
-2361 0 *
Sh

0101100
+2364 0 +2362 0 -2360 0 *
So

0100000
+2359 0 *
Ve
1e-07
100.085778060191 58.125 17.5961743847812
0 0

0101101
*
Ed
 1e-07 1 1 0
1  853 0 0 6.28318530717959
2  1705 853 0 0 6.28318530717959
2  1706 854 0 0 6.28318530717959
0

0101000
+2357 0 -2357 0 *
Ve
1e-07
120.348243725863 38.75 36.3664063685867
0 0

0101101
*
Ed
 1e-07 1 1 0
1  854 0 0 33.7384016897423
3  1707 1708CN 853 0 0 33.7384016897423
0

0101000
-2357 0 +2355 0 *
Ed
 1e-07 1 1 0
1  855 0 0 6.28318530717959
2  1709 853 0 0 6.28318530717959
2  1710 855 0 0 6.28318530717959
0

0101000
+2355 0 -2355 0 *
Wi

0101100
-2356 0 +2354 0 +2353 0 -2354 0 *
Fa
0  1e-07 853 0

0111000
+2352 0 *
Wi

0101100
+2356 0 *
Fa
0  1e-07 854 0

0111000
+2350 0 *
Wi

0101100
-2353 0 *
Fa
0  1e-07 855 0

0111000
-2348 0 *
Sh

0101100
+2351 0 +2349 0 -2347 0 *
So

0100000
+2346 0 *
Ve
1e-07
97.159211470402 58.125 56.9332031842934
0 0

0101101
*
Ed
 1e-07 1 1 0
1  856 0 0 6.28318530717959
2  1711 856 0 0 6.28318530717959
2  1712 857 0 0 6.28318530717959
0

0101000
+2344 0 -2344 0 *
Ve
1e-07
115.651756274137 38.75 36.3664063685867
0 0

0101101
*
Ed
 1e-07 1 1 0
1  857 0 0 33.7691866881144
3  1713 1714CN 856 0 0 33.7691866881144
0

0101000
-2344 0 +2342 0 *
Ed
 1e-07 1 1 0
1  858 0 0 6.28318530717959
2  1715 856 0 0 6.28318530717959
2  1716 858 0 0 6.28318530717959
0

0101000
+2342 0 -2342 0 *
Wi

0101100
-2343 0 +2341 0 +2340 0 -2341 0 *
Fa
0  1e-07 856 0

0111000
+2339 0 *
Wi

0101100
+2343 0 *
Fa
0  1e-07 857 0

0111000
+2337 0 *
Wi

0101100
-2340 0 *
Fa
0  1e-07 858 0

0111000
-2335 0 *
Sh

0101100
+2338 0 +2336 0 -2334 0 *
So

0100000
+2333 0 *
Ve
1e-07
139.02032210054 19.375 20.7490330425553
0 0

0101101
*
Ed
 1e-07 1 1 0
1  859 0 0 6.28318530717959
2  1717 859 0 0 6.28318530717959
2  1718 860 0 0 6.28318530717959
0

0101000
+2331 0 -2331 0 *
Ve
1e-07
120.348243725863 38.75 41.1335936314133
0 0

0101101
*
Ed
 1e-07 1 1 0
1  860 0 0 33.7574798560395
3  1719 1720CN 859 0 0 33.7574798560395
0

0101000
-2331 0 +2329 0 *
Ed
 1e-07 1 1 0
1  861 0 0 6.28318530717959
2  1721 859 0 0 6.28318530717959
2  1722 861 0 0 6.28318530717959
0

0101000
+2329 0 -2329 0 *
Wi

0101100
-2330 0 +2328 0 +2327 0 -2328 0 *
Fa
0  1e-07 859 0

0111000
+2326 0 *
Wi

0101100
+2330 0 *
Fa
0  1e-07 860 0

0111000
+2324 0 *
Wi

0101100
-2327 0 *
Fa
0  1e-07 861 0

0111000
-2322 0 *
Sh

0101100
+2325 0 +2323 0 -2321 0 *
So

0100000
+2320 0 *
Ve
1e-07
135.318422940804 19.375 60.5085936314133
0 0

0101101
*
Ed
 1e-07 1 1 0
1  862 0 0 6.28318530717959
2  1723 862 0 0 6.28318530717959
2  1724 863 0 0 6.28318530717959
0

0101000
+2318 0 -2318 0 *
Ve
1e-07
115.651756274137 38.75 41.1335936314133
0 0

0101101
*
Ed
 1e-07 1 1 0
1  863 0 0 33.7277189827266
3  1725 1726CN 862 0 0 33.7277189827266
0

0101000
-2318 0 +2316 0 *
Ed
 1e-07 1 1 0
1  864 0 0 6.28318530717959
2  1727 862 0 0 6.28318530717959
2  1728 864 0 0 6.28318530717959
0

0101000
+2316 0 -2316 0 *
Wi

0101100
-2317 0 +2315 0 +2314 0 -2315 0 *
Fa
0  1e-07 862 0

0111000
+2313 0 *
Wi

0101100
+2317 0 *
Fa
0  1e-07 863 0

0111000
+2311 0 *
Wi

0101100
-2314 0 *
Fa
0  1e-07 864 0

0111000
-2309 0 *
Sh

0101100
+2312 0 +2310 0 -2308 0 *
So

0100000
+2307 0 *
Ve
1e-07
140.014910392529 58.125 21.7585936314133
0 0

0101101
*
Ed
 1e-07 1 1 0
1  865 0 0 6.28318530717959
2  1729 865 0 0 6.28318530717959
2  1730 866 0 0 6.28318530717959
0

0101000
+2305 0 -2305 0 *
Ve
1e-07
120.348243725863 38.75 41.1335936314133
0 0

0101101
*
Ed
 1e-07 1 1 0
1  866 0 0 33.7277189827266
3  1731 1732CN 865 0 0 33.7277189827266
0

0101000
-2305 0 +2303 0 *
Ed
 1e-07 1 1 0
1  867 0 0 6.28318530717959
2  1733 865 0 0 6.28318530717959
2  1734 867 0 0 6.28318530717959
0

0101000
+2303 0 -2303 0 *
Wi

0101100
-2304 0 +2302 0 +2301 0 -2302 0 *
Fa
0  1e-07 865 0

0111000
+2300 0 *
Wi

0101100
+2304 0 *
Fa
0  1e-07 866 0

0111000
+2298 0 *
Wi

0101100
-2301 0 *
Fa
0  1e-07 867 0

0111000
-2296 0 *
Sh

0101100
+2299 0 +2297 0 -2295 0 *
So

0100000
+2294 0 *
Ve
1e-07
135.318422940804 58.125 60.5085936314133
0 0

0101101
*
Ed
 1e-07 1 1 0
1  868 0 0 6.28318530717959
2  1735 868 0 0 6.28318530717959
2  1736 869 0 0 6.28318530717959
0

0101000
+2292 0 -2292 0 *
Ve
1e-07
115.651756274137 38.75 41.1335936314133
0 0

0101101
*
Ed
 1e-07 1 1 0
1  869 0 0 33.7277189827266
3  1737 1738CN 868 0 0 33.7277189827266
0

0101000
-2292 0 +2290 0 *
Ed
 1e-07 1 1 0
1  870 0 0 6.28318530717959
2  1739 868 0 0 6.28318530717959
2  1740 870 0 0 6.28318530717959
0

0101000
+2290 0 -2290 0 *
Wi

0101100
-2291 0 +2289 0 +2288 0 -2289 0 *
Fa
0  1e-07 868 0

0111000
+2287 0 *
Wi

0101100
+2291 0 *
Fa
0  1e-07 869 0

0111000
+2285 0 *
Wi

0101100
-2288 0 *
Fa
0  1e-07 870 0

0111000
-2283 0 *
Sh

0101100
+2286 0 +2284 0 -2282 0 *
So

0100000
+2281 0 *
Ve
1e-07
159.681577059196 -77.5 -75.1164063685867
0 0

0101101
*
Ed
 1e-07 1 1 0
1  871 0 0 6.28318530717959
2  1741 871 0 0 6.28318530717959
2  1742 872 0 0 6.28318530717959
0

0101000
+2279 0 -2279 0 *
Ve
1e-07
140.014910392529 -58.125 -55.7414063685867
0 0

0101101
*
Ed
 1e-07 1 1 0
1  872 0 0 33.7277189827266
3  1743 1744CN 871 0 0 33.7277189827266
0

0101000
-2279 0 +2277 0 *
Ed
 1e-07 1 1 0
1  873 0 0 6.28318530717959
2  1745 871 0 0 6.28318530717959
2  1746 873 0 0 6.28318530717959
0

0101000
+2277 0 -2277 0 *
Wi

0101100
-2278 0 +2276 0 +2275 0 -2276 0 *
Fa
0  1e-07 871 0

0111000
+2274 0 *
Wi

0101100
+2278 0 *
Fa
0  1e-07 872 0

0111000
+2272 0 *
Wi

0101100
-2275 0 *
Fa
0  1e-07 873 0

0111000
-2270 0 *
Sh

0101100
+2273 0 +2271 0 -2269 0 *
So

0100000
+2268 0 *
Ve
1e-07
154.985089607471 -77.5 -36.3664063685867
0 0

0101101
*
Ed
 1e-07 1 1 0
1  874 0 0 6.28318530717959
2  1747 874 0 0 6.28318530717959
2  1748 875 0 0 6.28318530717959
0

0101000
+2266 0 -2266 0 *
Ve
1e-07
135.318422940804 -58.125 -55.7414063685867
0 0

0101101
*
Ed
 1e-07 1 1 0
1  875 0 0 33.7277189827266
3  1749 1750CN 874 0 0 33.7277189827266
0

0101000
-2266 0 +2264 0 *
Ed
 1e-07 1 1 0
1  876 0 0 6.28318530717959
2  1751 874 0 0 6.28318530717959
2  1752 876 0 0 6.28318530717959
0

0101000
+2264 0 -2264 0 *
Wi

0101100
-2265 0 +2263 0 +2262 0 -2263 0 *
Fa
0  1e-07 874 0

0111000
+2261 0 *
Wi

0101100
+2265 0 *
Fa
0  1e-07 875 0

0111000
+2259 0 *
Wi

0101100
-2262 0 *
Fa
0  1e-07 876 0

0111000
-2257 0 *
Sh

0101100
+2260 0 +2258 0 -2256 0 *
So

0100000
+2255 0 *
Ve
1e-07
159.681577059196 -38.75 -75.1164063685867
0 0

0101101
*
Ed
 1e-07 1 1 0
1  877 0 0 6.28318530717959
2  1753 877 0 0 6.28318530717959
2  1754 878 0 0 6.28318530717959
0

0101000
+2253 0 -2253 0 *
Ve
1e-07
140.014910392529 -58.125 -55.7414063685867
0 0

0101101
*
Ed
 1e-07 1 1 0
1  878 0 0 33.7277189827266
3  1755 1756CN 877 0 0 33.7277189827266
0

0101000
-2253 0 +2251 0 *
Ed
 1e-07 1 1 0
1  879 0 0 6.28318530717959
2  1757 877 0 0 6.28318530717959
2  1758 879 0 0 6.28318530717959
0

0101000
+2251 0 -2251 0 *
Wi

0101100
-2252 0 +2250 0 +2249 0 -2250 0 *
Fa
0  1e-07 877 0

0111000
+2248 0 *
Wi

0101100
+2252 0 *
Fa
0  1e-07 878 0

0111000
+2246 0 *
Wi

0101100
-2249 0 *
Fa
0  1e-07 879 0

0111000
-2244 0 *
Sh

0101100
+2247 0 +2245 0 -2243 0 *
So

0100000
+2242 0 *
Ve
1e-07
154.985089607471 -38.75 -36.3664063685867
0 0

0101101
*
Ed
 1e-07 1 1 0
1  880 0 0 6.28318530717959
2  1759 880 0 0 6.28318530717959
2  1760 881 0 0 6.28318530717959
0

0101000
+2240 0 -2240 0 *
Ve
1e-07
135.318422940804 -58.125 -55.7414063685867
0 0

0101101
*
Ed
 1e-07 1 1 0
1  881 0 0 33.7277189827266
3  1761 1762CN 880 0 0 33.7277189827266
0

0101000
-2240 0 +2238 0 *
Ed
 1e-07 1 1 0
1  882 0 0 6.28318530717959
2  1763 880 0 0 6.28318530717959
2  1764 882 0 0 6.28318530717959
0

0101000
+2238 0 -2238 0 *
Wi

0101100
-2239 0 +2237 0 +2236 0 -2237 0 *
Fa
0  1e-07 880 0

0111000
+2235 0 *
Wi

0101100
+2239 0 *
Fa
0  1e-07 881 0

0111000
+2233 0 *
Wi

0101100
-2236 0 *
Fa
0  1e-07 882 0

0111000
-2231 0 *
Sh

0101100
+2234 0 +2232 0 -2230 0 *
So

0100000
+2229 0 *
Ve
1e-07
135.577410919036 -58.125 -21.4957069094228
0 0

0101101
*
Ed
 1e-07 1 1 0
1  883 0 0 6.28318530717959
2  1765 883 0 0 6.28318530717959
2  1766 884 0 0 6.28318530717959
0

0101000
+2227 0 -2227 0 *
Ve
1e-07
154.985089607471 -77.5 -41.1335936314133
0 0

0101101
*
Ed
 1e-07 1 1 0
1  884 0 0 33.7297377988511
3  1767 1768CN 883 0 0 33.7297377988511
0

0101000
-2227 0 +2225 0 *
Ed
 1e-07 1 1 0
1  885 0 0 6.28318530717959
2  1769 883 0 0 6.28318530717959
2  1770 885 0 0 6.28318530717959
0

0101000
+2225 0 -2225 0 *
Wi

0101100
-2226 0 +2224 0 +2223 0 -2224 0 *
Fa
0  1e-07 883 0

0111000
+2222 0 *
Wi

0101100
+2226 0 *
Fa
0  1e-07 884 0

0111000
+2220 0 *
Wi

0101100
-2223 0 *
Fa
0  1e-07 885 0

0111000
-2218 0 *
Sh

0101100
+2221 0 +2219 0 -2217 0 *
So

0100000
+2216 0 *
Ve
1e-07
135.318422940804 -19.375 -60.5085936314133
0 0

0101101
*
Ed
 1e-07 1 1 0
1  886 0 0 6.28318530717959
2  1771 886 0 0 6.28318530717959
2  1772 887 0 0 6.28318530717959
0

0101000
+2214 0 -2214 0 *
Ve
1e-07
154.985089607471 -38.75 -79.8835936314133
0 0

0101101
*
Ed
 1e-07 1 1 0
1  887 0 0 33.7277189827266
3  1773 1774CN 886 0 0 33.7277189827266
0

0101000
-2214 0 +2212 0 *
Ed
 1e-07 1 1 0
1  888 0 0 6.28318530717959
2  1775 886 0 0 6.28318530717959
2  1776 888 0 0 6.28318530717959
0

0101000
+2212 0 -2212 0 *
Wi

0101100
-2213 0 +2211 0 +2210 0 -2211 0 *
Fa
0  1e-07 886 0

0111000
+2209 0 *
Wi

0101100
+2213 0 *
Fa
0  1e-07 887 0

0111000
+2207 0 *
Wi

0101100
-2210 0 *
Fa
0  1e-07 888 0

0111000
-2205 0 *
Sh

0101100
+2208 0 +2206 0 -2204 0 *
So

0100000
+2203 0 *
Ve
1e-07
135.577410919036 -58.125 -21.4957069094228
0 0

0101101
*
Ed
 1e-07 1 1 0
1  889 0 0 6.28318530717959
2  1777 889 0 0 6.28318530717959
2  1778 890 0 0 6.28318530717959
0

0101000
+2201 0 -2201 0 *
Ve
1e-07
154.985089607471 -38.75 -41.1335936314133
0 0

0101101
*
Ed
 1e-07 1 1 0
1  890 0 0 33.7297377988511
3  1779 1780CN 889 0 0 33.7297377988511
0

0101000
-2201 0 +2199 0 *
Ed
 1e-07 1 1 0
1  891 0 0 6.28318530717959
2  1781 889 0 0 6.28318530717959
2  1782 891 0 0 6.28318530717959
0

0101000
+2199 0 -2199 0 *
Wi

0101100
-2200 0 +2198 0 +2197 0 -2198 0 *
Fa
0  1e-07 889 0

0111000
+2196 0 *
Wi

0101100
+2200 0 *
Fa
0  1e-07 890 0

0111000
+2194 0 *
Wi

0101100
-2197 0 *
Fa
0  1e-07 891 0

0111000
-2192 0 *
Sh

0101100
+2195 0 +2193 0 -2191 0 *
So

0100000
+2190 0 *
Ve
1e-07
140.014910392529 -19.375 -60.5085936314133
0 0

0101101
*
Ed
 1e-07 1 1 0
1  892 0 0 6.28318530717959
2  1783 892 0 0 6.28318530717959
2  1784 893 0 0 6.28318530717959
0

0101000
+2188 0 -2188 0 *
Ve
1e-07
159.681577059196 -38.75 -41.1335936314133
0 0

0101101
*
Ed
 1e-07 1 1 0
1  893 0 0 33.7277189827266
3  1785 1786CN 892 0 0 33.7277189827266
0

0101000
-2188 0 +2186 0 *
Ed
 1e-07 1 1 0
1  894 0 0 6.28318530717959
2  1787 892 0 0 6.28318530717959
2  1788 894 0 0 6.28318530717959
0

0101000
+2186 0 -2186 0 *
Wi

0101100
-2187 0 +2185 0 +2184 0 -2185 0 *
Fa
0  1e-07 892 0

0111000
+2183 0 *
Wi

0101100
+2187 0 *
Fa
0  1e-07 893 0

0111000
+2181 0 *
Wi

0101100
-2184 0 *
Fa
0  1e-07 894 0

0111000
-2179 0 *
Sh

0101100
+2182 0 +2180 0 -2178 0 *
So

0100000
+2177 0 *
Ve
1e-07
135.318422940804 -19.375 -21.7585936314133
0 0

0101101
*
Ed
 1e-07 1 1 0
1  895 0 0 6.28318530717959
2  1789 895 0 0 6.28318530717959
2  1790 896 0 0 6.28318530717959
0

0101000
+2175 0 -2175 0 *
Ve
1e-07
154.985089607471 -38.75 -41.1335936314133
0 0

0101101
*
Ed
 1e-07 1 1 0
1  896 0 0 33.7277189827266
3  1791 1792CN 895 0 0 33.7277189827266
0

0101000
-2175 0 +2173 0 *
Ed
 1e-07 1 1 0
1  897 0 0 6.28318530717959
2  1793 895 0 0 6.28318530717959
2  1794 897 0 0 6.28318530717959
0

0101000
+2173 0 -2173 0 *
Wi

0101100
-2174 0 +2172 0 +2171 0 -2172 0 *
Fa
0  1e-07 895 0

0111000
+2170 0 *
Wi

0101100
+2174 0 *
Fa
0  1e-07 896 0

0111000
+2168 0 *
Wi

0101100
-2171 0 *
Fa
0  1e-07 897 0

0111000
-2166 0 *
Sh

0101100
+2169 0 +2167 0 -2165 0 *
So

0100000
+2164 0 *
Ve
1e-07
154.985089607471 -77.5 2.38359363141327
0 0

0101101
*
Ed
 1e-07 1 1 0
1  898 0 0 6.28318530717959
2  1795 898 0 0 6.28318530717959
2  1796 899 0 0 6.28318530717959
0

0101000
+2162 0 -2162 0 *
Ve
1e-07
135.577410919036 -58.125 -17.2542930905772
0 0

0101101
*
Ed
 1e-07 1 1 0
1  899 0 0 33.7297377988511
3  1797 1798CN 898 0 0 33.7297377988511
0

0101000
-2162 0 +2160 0 *
Ed
 1e-07 1 1 0
1  900 0 0 6.28318530717959
2  1799 898 0 0 6.28318530717959
2  1800 900 0 0 6.28318530717959
0

0101000
+2160 0 -2160 0 *
Wi

0101100
-2161 0 +2159 0 +2158 0 -2159 0 *
Fa
0  1e-07 898 0

0111000
+2157 0 *
Wi

0101100
+2161 0 *
Fa
0  1e-07 899 0

0111000
+2155 0 *
Wi

0101100
-2158 0 *
Fa
0  1e-07 900 0

0111000
-2153 0 *
Sh

0101100
+2156 0 +2154 0 -2152 0 *
So

0100000
+2151 0 *
Ve
1e-07
154.985089607471 -38.75 2.38359363141327
0 0

0101101
*
Ed
 1e-07 1 1 0
1  901 0 0 6.28318530717959
2  1801 901 0 0 6.28318530717959
2  1802 902 0 0 6.28318530717959
0

0101000
+2149 0 -2149 0 *
Ve
1e-07
135.577410919036 -58.125 -17.2542930905772
0 0

0101101
*
Ed
 1e-07 1 1 0
1  902 0 0 33.7297377988511
3  1803 1804CN 901 0 0 33.7297377988511
0

0101000
-2149 0 +2147 0 *
Ed
 1e-07 1 1 0
1  903 0 0 6.28318530717959
2  1805 901 0 0 6.28318530717959
2  1806 903 0 0 6.28318530717959
0

0101000
+2147 0 -2147 0 *
Wi

0101100
-2148 0 +2146 0 +2145 0 -2146 0 *
Fa
0  1e-07 901 0

0111000
+2144 0 *
Wi

0101100
+2148 0 *
Fa
0  1e-07 902 0

0111000
+2142 0 *
Wi

0101100
-2145 0 *
Fa
0  1e-07 903 0

0111000
-2140 0 *
Sh

0101100
+2143 0 +2141 0 -2139 0 *
So

0100000
+2138 0 *
Ve
1e-07
135.577554595577 -58.125 17.2544389299908
0 0

0101101
*
Ed
 1e-07 1 1 0
1  904 0 0 6.28318530717959
2  1807 904 0 0 6.28318530717959
2  1808 905 0 0 6.28318530717959
0

0101000
+2136 0 -2136 0 *
Ve
1e-07
154.985089607471 -77.5 -2.38359363141327
0 0

0101101
*
Ed
 1e-07 1 1 0
1  905 0 0 33.729740039328
3  1809 1810CN 904 0 0 33.729740039328
0

0101000
-2136 0 +2134 0 *
Ed
 1e-07 1 1 0
1  906 0 0 6.28318530717959
2  1811 904 0 0 6.28318530717959
2  1812 906 0 0 6.28318530717959
0

0101000
+2134 0 -2134 0 *
Wi

0101100
-2135 0 +2133 0 +2132 0 -2133 0 *
Fa
0  1e-07 904 0

0111000
+2131 0 *
Wi

0101100
+2135 0 *
Fa
0  1e-07 905 0

0111000
+2129 0 *
Wi

0101100
-2132 0 *
Fa
0  1e-07 906 0

0111000
-2127 0 *
Sh

0101100
+2130 0 +2128 0 -2126 0 *
So

0100000
+2125 0 *
Ve
1e-07
135.577554595577 -58.125 17.2544389299908
0 0

0101101
*
Ed
 1e-07 1 1 0
1  907 0 0 6.28318530717959
2  1813 907 0 0 6.28318530717959
2  1814 908 0 0 6.28318530717959
0

0101000
+2123 0 -2123 0 *
Ve
1e-07
154.985089607471 -38.75 -2.38359363141327
0 0

0101101
*
Ed
 1e-07 1 1 0
1  908 0 0 33.729740039328
3  1815 1816CN 907 0 0 33.729740039328
0

0101000
-2123 0 +2121 0 *
Ed
 1e-07 1 1 0
1  909 0 0 6.28318530717959
2  1817 907 0 0 6.28318530717959
2  1818 909 0 0 6.28318530717959
0

0101000
+2121 0 -2121 0 *
Wi

0101100
-2122 0 +2120 0 +2119 0 -2120 0 *
Fa
0  1e-07 907 0

0111000
+2118 0 *
Wi

0101100
+2122 0 *
Fa
0  1e-07 908 0

0111000
+2116 0 *
Wi

0101100
-2119 0 *
Fa
0  1e-07 909 0

0111000
-2114 0 *
Sh

0101100
+2117 0 +2115 0 -2113 0 *
So

0100000
+2112 0 *
Ve
1e-07
140.014910392529 -19.375 -21.7585936314133
0 0

0101101
*
Ed
 1e-07 1 1 0
1  910 0 0 6.28318530717959
2  1819 910 0 0 6.28318530717959
2  1820 911 0 0 6.28318530717959
0

0101000
+2110 0 -2110 0 *
Ve
1e-07
159.681577059196 -38.75 -2.38359363141327
0 0

0101101
*
Ed
 1e-07 1 1 0
1  911 0 0 33.7277189827266
3  1821 1822CN 910 0 0 33.7277189827266
0

0101000
-2110 0 +2108 0 *
Ed
 1e-07 1 1 0
1  912 0 0 6.28318530717959
2  1823 910 0 0 6.28318530717959
2  1824 912 0 0 6.28318530717959
0

0101000
+2108 0 -2108 0 *
Wi

0101100
-2109 0 +2107 0 +2106 0 -2107 0 *
Fa
0  1e-07 910 0

0111000
+2105 0 *
Wi

0101100
+2109 0 *
Fa
0  1e-07 911 0

0111000
+2103 0 *
Wi

0101100
-2106 0 *
Fa
0  1e-07 912 0

0111000
-2101 0 *
Sh

0101100
+2104 0 +2102 0 -2100 0 *
So

0100000
+2099 0 *
Ve
1e-07
135.318422940804 -19.375 16.9914063685867
0 0

0101101
*
Ed
 1e-07 1 1 0
1  913 0 0 6.28318530717959
2  1825 913 0 0 6.28318530717959
2  1826 914 0 0 6.28318530717959
0

0101000
+2097 0 -2097 0 *
Ve
1e-07
154.985089607471 -38.75 -2.38359363141327
0 0

0101101
*
Ed
 1e-07 1 1 0
1  914 0 0 33.7277189827266
3  1827 1828CN 913 0 0 33.7277189827266
0

0101000
-2097 0 +2095 0 *
Ed
 1e-07 1 1 0
1  915 0 0 6.28318530717959
2  1829 913 0 0 6.28318530717959
2  1830 915 0 0 6.28318530717959
0

0101000
+2095 0 -2095 0 *
Wi

0101100
-2096 0 +2094 0 +2093 0 -2094 0 *
Fa
0  1e-07 913 0

0111000
+2092 0 *
Wi

0101100
+2096 0 *
Fa
0  1e-07 914 0

0111000
+2090 0 *
Wi

0101100
-2093 0 *
Fa
0  1e-07 915 0

0111000
-2088 0 *
Sh

0101100
+2091 0 +2089 0 -2087 0 *
So

0100000
+2086 0 *
Ve
1e-07
154.985089607471 -77.5 41.1335936314133
0 0

0101101
*
Ed
 1e-07 1 1 0
1  916 0 0 6.28318530717959
2  1831 916 0 0 6.28318530717959
2  1832 917 0 0 6.28318530717959
0

0101000
+2084 0 -2084 0 *
Ve
1e-07
135.577554595577 -58.125 21.4955610700092
0 0

0101101
*
Ed
 1e-07 1 1 0
1  917 0 0 33.729740039328
3  1833 1834CN 916 0 0 33.729740039328
0

0101000
-2084 0 +2082 0 *
Ed
 1e-07 1 1 0
1  918 0 0 6.28318530717959
2  1835 916 0 0 6.28318530717959
2  1836 918 0 0 6.28318530717959
0

0101000
+2082 0 -2082 0 *
Wi

0101100
-2083 0 +2081 0 +2080 0 -2081 0 *
Fa
0  1e-07 916 0

0111000
+2079 0 *
Wi

0101100
+2083 0 *
Fa
0  1e-07 917 0

0111000
+2077 0 *
Wi

0101100
-2080 0 *
Fa
0  1e-07 918 0

0111000
-2075 0 *
Sh

0101100
+2078 0 +2076 0 -2074 0 *
So

0100000
+2073 0 *
Ve
1e-07
154.985089607471 -38.75 41.1335936314133
0 0

0101101
*
Ed
 1e-07 1 1 0
1  919 0 0 6.28318530717959
2  1837 919 0 0 6.28318530717959
2  1838 920 0 0 6.28318530717959
0

0101000
+2071 0 -2071 0 *
Ve
1e-07
135.577554595577 -58.125 21.4955610700092
0 0

0101101
*
Ed
 1e-07 1 1 0
1  920 0 0 33.729740039328
3  1839 1840CN 919 0 0 33.729740039328
0

0101000
-2071 0 +2069 0 *
Ed
 1e-07 1 1 0
1  921 0 0 6.28318530717959
2  1841 919 0 0 6.28318530717959
2  1842 921 0 0 6.28318530717959
0

0101000
+2069 0 -2069 0 *
Wi

0101100
-2070 0 +2068 0 +2067 0 -2068 0 *
Fa
0  1e-07 919 0

0111000
+2066 0 *
Wi

0101100
+2070 0 *
Fa
0  1e-07 920 0

0111000
+2064 0 *
Wi

0101100
-2067 0 *
Fa
0  1e-07 921 0

0111000
-2062 0 *
Sh

0101100
+2065 0 +2063 0 -2061 0 *
So

0100000
+2060 0 *
Ve
1e-07
135.318422940804 -58.125 55.7414063685867
0 0

0101101
*
Ed
 1e-07 1 1 0
1  922 0 0 6.28318530717959
2  1843 922 0 0 6.28318530717959
2  1844 923 0 0 6.28318530717959
0

0101000
+2058 0 -2058 0 *
Ve
1e-07
154.985089607471 -77.5 36.3664063685867
0 0

0101101
*
Ed
 1e-07 1 1 0
1  923 0 0 33.7277189827266
3  1845 1846CN 922 0 0 33.7277189827266
0

0101000
-2058 0 +2056 0 *
Ed
 1e-07 1 1 0
1  924 0 0 6.28318530717959
2  1847 922 0 0 6.28318530717959
2  1848 924 0 0 6.28318530717959
0

0101000
+2056 0 -2056 0 *
Wi

0101100
-2057 0 +2055 0 +2054 0 -2055 0 *
Fa
0  1e-07 922 0

0111000
+2053 0 *
Wi

0101100
+2057 0 *
Fa
0  1e-07 923 0

0111000
+2051 0 *
Wi

0101100
-2054 0 *
Fa
0  1e-07 924 0

0111000
-2049 0 *
Sh

0101100
+2052 0 +2050 0 -2048 0 *
So

0100000
+2047 0 *
Ve
1e-07
135.318422940804 -58.125 55.7414063685867
0 0

0101101
*
Ed
 1e-07 1 1 0
1  925 0 0 6.28318530717959
2  1849 925 0 0 6.28318530717959
2  1850 926 0 0 6.28318530717959
0

0101000
+2045 0 -2045 0 *
Ve
1e-07
154.985089607471 -38.75 36.3664063685867
0 0

0101101
*
Ed
 1e-07 1 1 0
1  926 0 0 33.7277189827266
3  1851 1852CN 925 0 0 33.7277189827266
0

0101000
-2045 0 +2043 0 *
Ed
 1e-07 1 1 0
1  927 0 0 6.28318530717959
2  1853 925 0 0 6.28318530717959
2  1854 927 0 0 6.28318530717959
0

0101000
+2043 0 -2043 0 *
Wi

0101100
-2044 0 +2042 0 +2041 0 -2042 0 *
Fa
0  1e-07 925 0

0111000
+2040 0 *
Wi

0101100
+2044 0 *
Fa
0  1e-07 926 0

0111000
+2038 0 *
Wi

0101100
-2041 0 *
Fa
0  1e-07 927 0

0111000
-2036 0 *
Sh

0101100
+2039 0 +2037 0 -2035 0 *
So

0100000
+2034 0 *
Ve
1e-07
140.014910392529 -19.375 16.9914063685867
0 0

0101101
*
Ed
 1e-07 1 1 0
1  928 0 0 6.28318530717959
2  1855 928 0 0 6.28318530717959
2  1856 929 0 0 6.28318530717959
0

0101000
+2032 0 -2032 0 *
Ve
1e-07
159.681577059196 -38.75 36.3664063685867
0 0

0101101
*
Ed
 1e-07 1 1 0
1  929 0 0 33.7277189827266
3  1857 1858CN 928 0 0 33.7277189827266
0

0101000
-2032 0 +2030 0 *
Ed
 1e-07 1 1 0
1  930 0 0 6.28318530717959
2  1859 928 0 0 6.28318530717959
2  1860 930 0 0 6.28318530717959
0

0101000
+2030 0 -2030 0 *
Wi

0101100
-2031 0 +2029 0 +2028 0 -2029 0 *
Fa
0  1e-07 928 0

0111000
+2027 0 *
Wi

0101100
+2031 0 *
Fa
0  1e-07 929 0

0111000
+2025 0 *
Wi

0101100
-2028 0 *
Fa
0  1e-07 930 0

0111000
-2023 0 *
Sh

0101100
+2026 0 +2024 0 -2022 0 *
So

0100000
+2021 0 *
Ve
1e-07
135.318422940804 -19.375 55.7414063685867
0 0

0101101
*
Ed
 1e-07 1 1 0
1  931 0 0 6.28318530717959
2  1861 931 0 0 6.28318530717959
2  1862 932 0 0 6.28318530717959
0

0101000
+2019 0 -2019 0 *
Ve
1e-07
154.985089607471 -38.75 36.3664063685867
0 0

0101101
*
Ed
 1e-07 1 1 0
1  932 0 0 33.7277189827266
3  1863 1864CN 931 0 0 33.7277189827266
0

0101000
-2019 0 +2017 0 *
Ed
 1e-07 1 1 0
1  933 0 0 6.28318530717959
2  1865 931 0 0 6.28318530717959
2  1866 933 0 0 6.28318530717959
0

0101000
+2017 0 -2017 0 *
Wi

0101100
-2018 0 +2016 0 +2015 0 -2016 0 *
Fa
0  1e-07 931 0

0111000
+2014 0 *
Wi

0101100
+2018 0 *
Fa
0  1e-07 932 0

0111000
+2012 0 *
Wi

0101100
-2015 0 *
Fa
0  1e-07 933 0

0111000
-2010 0 *
Sh

0101100
+2013 0 +2011 0 -2009 0 *
So

0100000
+2008 0 *
Ve
1e-07
154.985089607471 -77.5 79.8835936314133
0 0

0101101
*
Ed
 1e-07 1 1 0
1  934 0 0 6.28318530717959
2  1867 934 0 0 6.28318530717959
2  1868 935 0 0 6.28318530717959
0

0101000
+2006 0 -2006 0 *
Ve
1e-07
135.318422940804 -58.125 60.5085936314133
0 0

0101101
*
Ed
 1e-07 1 1 0
1  935 0 0 33.7277189827266
3  1869 1870CN 934 0 0 33.7277189827266
0

0101000
-2006 0 +2004 0 *
Ed
 1e-07 1 1 0
1  936 0 0 6.28318530717959
2  1871 934 0 0 6.28318530717959
2  1872 936 0 0 6.28318530717959
0

0101000
+2004 0 -2004 0 *
Wi

0101100
-2005 0 +2003 0 +2002 0 -2003 0 *
Fa
0  1e-07 934 0

0111000
+2001 0 *
Wi

0101100
+2005 0 *
Fa
0  1e-07 935 0

0111000
+1999 0 *
Wi

0101100
-2002 0 *
Fa
0  1e-07 936 0

0111000
-1997 0 *
Sh

0101100
+2000 0 +1998 0 -1996 0 *
So

0100000
+1995 0 *
Ve
1e-07
154.985089607471 -38.75 79.8835936314133
0 0

0101101
*
Ed
 1e-07 1 1 0
1  937 0 0 6.28318530717959
2  1873 937 0 0 6.28318530717959
2  1874 938 0 0 6.28318530717959
0

0101000
+1993 0 -1993 0 *
Ve
1e-07
135.318422940804 -58.125 60.5085936314133
0 0

0101101
*
Ed
 1e-07 1 1 0
1  938 0 0 33.7277189827266
3  1875 1876CN 937 0 0 33.7277189827266
0

0101000
-1993 0 +1991 0 *
Ed
 1e-07 1 1 0
1  939 0 0 6.28318530717959
2  1877 937 0 0 6.28318530717959
2  1878 939 0 0 6.28318530717959
0

0101000
+1991 0 -1991 0 *
Wi

0101100
-1992 0 +1990 0 +1989 0 -1990 0 *
Fa
0  1e-07 937 0

0111000
+1988 0 *
Wi

0101100
+1992 0 *
Fa
0  1e-07 938 0

0111000
+1986 0 *
Wi

0101100
-1989 0 *
Fa
0  1e-07 939 0

0111000
-1984 0 *
Sh

0101100
+1987 0 +1985 0 -1983 0 *
So

0100000
+1982 0 *
Ve
1e-07
140.014910392529 -19.375 55.7414063685867
0 0

0101101
*
Ed
 1e-07 1 1 0
1  940 0 0 6.28318530717959
2  1879 940 0 0 6.28318530717959
2  1880 941 0 0 6.28318530717959
0

0101000
+1980 0 -1980 0 *
Ve
1e-07
159.681577059196 -38.75 75.1164063685867
0 0

0101101
*
Ed
 1e-07 1 1 0
1  941 0 0 33.7277189827266
3  1881 1882CN 940 0 0 33.7277189827266
0

0101000
-1980 0 +1978 0 *
Ed
 1e-07 1 1 0
1  942 0 0 6.28318530717959
2  1883 940 0 0 6.28318530717959
2  1884 942 0 0 6.28318530717959
0

0101000
+1978 0 -1978 0 *
Wi

0101100
-1979 0 +1977 0 +1976 0 -1977 0 *
Fa
0  1e-07 940 0

0111000
+1975 0 *
Wi

0101100
+1979 0 *
Fa
0  1e-07 941 0

0111000
+1973 0 *
Wi

0101100
-1976 0 *
Fa
0  1e-07 942 0

0111000
-1971 0 *
Sh

0101100
+1974 0 +1972 0 -1970 0 *
So

0100000
+1969 0 *
Ve
1e-07
159.681577059196 4.54096068258732e-15 -75.1164063685867
0 0

0101101
*
Ed
 1e-07 1 1 0
1  943 0 0 6.28318530717959
2  1885 943 0 0 6.28318530717959
2  1886 944 0 0 6.28318530717959
0

0101000
+1967 0 -1967 0 *
Ve
1e-07
140.014910392529 -19.375 -55.7414063685867
0 0

0101101
*
Ed
 1e-07 1 1 0
1  944 0 0 33.7277189827266
3  1887 1888CN 943 0 0 33.7277189827266
0

0101000
-1967 0 +1965 0 *
Ed
 1e-07 1 1 0
1  945 0 0 6.28318530717959
2  1889 943 0 0 6.28318530717959
2  1890 945 0 0 6.28318530717959
0

0101000
+1965 0 -1965 0 *
Wi

0101100
-1966 0 +1964 0 +1963 0 -1964 0 *
Fa
0  1e-07 943 0

0111000
+1962 0 *
Wi

0101100
+1966 0 *
Fa
0  1e-07 944 0

0111000
+1960 0 *
Wi

0101100
-1963 0 *
Fa
0  1e-07 945 0

0111000
-1958 0 *
Sh

0101100
+1961 0 +1959 0 -1957 0 *
So

0100000
+1956 0 *
Ve
1e-07
154.985089607471 1.51430525934538e-15 -36.3664063685867
0 0

0101101
*
Ed
 1e-07 1 1 0
1  946 0 0 6.28318530717959
2  1891 946 0 0 6.28318530717959
2  1892 947 0 0 6.28318530717959
0

0101000
+1954 0 -1954 0 *
Ve
1e-07
135.318422940804 -19.375 -55.7414063685867
0 0

0101101
*
Ed
 1e-07 1 1 0
1  947 0 0 33.7277189827266
3  1893 1894CN 946 0 0 33.7277189827266
0

0101000
-1954 0 +1952 0 *
Ed
 1e-07 1 1 0
1  948 0 0 6.28318530717959
2  1895 946 0 0 6.28318530717959
2  1896 948 0 0 6.28318530717959
0

0101000
+1952 0 -1952 0 *
Wi

0101100
-1953 0 +1951 0 +1950 0 -1951 0 *
Fa
0  1e-07 946 0

0111000
+1949 0 *
Wi

0101100
+1953 0 *
Fa
0  1e-07 947 0

0111000
+1947 0 *
Wi

0101100
-1950 0 *
Fa
0  1e-07 948 0

0111000
-1945 0 *
Sh

0101100
+1948 0 +1946 0 -1944 0 *
So

0100000
+1943 0 *
Ve
1e-07
135.318422940804 19.375 -60.5085936314133
0 0

0101101
*
Ed
 1e-07 1 1 0
1  949 0 0 6.28318530717959
2  1897 949 0 0 6.28318530717959
2  1898 950 0 0 6.28318530717959
0

0101000
+1941 0 -1941 0 *
Ve
1e-07
154.985089607471 5.77950055061799e-16 -79.8835936314133
0 0

0101101
*
Ed
 1e-07 1 1 0
1  950 0 0 33.7277189827266
3  1899 1900CN 949 0 0 33.7277189827266
0

0101000
-1941 0 +1939 0 *
Ed
 1e-07 1 1 0
1  951 0 0 6.28318530717959
2  1901 949 0 0 6.28318530717959
2  1902 951 0 0 6.28318530717959
0

0101000
+1939 0 -1939 0 *
Wi

0101100
-1940 0 +1938 0 +1937 0 -1938 0 *
Fa
0  1e-07 949 0

0111000
+1936 0 *
Wi

0101100
+1940 0 *
Fa
0  1e-07 950 0

0111000
+1934 0 *
Wi

0101100
-1937 0 *
Fa
0  1e-07 951 0

0111000
-1932 0 *
Sh

0101100
+1935 0 +1933 0 -1931 0 *
So

0100000
+1930 0 *
Ve
1e-07
135.318422940804 -19.375 -21.7585936314133
0 0

0101101
*
Ed
 1e-07 1 1 0
1  952 0 0 6.28318530717959
2  1903 952 0 0 6.28318530717959
2  1904 953 0 0 6.28318530717959
0

0101000
+1928 0 -1928 0 *
Ve
1e-07
154.985089607471 7.63690791757722e-16 -41.1335936314133
0 0

0101101
*
Ed
 1e-07 1 1 0
1  953 0 0 33.7277189827266
3  1905 1906CN 952 0 0 33.7277189827266
0

0101000
-1928 0 +1926 0 *
Ed
 1e-07 1 1 0
1  954 0 0 6.28318530717959
2  1907 952 0 0 6.28318530717959
2  1908 954 0 0 6.28318530717959
0

0101000
+1926 0 -1926 0 *
Wi

0101100
-1927 0 +1925 0 +1924 0 -1925 0 *
Fa
0  1e-07 952 0

0111000
+1923 0 *
Wi

0101100
+1927 0 *
Fa
0  1e-07 953 0

0111000
+1921 0 *
Wi

0101100
-1924 0 *
Fa
0  1e-07 954 0

0111000
-1919 0 *
Sh

0101100
+1922 0 +1920 0 -1918 0 *
So

0100000
+1917 0 *
Ve
1e-07
140.014910392529 19.375 -60.5085936314133
0 0

0101101
*
Ed
 1e-07 1 1 0
1  955 0 0 6.28318530717959
2  1909 955 0 0 6.28318530717959
2  1910 956 0 0 6.28318530717959
0

0101000
+1915 0 -1915 0 *
Ve
1e-07
159.681577059196 7.63690791757728e-16 -41.1335936314133
0 0

0101101
*
Ed
 1e-07 1 1 0
1  956 0 0 33.7277189827266
3  1911 1912CN 955 0 0 33.7277189827266
0

0101000
-1915 0 +1913 0 *
Ed
 1e-07 1 1 0
1  957 0 0 6.28318530717959
2  1913 955 0 0 6.28318530717959
2  1914 957 0 0 6.28318530717959
0

0101000
+1913 0 -1913 0 *
Wi

0101100
-1914 0 +1912 0 +1911 0 -1912 0 *
Fa
0  1e-07 955 0

0111000
+1910 0 *
Wi

0101100
+1914 0 *
Fa
0  1e-07 956 0

0111000
+1908 0 *
Wi

0101100
-1911 0 *
Fa
0  1e-07 957 0

0111000
-1906 0 *
Sh

0101100
+1909 0 +1907 0 -1905 0 *
So

0100000
+1904 0 *
Ve
1e-07
136.302061820402 19.375 -20.7601472848105
0 0

0101101
*
Ed
 1e-07 1 1 0
1  958 0 0 6.28318530717959
2  1915 958 0 0 6.28318530717959
2  1916 959 0 0 6.28318530717959
0

0101000
+1902 0 -1902 0 *
Ve
1e-07
154.985089607471 5.77950055061796e-16 -41.1335936314133
0 0

0101101
*
Ed
 1e-07 1 1 0
1  959 0 0 33.7568284696634
3  1917 1918CN 958 0 0 33.7568284696634
0

0101000
-1902 0 +1900 0 *
Ed
 1e-07 1 1 0
1  960 0 0 6.28318530717959
2  1919 958 0 0 6.28318530717959
2  1920 960 0 0 6.28318530717959
0

0101000
+1900 0 -1900 0 *
Wi

0101100
-1901 0 +1899 0 +1898 0 -1899 0 *
Fa
0  1e-07 958 0

0111000
+1897 0 *
Wi

0101100
+1901 0 *
Fa
0  1e-07 959 0

0111000
+1895 0 *
Wi

0101100
-1898 0 *
Fa
0  1e-07 960 0

0111000
-1893 0 *
Sh

0101100
+1896 0 +1894 0 -1892 0 *
So

0100000
+1891 0 *
Ve
1e-07
154.985089607471 3.49581057310816e-15 2.38359363141327
0 0

0101101
*
Ed
 1e-07 1 1 0
1  961 0 0 6.28318530717959
2  1921 961 0 0 6.28318530717959
2  1922 962 0 0 6.28318530717959
0

0101000
+1889 0 -1889 0 *
Ve
1e-07
135.318422940804 -19.375 -16.9914063685867
0 0

0101101
*
Ed
 1e-07 1 1 0
1  962 0 0 33.7277189827266
3  1923 1924CN 961 0 0 33.7277189827266
0

0101000
-1889 0 +1887 0 *
Ed
 1e-07 1 1 0
1  963 0 0 6.28318530717959
2  1925 961 0 0 6.28318530717959
2  1926 963 0 0 6.28318530717959
0

0101000
+1887 0 -1887 0 *
Wi

0101100
-1888 0 +1886 0 +1885 0 -1886 0 *
Fa
0  1e-07 961 0

0111000
+1884 0 *
Wi

0101100
+1888 0 *
Fa
0  1e-07 962 0

0111000
+1882 0 *
Wi

0101100
-1885 0 *
Fa
0  1e-07 963 0

0111000
-1880 0 *
Sh

0101100
+1883 0 +1881 0 -1879 0 *
So

0100000
+1878 0 *
Ve
1e-07
135.318422940804 -19.375 16.9914063685867
0 0

0101101
*
Ed
 1e-07 1 1 0
1  964 0 0 6.28318530717959
2  1927 964 0 0 6.28318530717959
2  1928 965 0 0 6.28318530717959
0

0101000
+1876 0 -1876 0 *
Ve
1e-07
154.985089607471 7.63690791757725e-16 -2.38359363141327
0 0

0101101
*
Ed
 1e-07 1 1 0
1  965 0 0 33.7277189827266
3  1929 1930CN 964 0 0 33.7277189827266
0

0101000
-1876 0 +1874 0 *
Ed
 1e-07 1 1 0
1  966 0 0 6.28318530717959
2  1931 964 0 0 6.28318530717959
2  1932 966 0 0 6.28318530717959
0

0101000
+1874 0 -1874 0 *
Wi

0101100
-1875 0 +1873 0 +1872 0 -1873 0 *
Fa
0  1e-07 964 0

0111000
+1871 0 *
Wi

0101100
+1875 0 *
Fa
0  1e-07 965 0

0111000
+1869 0 *
Wi

0101100
-1872 0 *
Fa
0  1e-07 966 0

0111000
-1867 0 *
Sh

0101100
+1870 0 +1868 0 -1866 0 *
So

0100000
+1865 0 *
Ve
1e-07
154.985089607471 1.92460220807043e-15 41.1335936314133
0 0

0101101
*
Ed
 1e-07 1 1 0
1  967 0 0 6.28318530717959
2  1933 967 0 0 6.28318530717959
2  1934 968 0 0 6.28318530717959
0

0101000
+1863 0 -1863 0 *
Ve
1e-07
135.318422940804 -19.375 21.7585936314133
0 0

0101101
*
Ed
 1e-07 1 1 0
1  968 0 0 33.7277189827266
3  1935 1936CN 967 0 0 33.7277189827266
0

0101000
-1863 0 +1861 0 *
Ed
 1e-07 1 1 0
1  969 0 0 6.28318530717959
2  1937 967 0 0 6.28318530717959
2  1938 969 0 0 6.28318530717959
0

0101000
+1861 0 -1861 0 *
Wi

0101100
-1862 0 +1860 0 +1859 0 -1860 0 *
Fa
0  1e-07 967 0

0111000
+1858 0 *
Wi

0101100
+1862 0 *
Fa
0  1e-07 968 0

0111000
+1856 0 *
Wi

0101100
-1859 0 *
Fa
0  1e-07 969 0

0111000
-1854 0 *
Sh

0101100
+1857 0 +1855 0 -1853 0 *
So

0100000
+1852 0 *
Ve
1e-07
135.318422940804 -19.375 55.7414063685867
0 0

0101101
*
Ed
 1e-07 1 1 0
1  970 0 0 6.28318530717959
2  1939 970 0 0 6.28318530717959
2  1940 971 0 0 6.28318530717959
0

0101000
+1850 0 -1850 0 *
Ve
1e-07
154.985089607471 7.63690791757725e-16 36.3664063685867
0 0

0101101
*
Ed
 1e-07 1 1 0
1  971 0 0 33.7277189827266
3  1941 1942CN 970 0 0 33.7277189827266
0

0101000
-1850 0 +1848 0 *
Ed
 1e-07 1 1 0
1  972 0 0 6.28318530717959
2  1943 970 0 0 6.28318530717959
2  1944 972 0 0 6.28318530717959
0

0101000
+1848 0 -1848 0 *
Wi

0101100
-1849 0 +1847 0 +1846 0 -1847 0 *
Fa
0  1e-07 970 0

0111000
+1845 0 *
Wi

0101100
+1849 0 *
Fa
0  1e-07 971 0

0111000
+1843 0 *
Wi

0101100
-1846 0 *
Fa
0  1e-07 972 0

0111000
-1841 0 *
Sh

0101100
+1844 0 +1842 0 -1840 0 *
So

0100000
+1839 0 *
Ve
1e-07
139.02032210054 19.375 18.0009669574446
0 0

0101101
*
Ed
 1e-07 1 1 0
1  973 0 0 6.28318530717959
2  1945 973 0 0 6.28318530717959
2  1946 974 0 0 6.28318530717959
0

0101000
+1837 0 -1837 0 *
Ve
1e-07
159.681577059196 7.63690791757728e-16 36.3664063685867
0 0

0101101
*
Ed
 1e-07 1 1 0
1  974 0 0 33.7574798560396
3  1947 1948CN 973 0 0 33.7574798560396
0

0101000
-1837 0 +1835 0 *
Ed
 1e-07 1 1 0
1  975 0 0 6.28318530717959
2  1949 973 0 0 6.28318530717959
2  1950 975 0 0 6.28318530717959
0

0101000
+1835 0 -1835 0 *
Wi

0101100
-1836 0 +1834 0 +1833 0 -1834 0 *
Fa
0  1e-07 973 0

0111000
+1832 0 *
Wi

0101100
+1836 0 *
Fa
0  1e-07 974 0

0111000
+1830 0 *
Wi

0101100
-1833 0 *
Fa
0  1e-07 975 0

0111000
-1828 0 *
Sh

0101100
+1831 0 +1829 0 -1827 0 *
So

0100000
+1826 0 *
Ve
1e-07
135.318422940804 19.375 55.7414063685867
0 0

0101101
*
Ed
 1e-07 1 1 0
1  976 0 0 6.28318530717959
2  1951 976 0 0 6.28318530717959
2  1952 977 0 0 6.28318530717959
0

0101000
+1824 0 -1824 0 *
Ve
1e-07
154.985089607471 5.77950055061799e-16 36.3664063685867
0 0

0101101
*
Ed
 1e-07 1 1 0
1  977 0 0 33.7277189827266
3  1953 1954CN 976 0 0 33.7277189827266
0

0101000
-1824 0 +1822 0 *
Ed
 1e-07 1 1 0
1  978 0 0 6.28318530717959
2  1955 976 0 0 6.28318530717959
2  1956 978 0 0 6.28318530717959
0

0101000
+1822 0 -1822 0 *
Wi

0101100
-1823 0 +1821 0 +1820 0 -1821 0 *
Fa
0  1e-07 976 0

0111000
+1819 0 *
Wi

0101100
+1823 0 *
Fa
0  1e-07 977 0

0111000
+1817 0 *
Wi

0101100
-1820 0 *
Fa
0  1e-07 978 0

0111000
-1815 0 *
Sh

0101100
+1818 0 +1816 0 -1814 0 *
So

0100000
+1813 0 *
Ve
1e-07
154.985089607471 3.90610752183321e-15 79.8835936314133
0 0

0101101
*
Ed
 1e-07 1 1 0
1  979 0 0 6.28318530717959
2  1957 979 0 0 6.28318530717959
2  1958 980 0 0 6.28318530717959
0

0101000
+1811 0 -1811 0 *
Ve
1e-07
135.318422940804 -19.375 60.5085936314133
0 0

0101101
*
Ed
 1e-07 1 1 0
1  980 0 0 33.7277189827266
3  1959 1960CN 979 0 0 33.7277189827266
0

0101000
-1811 0 +1809 0 *
Ed
 1e-07 1 1 0
1  981 0 0 6.28318530717959
2  1961 979 0 0 6.28318530717959
2  1962 981 0 0 6.28318530717959
0

0101000
+1809 0 -1809 0 *
Wi

0101100
-1810 0 +1808 0 +1807 0 -1808 0 *
Fa
0  1e-07 979 0

0111000
+1806 0 *
Wi

0101100
+1810 0 *
Fa
0  1e-07 980 0

0111000
+1804 0 *
Wi

0101100
-1807 0 *
Fa
0  1e-07 981 0

0111000
-1802 0 *
Sh

0101100
+1805 0 +1803 0 -1801 0 *
So

0100000
+1800 0 *
Ve
1e-07
140.014910392529 19.375 55.7414063685867
0 0

0101101
*
Ed
 1e-07 1 1 0
1  982 0 0 6.28318530717959
2  1963 982 0 0 6.28318530717959
2  1964 983 0 0 6.28318530717959
0

0101000
+1798 0 -1798 0 *
Ve
1e-07
159.681577059196 7.63690791757728e-16 75.1164063685867
0 0

0101101
*
Ed
 1e-07 1 1 0
1  983 0 0 33.7277189827266
3  1965 1966CN 982 0 0 33.7277189827266
0

0101000
-1798 0 +1796 0 *
Ed
 1e-07 1 1 0
1  984 0 0 6.28318530717959
2  1967 982 0 0 6.28318530717959
2  1968 984 0 0 6.28318530717959
0

0101000
+1796 0 -1796 0 *
Wi

0101100
-1797 0 +1795 0 +1794 0 -1795 0 *
Fa
0  1e-07 982 0

0111000
+1793 0 *
Wi

0101100
+1797 0 *
Fa
0  1e-07 983 0

0111000
+1791 0 *
Wi

0101100
-1794 0 *
Fa
0  1e-07 984 0

0111000
-1789 0 *
Sh

0101100
+1792 0 +1790 0 -1788 0 *
So

0100000
+1787 0 *
Ve
1e-07
159.681577059196 38.75 -75.1164063685867
0 0

0101101
*
Ed
 1e-07 1 1 0
1  985 0 0 6.28318530717959
2  1969 985 0 0 6.28318530717959
2  1970 986 0 0 6.28318530717959
0

0101000
+1785 0 -1785 0 *
Ve
1e-07
140.014910392529 19.375 -55.7414063685867
0 0

0101101
*
Ed
 1e-07 1 1 0
1  986 0 0 33.7277189827266
3  1971 1972CN 985 0 0 33.7277189827266
0

0101000
-1785 0 +1783 0 *
Ed
 1e-07 1 1 0
1  987 0 0 6.28318530717959
2  1973 985 0 0 6.28318530717959
2  1974 987 0 0 6.28318530717959
0

0101000
+1783 0 -1783 0 *
Wi

0101100
-1784 0 +1782 0 +1781 0 -1782 0 *
Fa
0  1e-07 985 0

0111000
+1780 0 *
Wi

0101100
+1784 0 *
Fa
0  1e-07 986 0

0111000
+1778 0 *
Wi

0101100
-1781 0 *
Fa
0  1e-07 987 0

0111000
-1776 0 *
Sh

0101100
+1779 0 +1777 0 -1775 0 *
So

0100000
+1774 0 *
Ve
1e-07
154.985089607471 38.75 -36.3664063685867
0 0

0101101
*
Ed
 1e-07 1 1 0
1  988 0 0 6.28318530717959
2  1975 988 0 0 6.28318530717959
2  1976 989 0 0 6.28318530717959
0

0101000
+1772 0 -1772 0 *
Ve
1e-07
135.318422940804 19.375 -55.7414063685867
0 0

0101101
*
Ed
 1e-07 1 1 0
1  989 0 0 33.7277189827266
3  1977 1978CN 988 0 0 33.7277189827266
0

0101000
-1772 0 +1770 0 *
Ed
 1e-07 1 1 0
1  990 0 0 6.28318530717959
2  1979 988 0 0 6.28318530717959
2  1980 990 0 0 6.28318530717959
0

0101000
+1770 0 -1770 0 *
Wi

0101100
-1771 0 +1769 0 +1768 0 -1769 0 *
Fa
0  1e-07 988 0

0111000
+1767 0 *
Wi

0101100
+1771 0 *
Fa
0  1e-07 989 0

0111000
+1765 0 *
Wi

0101100
-1768 0 *
Fa
0  1e-07 990 0

0111000
-1763 0 *
Sh

0101100
+1766 0 +1764 0 -1762 0 *
So

0100000
+1761 0 *
Ve
1e-07
135.318422940804 58.125 -60.5085936314133
0 0

0101101
*
Ed
 1e-07 1 1 0
1  991 0 0 6.28318530717959
2  1981 991 0 0 6.28318530717959
2  1982 992 0 0 6.28318530717959
0

0101000
+1759 0 -1759 0 *
Ve
1e-07
154.985089607471 38.75 -79.8835936314133
0 0

0101101
*
Ed
 1e-07 1 1 0
1  992 0 0 33.7277189827266
3  1983 1984CN 991 0 0 33.7277189827266
0

0101000
-1759 0 +1757 0 *
Ed
 1e-07 1 1 0
1  993 0 0 6.28318530717959
2  1985 991 0 0 6.28318530717959
2  1986 993 0 0 6.28318530717959
0

0101000
+1757 0 -1757 0 *
Wi

0101100
-1758 0 +1756 0 +1755 0 -1756 0 *
Fa
0  1e-07 991 0

0111000
+1754 0 *
Wi

0101100
+1758 0 *
Fa
0  1e-07 992 0

0111000
+1752 0 *
Wi

0101100
-1755 0 *
Fa
0  1e-07 993 0

0111000
-1750 0 *
Sh

0101100
+1753 0 +1751 0 -1749 0 *
So

0100000
+1748 0 *
Ve
1e-07
136.302061820402 19.375 -20.7601472848105
0 0

0101101
*
Ed
 1e-07 1 1 0
1  994 0 0 6.28318530717959
2  1987 994 0 0 6.28318530717959
2  1988 995 0 0 6.28318530717959
0

0101000
+1746 0 -1746 0 *
Ve
1e-07
154.985089607471 38.75 -41.1335936314133
0 0

0101101
*
Ed
 1e-07 1 1 0
1  995 0 0 33.7568284696634
3  1989 1990CN 994 0 0 33.7568284696634
0

0101000
-1746 0 +1744 0 *
Ed
 1e-07 1 1 0
1  996 0 0 6.28318530717959
2  1991 994 0 0 6.28318530717959
2  1992 996 0 0 6.28318530717959
0

0101000
+1744 0 -1744 0 *
Wi

0101100
-1745 0 +1743 0 +1742 0 -1743 0 *
Fa
0  1e-07 994 0

0111000
+1741 0 *
Wi

0101100
+1745 0 *
Fa
0  1e-07 995 0

0111000
+1739 0 *
Wi

0101100
-1742 0 *
Fa
0  1e-07 996 0

0111000
-1737 0 *
Sh

0101100
+1740 0 +1738 0 -1736 0 *
So

0100000
+1735 0 *
Ve
1e-07
140.014910392529 58.125 -60.5085936314133
0 0

0101101
*
Ed
 1e-07 1 1 0
1  997 0 0 6.28318530717959
2  1993 997 0 0 6.28318530717959
2  1994 998 0 0 6.28318530717959
0

0101000
+1733 0 -1733 0 *
Ve
1e-07
159.681577059196 38.75 -41.1335936314133
0 0

0101101
*
Ed
 1e-07 1 1 0
1  998 0 0 33.7277189827266
3  1995 1996CN 997 0 0 33.7277189827266
0

0101000
-1733 0 +1731 0 *
Ed
 1e-07 1 1 0
1  999 0 0 6.28318530717959
2  1997 997 0 0 6.28318530717959
2  1998 999 0 0 6.28318530717959
0

0101000
+1731 0 -1731 0 *
Wi

0101100
-1732 0 +1730 0 +1729 0 -1730 0 *
Fa
0  1e-07 997 0

0111000
+1728 0 *
Wi

0101100
+1732 0 *
Fa
0  1e-07 998 0

0111000
+1726 0 *
Wi

0101100
-1729 0 *
Fa
0  1e-07 999 0

0111000
-1724 0 *
Sh

0101100
+1727 0 +1725 0 -1723 0 *
So

0100000
+1722 0 *
Ve
1e-07
135.318422940804 58.125 -21.7585936314133
0 0

0101101
*
Ed
 1e-07 1 1 0
1  1000 0 0 6.28318530717959
2  1999 1000 0 0 6.28318530717959
2  2000 1001 0 0 6.28318530717959
0

0101000
+1720 0 -1720 0 *
Ve
1e-07
154.985089607471 38.75 -41.1335936314133
0 0

0101101
*
Ed
 1e-07 1 1 0
1  1001 0 0 33.7277189827266
3  2001 2002CN 1000 0 0 33.7277189827266
0

0101000
-1720 0 +1718 0 *
Ed
 1e-07 1 1 0
1  1002 0 0 6.28318530717959
2  2003 1000 0 0 6.28318530717959
2  2004 1002 0 0 6.28318530717959
0

0101000
+1718 0 -1718 0 *
Wi

0101100
-1719 0 +1717 0 +1716 0 -1717 0 *
Fa
0  1e-07 1000 0

0111000
+1715 0 *
Wi

0101100
+1719 0 *
Fa
0  1e-07 1001 0

0111000
+1713 0 *
Wi

0101100
-1716 0 *
Fa
0  1e-07 1002 0

0111000
-1711 0 *
Sh

0101100
+1714 0 +1712 0 -1710 0 *
So

0100000
+1709 0 *
Ve
1e-07
154.985089607471 38.75 2.38359363141327
0 0

0101101
*
Ed
 1e-07 1 1 0
1  1003 0 0 6.28318530717959
2  2005 1003 0 0 6.28318530717959
2  2006 1004 0 0 6.28318530717959
0

0101000
+1707 0 -1707 0 *
Ve
1e-07
136.302061820402 19.375 -17.9898527151895
0 0

0101101
*
Ed
 1e-07 1 1 0
1  1004 0 0 33.7568284696634
3  2007 2008CN 1003 0 0 33.7568284696634
0

0101000
-1707 0 +1705 0 *
Ed
 1e-07 1 1 0
1  1005 0 0 6.28318530717959
2  2009 1003 0 0 6.28318530717959
2  2010 1005 0 0 6.28318530717959
0

0101000
+1705 0 -1705 0 *
Wi

0101100
-1706 0 +1704 0 +1703 0 -1704 0 *
Fa
0  1e-07 1003 0

0111000
+1702 0 *
Wi

0101100
+1706 0 *
Fa
0  1e-07 1004 0

0111000
+1700 0 *
Wi

0101100
-1703 0 *
Fa
0  1e-07 1005 0

0111000
-1698 0 *
Sh

0101100
+1701 0 +1699 0 -1697 0 *
So

0100000
+1696 0 *
Ve
1e-07
136.313011232793 19.375 18.0009669574447
0 0

0101101
*
Ed
 1e-07 1 1 0
1  1006 0 0 6.28318530717959
2  2011 1006 0 0 6.28318530717959
2  2012 1007 0 0 6.28318530717959
0

0101000
+1694 0 -1694 0 *
Ve
1e-07
154.985089607471 38.75 -2.38359363141327
0 0

0101101
*
Ed
 1e-07 1 1 0
1  1007 0 0 33.7574798560396
3  2013 2014CN 1006 0 0 33.7574798560396
0

0101000
-1694 0 +1692 0 *
Ed
 1e-07 1 1 0
1  1008 0 0 6.28318530717959
2  2015 1006 0 0 6.28318530717959
2  2016 1008 0 0 6.28318530717959
0

0101000
+1692 0 -1692 0 *
Wi

0101100
-1693 0 +1691 0 +1690 0 -1691 0 *
Fa
0  1e-07 1006 0

0111000
+1689 0 *
Wi

0101100
+1693 0 *
Fa
0  1e-07 1007 0

0111000
+1687 0 *
Wi

0101100
-1690 0 *
Fa
0  1e-07 1008 0

0111000
-1685 0 *
Sh

0101100
+1688 0 +1686 0 -1684 0 *
So

0100000
+1683 0 *
Ve
1e-07
140.014910392529 58.125 -21.7585936314133
0 0

0101101
*
Ed
 1e-07 1 1 0
1  1009 0 0 6.28318530717959
2  2017 1009 0 0 6.28318530717959
2  2018 1010 0 0 6.28318530717959
0

0101000
+1681 0 -1681 0 *
Ve
1e-07
159.681577059196 38.75 -2.38359363141327
0 0

0101101
*
Ed
 1e-07 1 1 0
1  1010 0 0 33.7277189827266
3  2019 2020CN 1009 0 0 33.7277189827266
0

0101000
-1681 0 +1679 0 *
Ed
 1e-07 1 1 0
1  1011 0 0 6.28318530717959
2  2021 1009 0 0 6.28318530717959
2  2022 1011 0 0 6.28318530717959
0

0101000
+1679 0 -1679 0 *
Wi

0101100
-1680 0 +1678 0 +1677 0 -1678 0 *
Fa
0  1e-07 1009 0

0111000
+1676 0 *
Wi

0101100
+1680 0 *
Fa
0  1e-07 1010 0

0111000
+1674 0 *
Wi

0101100
-1677 0 *
Fa
0  1e-07 1011 0

0111000
-1672 0 *
Sh

0101100
+1675 0 +1673 0 -1671 0 *
So

0100000
+1670 0 *
Ve
1e-07
135.318422940804 58.125 16.9914063685867
0 0

0101101
*
Ed
 1e-07 1 1 0
1  1012 0 0 6.28318530717959
2  2023 1012 0 0 6.28318530717959
2  2024 1013 0 0 6.28318530717959
0

0101000
+1668 0 -1668 0 *
Ve
1e-07
154.985089607471 38.75 -2.38359363141327
0 0

0101101
*
Ed
 1e-07 1 1 0
1  1013 0 0 33.7277189827266
3  2025 2026CN 1012 0 0 33.7277189827266
0

0101000
-1668 0 +1666 0 *
Ed
 1e-07 1 1 0
1  1014 0 0 6.28318530717959
2  2027 1012 0 0 6.28318530717959
2  2028 1014 0 0 6.28318530717959
0

0101000
+1666 0 -1666 0 *
Wi

0101100
-1667 0 +1665 0 +1664 0 -1665 0 *
Fa
0  1e-07 1012 0

0111000
+1663 0 *
Wi

0101100
+1667 0 *
Fa
0  1e-07 1013 0

0111000
+1661 0 *
Wi

0101100
-1664 0 *
Fa
0  1e-07 1014 0

0111000
-1659 0 *
Sh

0101100
+1662 0 +1660 0 -1658 0 *
So

0100000
+1657 0 *
Ve
1e-07
154.985089607471 38.75 41.1335936314133
0 0

0101101
*
Ed
 1e-07 1 1 0
1  1015 0 0 6.28318530717959
2  2029 1015 0 0 6.28318530717959
2  2030 1016 0 0 6.28318530717959
0

0101000
+1655 0 -1655 0 *
Ve
1e-07
136.313011232793 19.375 20.7490330425553
0 0

0101101
*
Ed
 1e-07 1 1 0
1  1016 0 0 33.7574798560396
3  2031 2032CN 1015 0 0 33.7574798560396
0

0101000
-1655 0 +1653 0 *
Ed
 1e-07 1 1 0
1  1017 0 0 6.28318530717959
2  2033 1015 0 0 6.28318530717959
2  2034 1017 0 0 6.28318530717959
0

0101000
+1653 0 -1653 0 *
Wi

0101100
-1654 0 +1652 0 +1651 0 -1652 0 *
Fa
0  1e-07 1015 0

0111000
+1650 0 *
Wi

0101100
+1654 0 *
Fa
0  1e-07 1016 0

0111000
+1648 0 *
Wi

0101100
-1651 0 *
Fa
0  1e-07 1017 0

0111000
-1646 0 *
Sh

0101100
+1649 0 +1647 0 -1645 0 *
So

0100000
+1644 0 *
Ve
1e-07
135.318422940804 19.375 55.7414063685867
0 0

0101101
*
Ed
 1e-07 1 1 0
1  1018 0 0 6.28318530717959
2  2035 1018 0 0 6.28318530717959
2  2036 1019 0 0 6.28318530717959
0

0101000
+1642 0 -1642 0 *
Ve
1e-07
154.985089607471 38.75 36.3664063685867
0 0

0101101
*
Ed
 1e-07 1 1 0
1  1019 0 0 33.7277189827266
3  2037 2038CN 1018 0 0 33.7277189827266
0

0101000
-1642 0 +1640 0 *
Ed
 1e-07 1 1 0
1  1020 0 0 6.28318530717959
2  2039 1018 0 0 6.28318530717959
2  2040 1020 0 0 6.28318530717959
0

0101000
+1640 0 -1640 0 *
Wi

0101100
-1641 0 +1639 0 +1638 0 -1639 0 *
Fa
0  1e-07 1018 0

0111000
+1637 0 *
Wi

0101100
+1641 0 *
Fa
0  1e-07 1019 0

0111000
+1635 0 *
Wi

0101100
-1638 0 *
Fa
0  1e-07 1020 0

0111000
-1633 0 *
Sh

0101100
+1636 0 +1634 0 -1632 0 *
So

0100000
+1631 0 *
Ve
1e-07
140.014910392529 58.125 16.9914063685867
0 0

0101101
*
Ed
 1e-07 1 1 0
1  1021 0 0 6.28318530717959
2  2041 1021 0 0 6.28318530717959
2  2042 1022 0 0 6.28318530717959
0

0101000
+1629 0 -1629 0 *
Ve
1e-07
159.681577059196 38.75 36.3664063685867
0 0

0101101
*
Ed
 1e-07 1 1 0
1  1022 0 0 33.7277189827266
3  2043 2044CN 1021 0 0 33.7277189827266
0

0101000
-1629 0 +1627 0 *
Ed
 1e-07 1 1 0
1  1023 0 0 6.28318530717959
2  2045 1021 0 0 6.28318530717959
2  2046 1023 0 0 6.28318530717959
0

0101000
+1627 0 -1627 0 *
Wi

0101100
-1628 0 +1626 0 +1625 0 -1626 0 *
Fa
0  1e-07 1021 0

0111000
+1624 0 *
Wi

0101100
+1628 0 *
Fa
0  1e-07 1022 0

0111000
+1622 0 *
Wi

0101100
-1625 0 *
Fa
0  1e-07 1023 0

0111000
-1620 0 *
Sh

0101100
+1623 0 +1621 0 -1619 0 *
So

0100000
+1618 0 *
Ve
1e-07
135.318422940804 58.125 55.7414063685867
0 0

0101101
*
Ed
 1e-07 1 1 0
1  1024 0 0 6.28318530717959
2  2047 1024 0 0 6.28318530717959
2  2048 1025 0 0 6.28318530717959
0

0101000
+1616 0 -1616 0 *
Ve
1e-07
154.985089607471 38.75 36.3664063685867
0 0

0101101
*
Ed
 1e-07 1 1 0
1  1025 0 0 33.7277189827266
3  2049 2050CN 1024 0 0 33.7277189827266
0

0101000
-1616 0 +1614 0 *
Ed
 1e-07 1 1 0
1  1026 0 0 6.28318530717959
2  2051 1024 0 0 6.28318530717959
2  2052 1026 0 0 6.28318530717959
0

0101000
+1614 0 -1614 0 *
Wi

0101100
-1615 0 +1613 0 +1612 0 -1613 0 *
Fa
0  1e-07 1024 0

0111000
+1611 0 *
Wi

0101100
+1615 0 *
Fa
0  1e-07 1025 0

0111000
+1609 0 *
Wi

0101100
-1612 0 *
Fa
0  1e-07 1026 0

0111000
-1607 0 *
Sh

0101100
+1610 0 +1608 0 -1606 0 *
So

0100000
+1605 0 *
Ve
1e-07
154.985089607471 38.75 79.8835936314133
0 0

0101101
*
Ed
 1e-07 1 1 0
1  1027 0 0 6.28318530717959
2  2053 1027 0 0 6.28318530717959
2  2054 1028 0 0 6.28318530717959
0

0101000
+1603 0 -1603 0 *
Ve
1e-07
135.318422940804 19.375 60.5085936314133
0 0

0101101
*
Ed
 1e-07 1 1 0
1  1028 0 0 33.7277189827266
3  2055 2056CN 1027 0 0 33.7277189827266
0

0101000
-1603 0 +1601 0 *
Ed
 1e-07 1 1 0
1  1029 0 0 6.28318530717959
2  2057 1027 0 0 6.28318530717959
2  2058 1029 0 0 6.28318530717959
0

0101000
+1601 0 -1601 0 *
Wi

0101100
-1602 0 +1600 0 +1599 0 -1600 0 *
Fa
0  1e-07 1027 0

0111000
+1598 0 *
Wi

0101100
+1602 0 *
Fa
0  1e-07 1028 0

0111000
+1596 0 *
Wi

0101100
-1599 0 *
Fa
0  1e-07 1029 0

0111000
-1594 0 *
Sh

0101100
+1597 0 +1595 0 -1593 0 *
So

0100000
+1592 0 *
Ve
1e-07
140.014910392529 58.125 55.7414063685867
0 0

0101101
*
Ed
 1e-07 1 1 0
1  1030 0 0 6.28318530717959
2  2059 1030 0 0 6.28318530717959
2  2060 1031 0 0 6.28318530717959
0

0101000
+1590 0 -1590 0 *
Ve
1e-07
159.681577059196 38.75 75.1164063685867
0 0

0101101
*
Ed
 1e-07 1 1 0
1  1031 0 0 33.7277189827266
3  2061 2062CN 1030 0 0 33.7277189827266
0

0101000
-1590 0 +1588 0 *
Ed
 1e-07 1 1 0
1  1032 0 0 6.28318530717959
2  2063 1030 0 0 6.28318530717959
2  2064 1032 0 0 6.28318530717959
0

0101000
+1588 0 -1588 0 *
Wi

0101100
-1589 0 +1587 0 +1586 0 -1587 0 *
Fa
0  1e-07 1030 0

0111000
+1585 0 *
Wi

0101100
+1589 0 *
Fa
0  1e-07 1031 0

0111000
+1583 0 *
Wi

0101100
-1586 0 *
Fa
0  1e-07 1032 0

0111000
-1581 0 *
Sh

0101100
+1584 0 +1582 0 -1580 0 *
So

0100000
+1579 0 *
Ve
1e-07
159.681577059196 77.5 -75.1164063685867
0 0

0101101
*
Ed
 1e-07 1 1 0
1  1033 0 0 6.28318530717959
2  2065 1033 0 0 6.28318530717959
2  2066 1034 0 0 6.28318530717959
0

0101000
+1577 0 -1577 0 *
Ve
1e-07
140.014910392529 58.125 -55.7414063685867
0 0

0101101
*
Ed
 1e-07 1 1 0
1  1034 0 0 33.7277189827266
3  2067 2068CN 1033 0 0 33.7277189827266
0

0101000
-1577 0 +1575 0 *
Ed
 1e-07 1 1 0
1  1035 0 0 6.28318530717959
2  2069 1033 0 0 6.28318530717959
2  2070 1035 0 0 6.28318530717959
0

0101000
+1575 0 -1575 0 *
Wi

0101100
-1576 0 +1574 0 +1573 0 -1574 0 *
Fa
0  1e-07 1033 0

0111000
+1572 0 *
Wi

0101100
+1576 0 *
Fa
0  1e-07 1034 0

0111000
+1570 0 *
Wi

0101100
-1573 0 *
Fa
0  1e-07 1035 0

0111000
-1568 0 *
Sh

0101100
+1571 0 +1569 0 -1567 0 *
So

0100000
+1566 0 *
Ve
1e-07
154.985089607471 77.5 -36.3664063685867
0 0

0101101
*
Ed
 1e-07 1 1 0
1  1036 0 0 6.28318530717959
2  2071 1036 0 0 6.28318530717959
2  2072 1037 0 0 6.28318530717959
0

0101000
+1564 0 -1564 0 *
Ve
1e-07
135.318422940804 58.125 -55.7414063685867
0 0

0101101
*
Ed
 1e-07 1 1 0
1  1037 0 0 33.7277189827266
3  2073 2074CN 1036 0 0 33.7277189827266
0

0101000
-1564 0 +1562 0 *
Ed
 1e-07 1 1 0
1  1038 0 0 6.28318530717959
2  2075 1036 0 0 6.28318530717959
2  2076 1038 0 0 6.28318530717959
0

0101000
+1562 0 -1562 0 *
Wi

0101100
-1563 0 +1561 0 +1560 0 -1561 0 *
Fa
0  1e-07 1036 0

0111000
+1559 0 *
Wi

0101100
+1563 0 *
Fa
0  1e-07 1037 0

0111000
+1557 0 *
Wi

0101100
-1560 0 *
Fa
0  1e-07 1038 0

0111000
-1555 0 *
Sh

0101100
+1558 0 +1556 0 -1554 0 *
So

0100000
+1553 0 *
Ve
1e-07
135.318422940804 58.125 -21.7585936314133
0 0

0101101
*
Ed
 1e-07 1 1 0
1  1039 0 0 6.28318530717959
2  2077 1039 0 0 6.28318530717959
2  2078 1040 0 0 6.28318530717959
0

0101000
+1551 0 -1551 0 *
Ve
1e-07
154.985089607471 77.5 -41.1335936314133
0 0

0101101
*
Ed
 1e-07 1 1 0
1  1040 0 0 33.7277189827266
3  2079 2080CN 1039 0 0 33.7277189827266
0

0101000
-1551 0 +1549 0 *
Ed
 1e-07 1 1 0
1  1041 0 0 6.28318530717959
2  2081 1039 0 0 6.28318530717959
2  2082 1041 0 0 6.28318530717959
0

0101000
+1549 0 -1549 0 *
Wi

0101100
-1550 0 +1548 0 +1547 0 -1548 0 *
Fa
0  1e-07 1039 0

0111000
+1546 0 *
Wi

0101100
+1550 0 *
Fa
0  1e-07 1040 0

0111000
+1544 0 *
Wi

0101100
-1547 0 *
Fa
0  1e-07 1041 0

0111000
-1542 0 *
Sh

0101100
+1545 0 +1543 0 -1541 0 *
So

0100000
+1540 0 *
Ve
1e-07
154.985089607471 77.5 2.38359363141327
0 0

0101101
*
Ed
 1e-07 1 1 0
1  1042 0 0 6.28318530717959
2  2083 1042 0 0 6.28318530717959
2  2084 1043 0 0 6.28318530717959
0

0101000
+1538 0 -1538 0 *
Ve
1e-07
135.318422940804 58.125 -16.9914063685867
0 0

0101101
*
Ed
 1e-07 1 1 0
1  1043 0 0 33.7277189827266
3  2085 2086CN 1042 0 0 33.7277189827266
0

0101000
-1538 0 +1536 0 *
Ed
 1e-07 1 1 0
1  1044 0 0 6.28318530717959
2  2087 1042 0 0 6.28318530717959
2  2088 1044 0 0 6.28318530717959
0

0101000
+1536 0 -1536 0 *
Wi

0101100
-1537 0 +1535 0 +1534 0 -1535 0 *
Fa
0  1e-07 1042 0

0111000
+1533 0 *
Wi

0101100
+1537 0 *
Fa
0  1e-07 1043 0

0111000
+1531 0 *
Wi

0101100
-1534 0 *
Fa
0  1e-07 1044 0

0111000
-1529 0 *
Sh

0101100
+1532 0 +1530 0 -1528 0 *
So

0100000
+1527 0 *
Ve
1e-07
135.318422940804 58.125 16.9914063685867
0 0

0101101
*
Ed
 1e-07 1 1 0
1  1045 0 0 6.28318530717959
2  2089 1045 0 0 6.28318530717959
2  2090 1046 0 0 6.28318530717959
0

0101000
+1525 0 -1525 0 *
Ve
1e-07
154.985089607471 77.5 -2.38359363141327
0 0

0101101
*
Ed
 1e-07 1 1 0
1  1046 0 0 33.7277189827266
3  2091 2092CN 1045 0 0 33.7277189827266
0

0101000
-1525 0 +1523 0 *
Ed
 1e-07 1 1 0
1  1047 0 0 6.28318530717959
2  2093 1045 0 0 6.28318530717959
2  2094 1047 0 0 6.28318530717959
0

0101000
+1523 0 -1523 0 *
Wi

0101100
-1524 0 +1522 0 +1521 0 -1522 0 *
Fa
0  1e-07 1045 0

0111000
+1520 0 *
Wi

0101100
+1524 0 *
Fa
0  1e-07 1046 0

0111000
+1518 0 *
Wi

0101100
-1521 0 *
Fa
0  1e-07 1047 0

0111000
-1516 0 *
Sh

0101100
+1519 0 +1517 0 -1515 0 *
So

0100000
+1514 0 *
Ve
1e-07
154.985089607471 77.5 41.1335936314133
0 0

0101101
*
Ed
 1e-07 1 1 0
1  1048 0 0 6.28318530717959
2  2095 1048 0 0 6.28318530717959
2  2096 1049 0 0 6.28318530717959
0

0101000
+1512 0 -1512 0 *
Ve
1e-07
135.318422940804 58.125 21.7585936314133
0 0

0101101
*
Ed
 1e-07 1 1 0
1  1049 0 0 33.7277189827266
3  2097 2098CN 1048 0 0 33.7277189827266
0

0101000
-1512 0 +1510 0 *
Ed
 1e-07 1 1 0
1  1050 0 0 6.28318530717959
2  2099 1048 0 0 6.28318530717959
2  2100 1050 0 0 6.28318530717959
0

0101000
+1510 0 -1510 0 *
Wi

0101100
-1511 0 +1509 0 +1508 0 -1509 0 *
Fa
0  1e-07 1048 0

0111000
+1507 0 *
Wi

0101100
+1511 0 *
Fa
0  1e-07 1049 0

0111000
+1505 0 *
Wi

0101100
-1508 0 *
Fa
0  1e-07 1050 0

0111000
-1503 0 *
Sh

0101100
+1506 0 +1504 0 -1502 0 *
So

0100000
+1501 0 *
Ve
1e-07
135.318422940804 58.125 55.7414063685867
0 0

0101101
*
Ed
 1e-07 1 1 0
1  1051 0 0 6.28318530717959
2  2101 1051 0 0 6.28318530717959
2  2102 1052 0 0 6.28318530717959
0

0101000
+1499 0 -1499 0 *
Ve
1e-07
154.985089607471 77.5 36.3664063685867
0 0

0101101
*
Ed
 1e-07 1 1 0
1  1052 0 0 33.7277189827266
3  2103 2104CN 1051 0 0 33.7277189827266
0

0101000
-1499 0 +1497 0 *
Ed
 1e-07 1 1 0
1  1053 0 0 6.28318530717959
2  2105 1051 0 0 6.28318530717959
2  2106 1053 0 0 6.28318530717959
0

0101000
+1497 0 -1497 0 *
Wi

0101100
-1498 0 +1496 0 +1495 0 -1496 0 *
Fa
0  1e-07 1051 0

0111000
+1494 0 *
Wi

0101100
+1498 0 *
Fa
0  1e-07 1052 0

0111000
+1492 0 *
Wi

0101100
-1495 0 *
Fa
0  1e-07 1053 0

0111000
-1490 0 *
Sh

0101100
+1493 0 +1491 0 -1489 0 *
So

0100000
+1488 0 *
Ve
1e-07
154.985089607471 77.5 79.8835936314133
0 0

0101101
*
Ed
 1e-07 1 1 0
1  1054 0 0 6.28318530717959
2  2107 1054 0 0 6.28318530717959
2  2108 1055 0 0 6.28318530717959
0

0101000
+1486 0 -1486 0 *
Ve
1e-07
135.318422940804 58.125 60.5085936314133
0 0

0101101
*
Ed
 1e-07 1 1 0
1  1055 0 0 33.7277189827266
3  2109 2110CN 1054 0 0 33.7277189827266
0

0101000
-1486 0 +1484 0 *
Ed
 1e-07 1 1 0
1  1056 0 0 6.28318530717959
2  2111 1054 0 0 6.28318530717959
2  2112 1056 0 0 6.28318530717959
0

0101000
+1484 0 -1484 0 *
Wi

0101100
-1485 0 +1483 0 +1482 0 -1483 0 *
Fa
0  1e-07 1054 0

0111000
+1481 0 *
Wi

0101100
+1485 0 *
Fa
0  1e-07 1055 0

0111000
+1479 0 *
Wi

0101100
-1482 0 *
Fa
0  1e-07 1056 0

0111000
-1477 0 *
Sh

0101100
+1480 0 +1478 0 -1476 0 *
So

0100000
+1475 0 *
Ve
1e-07
-157.333333333333 38.75 -74.1539923497148
0 0

0101101
*
Ed
 1e-07 1 1 1
2  2113 1057 0 0 6.28318530717959
0

0101000
+1473 0 -1473 0 *
Ve
1e-07
-157.333333333333 38.75 -80.8460076502852
0 0

0101101
*
Ed
 1e-07 1 1 0
1  1057 0 4.71238898038469 7.85398163397448
3  2114 2115CN 1057 0 4.71238898038469 7.85398163397448
0

0101000
-1473 0 +1471 0 *
Ed
 1e-07 1 1 1
2  2116 1057 0 0 6.28318530717959
0

0101000
+1471 0 -1471 0 *
Wi

0101100
-1472 0 +1470 0 +1469 0 -1470 0 *
Fa
0  1e-07 1057 0

0111000
+1468 0 *
Sh

0101100
+1467 0 *
So

0100000
+1466 0 *
Ve
1e-07
-157.333333333333 38.75 -35.4039923497148
0 0

0101101
*
Ed
 1e-07 1 1 1
2  2117 1058 0 0 6.28318530717959
0

0101000
+1464 0 -1464 0 *
Ve
1e-07
-157.333333333333 38.75 -42.0960076502852
0 0

0101101
*
Ed
 1e-07 1 1 0
1  1058 0 4.71238898038469 7.85398163397448
3  2118 2119CN 1058 0 4.71238898038469 7.85398163397448
0

0101000
-1464 0 +1462 0 *
Ed
 1e-07 1 1 1
2  2120 1058 0 0 6.28318530717959
0

0101000
+1462 0 -1462 0 *
Wi

0101100
-1463 0 +1461 0 +1460 0 -1461 0 *
Fa
0  1e-07 1058 0

0111000
+1459 0 *
Sh

0101100
+1458 0 *
So

0100000
+1457 0 *
Ve
1e-07
-118 38.75 -75.8269961748574
0 0

0101101
*
Ed
 1e-07 1 1 1
2  2121 1059 0 0 6.28318530717959
0

0101000
+1455 0 -1455 0 *
Ve
1e-07
-118 38.75 -79.1730038251426
0 0

0101101
*
Ed
 1e-07 1 1 0
1  1059 0 4.71238898038469 7.85398163397448
3  2122 2123CN 1059 0 4.71238898038469 7.85398163397448
0

0101000
-1455 0 +1453 0 *
Ed
 1e-07 1 1 1
2  2124 1059 0 0 6.28318530717959
0

0101000
+1453 0 -1453 0 *
Wi

0101100
-1454 0 +1452 0 +1451 0 -1452 0 *
Fa
0  1e-07 1059 0

0111000
+1450 0 *
Sh

0101100
+1449 0 *
So

0100000
+1448 0 *
Ve
1e-07
-118 38.75 -36.2518997963411
0 0

0101101
*
Ed
 1e-07 1 1 1
2  2125 1060 0 0 6.28318530717959
0

0101000
+1446 0 -1446 0 *
Ve
1e-07
-118 38.75 -41.2481002036589
0 0

0101101
*
Ed
 1e-07 1 1 0
1  1060 0 4.71238898038469 7.85398163397448
3  2126 2127CN 1060 0 4.71238898038469 7.85398163397448
0

0101000
-1446 0 +1444 0 *
Ed
 1e-07 1 1 1
2  2128 1060 0 0 6.28318530717959
0

0101000
+1444 0 -1444 0 *
Wi

0101100
-1445 0 +1443 0 +1442 0 -1443 0 *
Fa
0  1e-07 1060 0

0111000
+1441 0 *
Sh

0101100
+1440 0 *
So

0100000
+1439 0 *
Ve
1e-07
-157.333333333333 38.75 3.34600765028522
0 0

0101101
*
Ed
 1e-07 1 1 1
2  2129 1061 0 0 6.28318530717959
0

0101000
+1437 0 -1437 0 *
Ve
1e-07
-157.333333333333 38.75 -3.34600765028522
0 0

0101101
*
Ed
 1e-07 1 1 0
1  1061 0 4.71238898038469 7.85398163397448
3  2130 2131CN 1061 0 4.71238898038469 7.85398163397448
0

0101000
-1437 0 +1435 0 *
Ed
 1e-07 1 1 1
2  2132 1061 0 0 6.28318530717959
0

0101000
+1435 0 -1435 0 *
Wi

0101100
-1436 0 +1434 0 +1433 0 -1434 0 *
Fa
0  1e-07 1061 0

0111000
+1432 0 *
Sh

0101100
+1431 0 *
So

0100000
+1430 0 *
Ve
1e-07
-118 38.75 2.69186741848019
0 0

0101101
*
Ed
 1e-07 1 1 1
2  2133 1062 0 0 6.28318530717959
0

0101000
+1428 0 -1428 0 *
Ve
1e-07
-118 38.75 -2.69186741848019
0 0

0101101
*
Ed
 1e-07 1 1 0
1  1062 0 4.71238898038469 7.85398163397448
3  2134 2135CN 1062 0 4.71238898038469 7.85398163397448
0

0101000
-1428 0 +1426 0 *
Ed
 1e-07 1 1 1
2  2136 1062 0 0 6.28318530717959
0

0101000
+1426 0 -1426 0 *
Wi

0101100
-1427 0 +1425 0 +1424 0 -1425 0 *
Fa
0  1e-07 1062 0

0111000
+1423 0 *
Sh

0101100
+1422 0 *
So

0100000
+1421 0 *
Ve
1e-07
-157.333333333333 38.75 42.0960076502852
0 0

0101101
*
Ed
 1e-07 1 1 1
2  2137 1063 0 0 6.28318530717959
0

0101000
+1419 0 -1419 0 *
Ve
1e-07
-157.333333333333 38.75 35.4039923497148
0 0

0101101
*
Ed
 1e-07 1 1 0
1  1063 0 4.71238898038469 7.85398163397448
3  2138 2139CN 1063 0 4.71238898038469 7.85398163397448
0

0101000
-1419 0 +1417 0 *
Ed
 1e-07 1 1 1
2  2140 1063 0 0 6.28318530717959
0

0101000
+1417 0 -1417 0 *
Wi

0101100
-1418 0 +1416 0 +1415 0 -1416 0 *
Fa
0  1e-07 1063 0

0111000
+1414 0 *
Sh

0101100
+1413 0 *
So

0100000
+1412 0 *
Ve
1e-07
-118 38.75 41.247809932527
0 0

0101101
*
Ed
 1e-07 1 1 1
2  2141 1064 0 0 6.28318530717959
0

0101000
+1410 0 -1410 0 *
Ve
1e-07
-118 38.75 36.252190067473
0 0

0101101
*
Ed
 1e-07 1 1 0
1  1064 0 4.71238898038469 7.85398163397448
3  2142 2143CN 1064 0 4.71238898038469 7.85398163397448
0

0101000
-1410 0 +1408 0 *
Ed
 1e-07 1 1 1
2  2144 1064 0 0 6.28318530717959
0

0101000
+1408 0 -1408 0 *
Wi

0101100
-1409 0 +1407 0 +1406 0 -1407 0 *
Fa
0  1e-07 1064 0

0111000
+1405 0 *
Sh

0101100
+1404 0 *
So

0100000
+1403 0 *
Ve
1e-07
-157.333333333333 38.75 80.8460076502852
0 0

0101101
*
Ed
 1e-07 1 1 1
2  2145 1065 0 0 6.28318530717959
0

0101000
+1401 0 -1401 0 *
Ve
1e-07
-157.333333333333 38.75 74.1539923497148
0 0

0101101
*
Ed
 1e-07 1 1 0
1  1065 0 4.71238898038469 7.85398163397448
3  2146 2147CN 1065 0 4.71238898038469 7.85398163397448
0

0101000
-1401 0 +1399 0 *
Ed
 1e-07 1 1 1
2  2148 1065 0 0 6.28318530717959
0

0101000
+1399 0 -1399 0 *
Wi

0101100
-1400 0 +1398 0 +1397 0 -1398 0 *
Fa
0  1e-07 1065 0

0111000
+1396 0 *
Sh

0101100
+1395 0 *
So

0100000
+1394 0 *
Ve
1e-07
-118 38.75 79.1730038251426
0 0

0101101
*
Ed
 1e-07 1 1 1
2  2149 1066 0 0 6.28318530717959
0

0101000
+1392 0 -1392 0 *
Ve
1e-07
-118 38.75 75.8269961748574
0 0

0101101
*
Ed
 1e-07 1 1 0
1  1066 0 4.71238898038469 7.85398163397448
3  2150 2151CN 1066 0 4.71238898038469 7.85398163397448
0

0101000
-1392 0 +1390 0 *
Ed
 1e-07 1 1 1
2  2152 1066 0 0 6.28318530717959
0

0101000
+1390 0 -1390 0 *
Wi

0101100
-1391 0 +1389 0 +1388 0 -1389 0 *
Fa
0  1e-07 1066 0

0111000
+1387 0 *
Sh

0101100
+1386 0 *
So

0100000
+1385 0 *
Ve
1e-07
-137.666666666667 58.125 -54.7789923497148
0 0

0101101
*
Ed
 1e-07 1 1 1
2  2153 1067 0 0 6.28318530717959
0

0101000
+1383 0 -1383 0 *
Ve
1e-07
-137.666666666667 58.125 -61.4710076502852
0 0

0101101
*
Ed
 1e-07 1 1 0
1  1067 0 4.71238898038469 7.85398163397448
3  2154 2155CN 1067 0 4.71238898038469 7.85398163397448
0

0101000
-1383 0 +1381 0 *
Ed
 1e-07 1 1 1
2  2156 1067 0 0 6.28318530717959
0

0101000
+1381 0 -1381 0 *
Wi

0101100
-1382 0 +1380 0 +1379 0 -1380 0 *
Fa
0  1e-07 1067 0

0111000
+1378 0 *
Sh

0101100
+1377 0 *
So

0100000
+1376 0 *
Ve
1e-07
-157.333333333333 77.5 -74.1539923497148
0 0

0101101
*
Ed
 1e-07 1 1 1
2  2157 1068 0 0 6.28318530717959
0

0101000
+1374 0 -1374 0 *
Ve
1e-07
-157.333333333333 77.5 -80.8460076502852
0 0

0101101
*
Ed
 1e-07 1 1 0
1  1068 0 4.71238898038469 7.85398163397448
3  2158 2159CN 1068 0 4.71238898038469 7.85398163397448
0

0101000
-1374 0 +1372 0 *
Ed
 1e-07 1 1 1
2  2160 1068 0 0 6.28318530717959
0

0101000
+1372 0 -1372 0 *
Wi

0101100
-1373 0 +1371 0 +1370 0 -1371 0 *
Fa
0  1e-07 1068 0

0111000
+1369 0 *
Sh

0101100
+1368 0 *
So

0100000
+1367 0 *
Ve
1e-07
-157.333333333333 77.5 -35.4039923497148
0 0

0101101
*
Ed
 1e-07 1 1 1
2  2161 1069 0 0 6.28318530717959
0

0101000
+1365 0 -1365 0 *
Ve
1e-07
-157.333333333333 77.5 -42.0960076502852
0 0

0101101
*
Ed
 1e-07 1 1 0
1  1069 0 4.71238898038469 7.85398163397448
3  2162 2163CN 1069 0 4.71238898038469 7.85398163397448
0

0101000
-1365 0 +1363 0 *
Ed
 1e-07 1 1 1
2  2164 1069 0 0 6.28318530717959
0

0101000
+1363 0 -1363 0 *
Wi

0101100
-1364 0 +1362 0 +1361 0 -1362 0 *
Fa
0  1e-07 1069 0

0111000
+1360 0 *
Sh

0101100
+1359 0 *
So

0100000
+1358 0 *
Ve
1e-07
-118 77.5 -74.1539923497148
0 0

0101101
*
Ed
 1e-07 1 1 1
2  2165 1070 0 0 6.28318530717959
0

0101000
+1356 0 -1356 0 *
Ve
1e-07
-118 77.5 -80.8460076502852
0 0

0101101
*
Ed
 1e-07 1 1 0
1  1070 0 4.71238898038469 7.85398163397448
3  2166 2167CN 1070 0 4.71238898038469 7.85398163397448
0

0101000
-1356 0 +1354 0 *
Ed
 1e-07 1 1 1
2  2168 1070 0 0 6.28318530717959
0

0101000
+1354 0 -1354 0 *
Wi

0101100
-1355 0 +1353 0 +1352 0 -1353 0 *
Fa
0  1e-07 1070 0

0111000
+1351 0 *
Sh

0101100
+1350 0 *
So

0100000
+1349 0 *
Ve
1e-07
-118 77.5 -35.4039923497148
0 0

0101101
*
Ed
 1e-07 1 1 1
2  2169 1071 0 0 6.28318530717959
0

0101000
+1347 0 -1347 0 *
Ve
1e-07
-118 77.5 -42.0960076502852
0 0

0101101
*
Ed
 1e-07 1 1 0
1  1071 0 4.71238898038469 7.85398163397448
3  2170 2171CN 1071 0 4.71238898038469 7.85398163397448
0

0101000
-1347 0 +1345 0 *
Ed
 1e-07 1 1 1
2  2172 1071 0 0 6.28318530717959
0

0101000
+1345 0 -1345 0 *
Wi

0101100
-1346 0 +1344 0 +1343 0 -1344 0 *
Fa
0  1e-07 1071 0

0111000
+1342 0 *
Sh

0101100
+1341 0 *
So

0100000
+1340 0 *
Ve
1e-07
-137.666666666667 58.125 -16.0289923497148
0 0

0101101
*
Ed
 1e-07 1 1 1
2  2173 1072 0 0 6.28318530717959
0

0101000
+1338 0 -1338 0 *
Ve
1e-07
-137.666666666667 58.125 -22.7210076502852
0 0

0101101
*
Ed
 1e-07 1 1 0
1  1072 0 4.71238898038469 7.85398163397448
3  2174 2175CN 1072 0 4.71238898038469 7.85398163397448
0

0101000
-1338 0 +1336 0 *
Ed
 1e-07 1 1 1
2  2176 1072 0 0 6.28318530717959
0

0101000
+1336 0 -1336 0 *
Wi

0101100
-1337 0 +1335 0 +1334 0 -1335 0 *
Fa
0  1e-07 1072 0

0111000
+1333 0 *
Sh

0101100
+1332 0 *
So

0100000
+1331 0 *
Ve
1e-07
-157.333333333333 77.5 3.34600765028522
0 0

0101101
*
Ed
 1e-07 1 1 1
2  2177 1073 0 0 6.28318530717959
0

0101000
+1329 0 -1329 0 *
Ve
1e-07
-157.333333333333 77.5 -3.34600765028522
0 0

0101101
*
Ed
 1e-07 1 1 0
1  1073 0 4.71238898038469 7.85398163397448
3  2178 2179CN 1073 0 4.71238898038469 7.85398163397448
0

0101000
-1329 0 +1327 0 *
Ed
 1e-07 1 1 1
2  2180 1073 0 0 6.28318530717959
0

0101000
+1327 0 -1327 0 *
Wi

0101100
-1328 0 +1326 0 +1325 0 -1326 0 *
Fa
0  1e-07 1073 0

0111000
+1324 0 *
Sh

0101100
+1323 0 *
So

0100000
+1322 0 *
Ve
1e-07
-118 77.5 3.34600765028522
0 0

0101101
*
Ed
 1e-07 1 1 1
2  2181 1074 0 0 6.28318530717959
0

0101000
+1320 0 -1320 0 *
Ve
1e-07
-118 77.5 -3.34600765028522
0 0

0101101
*
Ed
 1e-07 1 1 0
1  1074 0 4.71238898038469 7.85398163397448
3  2182 2183CN 1074 0 4.71238898038469 7.85398163397448
0

0101000
-1320 0 +1318 0 *
Ed
 1e-07 1 1 1
2  2184 1074 0 0 6.28318530717959
0

0101000
+1318 0 -1318 0 *
Wi

0101100
-1319 0 +1317 0 +1316 0 -1317 0 *
Fa
0  1e-07 1074 0

0111000
+1315 0 *
Sh

0101100
+1314 0 *
So

0100000
+1313 0 *
Ve
1e-07
-137.666666666667 58.125 22.7210076502852
0 0

0101101
*
Ed
 1e-07 1 1 1
2  2185 1075 0 0 6.28318530717959
0

0101000
+1311 0 -1311 0 *
Ve
1e-07
-137.666666666667 58.125 16.0289923497148
0 0

0101101
*
Ed
 1e-07 1 1 0
1  1075 0 4.71238898038469 7.85398163397448
3  2186 2187CN 1075 0 4.71238898038469 7.85398163397448
0

0101000
-1311 0 +1309 0 *
Ed
 1e-07 1 1 1
2  2188 1075 0 0 6.28318530717959
0

0101000
+1309 0 -1309 0 *
Wi

0101100
-1310 0 +1308 0 +1307 0 -1308 0 *
Fa
0  1e-07 1075 0

0111000
+1306 0 *
Sh

0101100
+1305 0 *
So

0100000
+1304 0 *
Ve
1e-07
-157.333333333333 77.5 42.0960076502852
0 0

0101101
*
Ed
 1e-07 1 1 1
2  2189 1076 0 0 6.28318530717959
0

0101000
+1302 0 -1302 0 *
Ve
1e-07
-157.333333333333 77.5 35.4039923497148
0 0

0101101
*
Ed
 1e-07 1 1 0
1  1076 0 4.71238898038469 7.85398163397448
3  2190 2191CN 1076 0 4.71238898038469 7.85398163397448
0

0101000
-1302 0 +1300 0 *
Ed
 1e-07 1 1 1
2  2192 1076 0 0 6.28318530717959
0

0101000
+1300 0 -1300 0 *
Wi

0101100
-1301 0 +1299 0 +1298 0 -1299 0 *
Fa
0  1e-07 1076 0

0111000
+1297 0 *
Sh

0101100
+1296 0 *
So

0100000
+1295 0 *
Ve
1e-07
-118 77.5 42.0960076502852
0 0

0101101
*
Ed
 1e-07 1 1 1
2  2193 1077 0 0 6.28318530717959
0

0101000
+1293 0 -1293 0 *
Ve
1e-07
-118 77.5 35.4039923497148
0 0

0101101
*
Ed
 1e-07 1 1 0
1  1077 0 4.71238898038469 7.85398163397448
3  2194 2195CN 1077 0 4.71238898038469 7.85398163397448
0

0101000
-1293 0 +1291 0 *
Ed
 1e-07 1 1 1
2  2196 1077 0 0 6.28318530717959
0

0101000
+1291 0 -1291 0 *
Wi

0101100
-1292 0 +1290 0 +1289 0 -1290 0 *
Fa
0  1e-07 1077 0

0111000
+1288 0 *
Sh

0101100
+1287 0 *
So

0100000
+1286 0 *
Ve
1e-07
-137.666666666667 58.125 61.4710076502852
0 0

0101101
*
Ed
 1e-07 1 1 1
2  2197 1078 0 0 6.28318530717959
0

0101000
+1284 0 -1284 0 *
Ve
1e-07
-137.666666666667 58.125 54.7789923497148
0 0

0101101
*
Ed
 1e-07 1 1 0
1  1078 0 4.71238898038469 7.85398163397448
3  2198 2199CN 1078 0 4.71238898038469 7.85398163397448
0

0101000
-1284 0 +1282 0 *
Ed
 1e-07 1 1 1
2  2200 1078 0 0 6.28318530717959
0

0101000
+1282 0 -1282 0 *
Wi

0101100
-1283 0 +1281 0 +1280 0 -1281 0 *
Fa
0  1e-07 1078 0

0111000
+1279 0 *
Sh

0101100
+1278 0 *
So

0100000
+1277 0 *
Ve
1e-07
-157.333333333333 77.5 80.8460076502852
0 0

0101101
*
Ed
 1e-07 1 1 1
2  2201 1079 0 0 6.28318530717959
0

0101000
+1275 0 -1275 0 *
Ve
1e-07
-157.333333333333 77.5 74.1539923497148
0 0

0101101
*
Ed
 1e-07 1 1 0
1  1079 0 4.71238898038469 7.85398163397448
3  2202 2203CN 1079 0 4.71238898038469 7.85398163397448
0

0101000
-1275 0 +1273 0 *
Ed
 1e-07 1 1 1
2  2204 1079 0 0 6.28318530717959
0

0101000
+1273 0 -1273 0 *
Wi

0101100
-1274 0 +1272 0 +1271 0 -1272 0 *
Fa
0  1e-07 1079 0

0111000
+1270 0 *
Sh

0101100
+1269 0 *
So

0100000
+1268 0 *
Ve
1e-07
-118 77.5 80.8460076502852
0 0

0101101
*
Ed
 1e-07 1 1 1
2  2205 1080 0 0 6.28318530717959
0

0101000
+1266 0 -1266 0 *
Ve
1e-07
-118 77.5 74.1539923497148
0 0

0101101
*
Ed
 1e-07 1 1 0
1  1080 0 4.71238898038469 7.85398163397448
3  2206 2207CN 1080 0 4.71238898038469 7.85398163397448
0

0101000
-1266 0 +1264 0 *
Ed
 1e-07 1 1 1
2  2208 1080 0 0 6.28318530717959
0

0101000
+1264 0 -1264 0 *
Wi

0101100
-1265 0 +1263 0 +1262 0 -1263 0 *
Fa
0  1e-07 1080 0

0111000
+1261 0 *
Sh

0101100
+1260 0 *
So

0100000
+1259 0 *
Ve
1e-07
-78.6666666666667 38.75 -74.4158922666723
0 0

0101101
*
Ed
 1e-07 1 1 1
2  2209 1081 0 0 6.28318530717959
0

0101000
+1257 0 -1257 0 *
Ve
1e-07
-78.6666666666667 38.75 -80.5841077333277
0 0

0101101
*
Ed
 1e-07 1 1 0
1  1081 0 4.71238898038469 7.85398163397448
3  2210 2211CN 1081 0 4.71238898038469 7.85398163397448
0

0101000
-1257 0 +1255 0 *
Ed
 1e-07 1 1 1
2  2212 1081 0 0 6.28318530717959
0

0101000
+1255 0 -1255 0 *
Wi

0101100
-1256 0 +1254 0 +1253 0 -1254 0 *
Fa
0  1e-07 1081 0

0111000
+1252 0 *
Sh

0101100
+1251 0 *
So

0100000
+1250 0 *
Ve
1e-07
-78.6666666666667 38.75 -35.4039923497148
0 0

0101101
*
Ed
 1e-07 1 1 1
2  2213 1082 0 0 6.28318530717959
0

0101000
+1248 0 -1248 0 *
Ve
1e-07
-78.6666666666667 38.75 -42.0960076502852
0 0

0101101
*
Ed
 1e-07 1 1 0
1  1082 0 4.71238898038469 7.85398163397448
3  2214 2215CN 1082 0 4.71238898038469 7.85398163397448
0

0101000
-1248 0 +1246 0 *
Ed
 1e-07 1 1 1
2  2216 1082 0 0 6.28318530717959
0

0101000
+1246 0 -1246 0 *
Wi

0101100
-1247 0 +1245 0 +1244 0 -1245 0 *
Fa
0  1e-07 1082 0

0111000
+1243 0 *
Sh

0101100
+1242 0 *
So

0100000
+1241 0 *
Ve
1e-07
-78.6666666666667 38.75 3.34600765028522
0 0

0101101
*
Ed
 1e-07 1 1 1
2  2217 1083 0 0 6.28318530717959
0

0101000
+1239 0 -1239 0 *
Ve
1e-07
-78.6666666666667 38.75 -3.34600765028522
0 0

0101101
*
Ed
 1e-07 1 1 0
1  1083 0 4.71238898038469 7.85398163397448
3  2218 2219CN 1083 0 4.71238898038469 7.85398163397448
0

0101000
-1239 0 +1237 0 *
Ed
 1e-07 1 1 1
2  2220 1083 0 0 6.28318530717959
0

0101000
+1237 0 -1237 0 *
Wi

0101100
-1238 0 +1236 0 +1235 0 -1236 0 *
Fa
0  1e-07 1083 0

0111000
+1234 0 *
Sh

0101100
+1233 0 *
So

0100000
+1232 0 *
Ve
1e-07
-78.6666666666667 38.75 42.0960076502852
0 0

0101101
*
Ed
 1e-07 1 1 1
2  2221 1084 0 0 6.28318530717959
0

0101000
+1230 0 -1230 0 *
Ve
1e-07
-78.6666666666667 38.75 35.4039923497148
0 0

0101101
*
Ed
 1e-07 1 1 0
1  1084 0 4.71238898038469 7.85398163397448
3  2222 2223CN 1084 0 4.71238898038469 7.85398163397448
0

0101000
-1230 0 +1228 0 *
Ed
 1e-07 1 1 1
2  2224 1084 0 0 6.28318530717959
0

0101000
+1228 0 -1228 0 *
Wi

0101100
-1229 0 +1227 0 +1226 0 -1227 0 *
Fa
0  1e-07 1084 0

0111000
+1225 0 *
Sh

0101100
+1224 0 *
So

0100000
+1223 0 *
Ve
1e-07
-78.6666666666667 38.75 80.5843249509475
0 0

0101101
*
Ed
 1e-07 1 1 1
2  2225 1085 0 0 6.28318530717959
0

0101000
+1221 0 -1221 0 *
Ve
1e-07
-78.6666666666667 38.75 74.4156750490525
0 0

0101101
*
Ed
 1e-07 1 1 0
1  1085 0 4.71238898038469 7.85398163397448
3  2226 2227CN 1085 0 4.71238898038469 7.85398163397448
0

0101000
-1221 0 +1219 0 *
Ed
 1e-07 1 1 1
2  2228 1085 0 0 6.28318530717959
0

0101000
+1219 0 -1219 0 *
Wi

0101100
-1220 0 +1218 0 +1217 0 -1218 0 *
Fa
0  1e-07 1085 0

0111000
+1216 0 *
Sh

0101100
+1215 0 *
So

0100000
+1214 0 *
Ve
1e-07
-98.3333333333333 58.125 -54.7789923497148
0 0

0101101
*
Ed
 1e-07 1 1 1
2  2229 1086 0 0 6.28318530717959
0

0101000
+1212 0 -1212 0 *
Ve
1e-07
-98.3333333333333 58.125 -61.4710076502852
0 0

0101101
*
Ed
 1e-07 1 1 0
1  1086 0 4.71238898038469 7.85398163397448
3  2230 2231CN 1086 0 4.71238898038469 7.85398163397448
0

0101000
-1212 0 +1210 0 *
Ed
 1e-07 1 1 1
2  2232 1086 0 0 6.28318530717959
0

0101000
+1210 0 -1210 0 *
Wi

0101100
-1211 0 +1209 0 +1208 0 -1209 0 *
Fa
0  1e-07 1086 0

0111000
+1207 0 *
Sh

0101100
+1206 0 *
So

0100000
+1205 0 *
Ve
1e-07
-78.6666666666667 77.5 -75.8269961748574
0 0

0101101
*
Ed
 1e-07 1 1 1
2  2233 1087 0 0 6.28318530717959
0

0101000
+1203 0 -1203 0 *
Ve
1e-07
-78.6666666666667 77.5 -79.1730038251426
0 0

0101101
*
Ed
 1e-07 1 1 0
1  1087 0 4.71238898038469 7.85398163397448
3  2234 2235CN 1087 0 4.71238898038469 7.85398163397448
0

0101000
-1203 0 +1201 0 *
Ed
 1e-07 1 1 1
2  2236 1087 0 0 6.28318530717959
0

0101000
+1201 0 -1201 0 *
Wi

0101100
-1202 0 +1200 0 +1199 0 -1200 0 *
Fa
0  1e-07 1087 0

0111000
+1198 0 *
Sh

0101100
+1197 0 *
So

0100000
+1196 0 *
Ve
1e-07
-78.6666666666667 77.5 -35.4039923497148
0 0

0101101
*
Ed
 1e-07 1 1 1
2  2237 1088 0 0 6.28318530717959
0

0101000
+1194 0 -1194 0 *
Ve
1e-07
-78.6666666666667 77.5 -42.0960076502852
0 0

0101101
*
Ed
 1e-07 1 1 0
1  1088 0 4.71238898038469 7.85398163397448
3  2238 2239CN 1088 0 4.71238898038469 7.85398163397448
0

0101000
-1194 0 +1192 0 *
Ed
 1e-07 1 1 1
2  2240 1088 0 0 6.28318530717959
0

0101000
+1192 0 -1192 0 *
Wi

0101100
-1193 0 +1191 0 +1190 0 -1191 0 *
Fa
0  1e-07 1088 0

0111000
+1189 0 *
Sh

0101100
+1188 0 *
So

0100000
+1187 0 *
Ve
1e-07
-98.3333333333333 58.125 -16.0289923497148
0 0

0101101
*
Ed
 1e-07 1 1 1
2  2241 1089 0 0 6.28318530717959
0

0101000
+1185 0 -1185 0 *
Ve
1e-07
-98.3333333333333 58.125 -22.7210076502852
0 0

0101101
*
Ed
 1e-07 1 1 0
1  1089 0 4.71238898038469 7.85398163397448
3  2242 2243CN 1089 0 4.71238898038469 7.85398163397448
0

0101000
-1185 0 +1183 0 *
Ed
 1e-07 1 1 1
2  2244 1089 0 0 6.28318530717959
0

0101000
+1183 0 -1183 0 *
Wi

0101100
-1184 0 +1182 0 +1181 0 -1182 0 *
Fa
0  1e-07 1089 0

0111000
+1180 0 *
Sh

0101100
+1179 0 *
So

0100000
+1178 0 *
Ve
1e-07
-78.6666666666667 77.5 3.34600765028522
0 0

0101101
*
Ed
 1e-07 1 1 1
2  2245 1090 0 0 6.28318530717959
0

0101000
+1176 0 -1176 0 *
Ve
1e-07
-78.6666666666667 77.5 -3.34600765028522
0 0

0101101
*
Ed
 1e-07 1 1 0
1  1090 0 4.71238898038469 7.85398163397448
3  2246 2247CN 1090 0 4.71238898038469 7.85398163397448
0

0101000
-1176 0 +1174 0 *
Ed
 1e-07 1 1 1
2  2248 1090 0 0 6.28318530717959
0

0101000
+1174 0 -1174 0 *
Wi

0101100
-1175 0 +1173 0 +1172 0 -1173 0 *
Fa
0  1e-07 1090 0

0111000
+1171 0 *
Sh

0101100
+1170 0 *
So

0100000
+1169 0 *
Ve
1e-07
-98.3333333333333 58.125 22.7210076502852
0 0

0101101
*
Ed
 1e-07 1 1 1
2  2249 1091 0 0 6.28318530717959
0

0101000
+1167 0 -1167 0 *
Ve
1e-07
-98.3333333333333 58.125 16.0289923497148
0 0

0101101
*
Ed
 1e-07 1 1 0
1  1091 0 4.71238898038469 7.85398163397448
3  2250 2251CN 1091 0 4.71238898038469 7.85398163397448
0

0101000
-1167 0 +1165 0 *
Ed
 1e-07 1 1 1
2  2252 1091 0 0 6.28318530717959
0

0101000
+1165 0 -1165 0 *
Wi

0101100
-1166 0 +1164 0 +1163 0 -1164 0 *
Fa
0  1e-07 1091 0

0111000
+1162 0 *
Sh

0101100
+1161 0 *
So

0100000
+1160 0 *
Ve
1e-07
-78.6666666666667 77.5 42.0960076502852
0 0

0101101
*
Ed
 1e-07 1 1 1
2  2253 1092 0 0 6.28318530717959
0

0101000
+1158 0 -1158 0 *
Ve
1e-07
-78.6666666666667 77.5 35.4039923497148
0 0

0101101
*
Ed
 1e-07 1 1 0
1  1092 0 4.71238898038469 7.85398163397448
3  2254 2255CN 1092 0 4.71238898038469 7.85398163397448
0

0101000
-1158 0 +1156 0 *
Ed
 1e-07 1 1 1
2  2256 1092 0 0 6.28318530717959
0

0101000
+1156 0 -1156 0 *
Wi

0101100
-1157 0 +1155 0 +1154 0 -1155 0 *
Fa
0  1e-07 1092 0

0111000
+1153 0 *
Sh

0101100
+1152 0 *
So

0100000
+1151 0 *
Ve
1e-07
-98.3333333333333 58.125 61.4710076502852
0 0

0101101
*
Ed
 1e-07 1 1 1
2  2257 1093 0 0 6.28318530717959
0

0101000
+1149 0 -1149 0 *
Ve
1e-07
-98.3333333333333 58.125 54.7789923497148
0 0

0101101
*
Ed
 1e-07 1 1 0
1  1093 0 4.71238898038469 7.85398163397448
3  2258 2259CN 1093 0 4.71238898038469 7.85398163397448
0

0101000
-1149 0 +1147 0 *
Ed
 1e-07 1 1 1
2  2260 1093 0 0 6.28318530717959
0

0101000
+1147 0 -1147 0 *
Wi

0101100
-1148 0 +1146 0 +1145 0 -1146 0 *
Fa
0  1e-07 1093 0

0111000
+1144 0 *
Sh

0101100
+1143 0 *
So

0100000
+1142 0 *
Ve
1e-07
-78.6666666666667 77.5 79.1730038251426
0 0

0101101
*
Ed
 1e-07 1 1 1
2  2261 1094 0 0 6.28318530717959
0

0101000
+1140 0 -1140 0 *
Ve
1e-07
-78.6666666666667 77.5 75.8269961748574
0 0

0101101
*
Ed
 1e-07 1 1 0
1  1094 0 4.71238898038469 7.85398163397448
3  2262 2263CN 1094 0 4.71238898038469 7.85398163397448
0

0101000
-1140 0 +1138 0 *
Ed
 1e-07 1 1 1
2  2264 1094 0 0 6.28318530717959
0

0101000
+1138 0 -1138 0 *
Wi

0101100
-1139 0 +1137 0 +1136 0 -1137 0 *
Fa
0  1e-07 1094 0

0111000
+1135 0 *
Sh

0101100
+1134 0 *
So

0100000
+1133 0 *
Ve
1e-07
-39.3333333333333 38.75 -74.1539923497148
0 0

0101101
*
Ed
 1e-07 1 1 1
2  2265 1095 0 0 6.28318530717959
0

0101000
+1131 0 -1131 0 *
Ve
1e-07
-39.3333333333333 38.75 -80.8460076502852
0 0

0101101
*
Ed
 1e-07 1 1 0
1  1095 0 4.71238898038469 7.85398163397448
3  2266 2267CN 1095 0 4.71238898038469 7.85398163397448
0

0101000
-1131 0 +1129 0 *
Ed
 1e-07 1 1 1
2  2268 1095 0 0 6.28318530717959
0

0101000
+1129 0 -1129 0 *
Wi

0101100
-1130 0 +1128 0 +1127 0 -1128 0 *
Fa
0  1e-07 1095 0

0111000
+1126 0 *
Sh

0101100
+1125 0 *
So

0100000
+1124 0 *
Ve
1e-07
-39.3333333333333 38.75 -35.4039923497148
0 0

0101101
*
Ed
 1e-07 1 1 1
2  2269 1096 0 0 6.28318530717959
0

0101000
+1122 0 -1122 0 *
Ve
1e-07
-39.3333333333333 38.75 -42.0960076502852
0 0

0101101
*
Ed
 1e-07 1 1 0
1  1096 0 4.71238898038469 7.85398163397448
3  2270 2271CN 1096 0 4.71238898038469 7.85398163397448
0

0101000
-1122 0 +1120 0 *
Ed
 1e-07 1 1 1
2  2272 1096 0 0 6.28318530717959
0

0101000
+1120 0 -1120 0 *
Wi

0101100
-1121 0 +1119 0 +1118 0 -1119 0 *
Fa
0  1e-07 1096 0

0111000
+1117 0 *
Sh

0101100
+1116 0 *
So

0100000
+1115 0 *
Ve
1e-07
-59 19.375 -17.2826232438332
0 0

0101101
*
Ed
 1e-07 1 1 1
2  2273 1097 0 0 6.28318530717959
0

0101000
+1113 0 -1113 0 *
Ve
1e-07
-59 19.375 -21.4673767561668
0 0

0101101
*
Ed
 1e-07 1 1 0
1  1097 0 4.71238898038469 7.85398163397448
3  2274 2275CN 1097 0 4.71238898038469 7.85398163397448
0

0101000
-1113 0 +1111 0 *
Ed
 1e-07 1 1 1
2  2276 1097 0 0 6.28318530717959
0

0101000
+1111 0 -1111 0 *
Wi

0101100
-1112 0 +1110 0 +1109 0 -1110 0 *
Fa
0  1e-07 1097 0

0111000
+1108 0 *
Sh

0101100
+1107 0 *
So

0100000
+1106 0 *
Ve
1e-07
-39.3333333333333 38.75 3.34600765028522
0 0

0101101
*
Ed
 1e-07 1 1 1
2  2277 1098 0 0 6.28318530717959
0

0101000
+1104 0 -1104 0 *
Ve
1e-07
-39.3333333333333 38.75 -3.34600765028522
0 0

0101101
*
Ed
 1e-07 1 1 0
1  1098 0 4.71238898038469 7.85398163397448
3  2278 2279CN 1098 0 4.71238898038469 7.85398163397448
0

0101000
-1104 0 +1102 0 *
Ed
 1e-07 1 1 1
2  2280 1098 0 0 6.28318530717959
0

0101000
+1102 0 -1102 0 *
Wi

0101100
-1103 0 +1101 0 +1100 0 -1101 0 *
Fa
0  1e-07 1098 0

0111000
+1099 0 *
Sh

0101100
+1098 0 *
So

0100000
+1097 0 *
Ve
1e-07
-59 19.375 21.4679386407504
0 0

0101101
*
Ed
 1e-07 1 1 1
2  2281 1099 0 0 6.28318530717959
0

0101000
+1095 0 -1095 0 *
Ve
1e-07
-59 19.375 17.2820613592496
0 0

0101101
*
Ed
 1e-07 1 1 0
1  1099 0 4.71238898038469 7.85398163397448
3  2282 2283CN 1099 0 4.71238898038469 7.85398163397448
0

0101000
-1095 0 +1093 0 *
Ed
 1e-07 1 1 1
2  2284 1099 0 0 6.28318530717959
0

0101000
+1093 0 -1093 0 *
Wi

0101100
-1094 0 +1092 0 +1091 0 -1092 0 *
Fa
0  1e-07 1099 0

0111000
+1090 0 *
Sh

0101100
+1089 0 *
So

0100000
+1088 0 *
Ve
1e-07
-39.3333333333333 38.75 42.0960076502852
0 0

0101101
*
Ed
 1e-07 1 1 1
2  2285 1100 0 0 6.28318530717959
0

0101000
+1086 0 -1086 0 *
Ve
1e-07
-39.3333333333333 38.75 35.4039923497148
0 0

0101101
*
Ed
 1e-07 1 1 0
1  1100 0 4.71238898038469 7.85398163397448
3  2286 2287CN 1100 0 4.71238898038469 7.85398163397448
0

0101000
-1086 0 +1084 0 *
Ed
 1e-07 1 1 1
2  2288 1100 0 0 6.28318530717959
0

0101000
+1084 0 -1084 0 *
Wi

0101100
-1085 0 +1083 0 +1082 0 -1083 0 *
Fa
0  1e-07 1100 0

0111000
+1081 0 *
Sh

0101100
+1080 0 *
So

0100000
+1079 0 *
Ve
1e-07
-39.3333333333333 38.75 80.8460076502852
0 0

0101101
*
Ed
 1e-07 1 1 1
2  2289 1101 0 0 6.28318530717959
0

0101000
+1077 0 -1077 0 *
Ve
1e-07
-39.3333333333333 38.75 74.1539923497148
0 0

0101101
*
Ed
 1e-07 1 1 0
1  1101 0 4.71238898038469 7.85398163397448
3  2290 2291CN 1101 0 4.71238898038469 7.85398163397448
0

0101000
-1077 0 +1075 0 *
Ed
 1e-07 1 1 1
2  2292 1101 0 0 6.28318530717959
0

0101000
+1075 0 -1075 0 *
Wi

0101100
-1076 0 +1074 0 +1073 0 -1074 0 *
Fa
0  1e-07 1101 0

0111000
+1072 0 *
Sh

0101100
+1071 0 *
So

0100000
+1070 0 *
Ve
1e-07
-59 58.125 -54.7789923497148
0 0

0101101
*
Ed
 1e-07 1 1 1
2  2293 1102 0 0 6.28318530717959
0

0101000
+1068 0 -1068 0 *
Ve
1e-07
-59 58.125 -61.4710076502852
0 0

0101101
*
Ed
 1e-07 1 1 0
1  1102 0 4.71238898038469 7.85398163397448
3  2294 2295CN 1102 0 4.71238898038469 7.85398163397448
0

0101000
-1068 0 +1066 0 *
Ed
 1e-07 1 1 1
2  2296 1102 0 0 6.28318530717959
0

0101000
+1066 0 -1066 0 *
Wi

0101100
-1067 0 +1065 0 +1064 0 -1065 0 *
Fa
0  1e-07 1102 0

0111000
+1063 0 *
Sh

0101100
+1062 0 *
So

0100000
+1061 0 *
Ve
1e-07
-39.3333333333333 77.5 -37.0185907343771
0 0

0101101
*
Ed
 1e-07 1 1 1
2  2297 1103 0 0 6.28318530717959
0

0101000
+1059 0 -1059 0 *
Ve
1e-07
-39.3333333333333 77.5 -40.4814092656229
0 0

0101101
*
Ed
 1e-07 1 1 0
1  1103 0 4.71238898038469 7.85398163397448
3  2298 2299CN 1103 0 4.71238898038469 7.85398163397448
0

0101000
-1059 0 +1057 0 *
Ed
 1e-07 1 1 1
2  2300 1103 0 0 6.28318530717959
0

0101000
+1057 0 -1057 0 *
Wi

0101100
-1058 0 +1056 0 +1055 0 -1056 0 *
Fa
0  1e-07 1103 0

0111000
+1054 0 *
Sh

0101100
+1053 0 *
So

0100000
+1052 0 *
Ve
1e-07
-59 58.125 -16.0289923497148
0 0

0101101
*
Ed
 1e-07 1 1 1
2  2301 1104 0 0 6.28318530717959
0

0101000
+1050 0 -1050 0 *
Ve
1e-07
-59 58.125 -22.7210076502852
0 0

0101101
*
Ed
 1e-07 1 1 0
1  1104 0 4.71238898038469 7.85398163397448
3  2302 2303CN 1104 0 4.71238898038469 7.85398163397448
0

0101000
-1050 0 +1048 0 *
Ed
 1e-07 1 1 1
2  2304 1104 0 0 6.28318530717959
0

0101000
+1048 0 -1048 0 *
Wi

0101100
-1049 0 +1047 0 +1046 0 -1047 0 *
Fa
0  1e-07 1104 0

0111000
+1045 0 *
Sh

0101100
+1044 0 *
So

0100000
+1043 0 *
Ve
1e-07
-39.3333333333333 77.5 3.14066568887667
0 0

0101101
*
Ed
 1e-07 1 1 1
2  2305 1105 0 0 6.28318530717959
0

0101000
+1041 0 -1041 0 *
Ve
1e-07
-39.3333333333333 77.5 -3.14066568887667
0 0

0101101
*
Ed
 1e-07 1 1 0
1  1105 0 4.71238898038469 7.85398163397448
3  2306 2307CN 1105 0 4.71238898038469 7.85398163397448
0

0101000
-1041 0 +1039 0 *
Ed
 1e-07 1 1 1
2  2308 1105 0 0 6.28318530717959
0

0101000
+1039 0 -1039 0 *
Wi

0101100
-1040 0 +1038 0 +1037 0 -1038 0 *
Fa
0  1e-07 1105 0

0111000
+1036 0 *
Sh

0101100
+1035 0 *
So

0100000
+1034 0 *
Ve
1e-07
-59 58.125 22.7210076502852
0 0

0101101
*
Ed
 1e-07 1 1 1
2  2309 1106 0 0 6.28318530717959
0

0101000
+1032 0 -1032 0 *
Ve
1e-07
-59 58.125 16.0289923497148
0 0

0101101
*
Ed
 1e-07 1 1 0
1  1106 0 4.71238898038469 7.85398163397448
3  2310 2311CN 1106 0 4.71238898038469 7.85398163397448
0

0101000
-1032 0 +1030 0 *
Ed
 1e-07 1 1 1
2  2312 1106 0 0 6.28318530717959
0

0101000
+1030 0 -1030 0 *
Wi

0101100
-1031 0 +1029 0 +1028 0 -1029 0 *
Fa
0  1e-07 1106 0

0111000
+1027 0 *
Sh

0101100
+1026 0 *
So

0100000
+1025 0 *
Ve
1e-07
-39.3333333333333 77.5 40.4834036820756
0 0

0101101
*
Ed
 1e-07 1 1 1
2  2313 1107 0 0 6.28318530717959
0

0101000
+1023 0 -1023 0 *
Ve
1e-07
-39.3333333333333 77.5 37.0165963179244
0 0

0101101
*
Ed
 1e-07 1 1 0
1  1107 0 4.71238898038469 7.85398163397448
3  2314 2315CN 1107 0 4.71238898038469 7.85398163397448
0

0101000
-1023 0 +1021 0 *
Ed
 1e-07 1 1 1
2  2316 1107 0 0 6.28318530717959
0

0101000
+1021 0 -1021 0 *
Wi

0101100
-1022 0 +1020 0 +1019 0 -1020 0 *
Fa
0  1e-07 1107 0

0111000
+1018 0 *
Sh

0101100
+1017 0 *
So

0100000
+1016 0 *
Ve
1e-07
-59 58.125 61.4710076502852
0 0

0101101
*
Ed
 1e-07 1 1 1
2  2317 1108 0 0 6.28318530717959
0

0101000
+1014 0 -1014 0 *
Ve
1e-07
-59 58.125 54.7789923497148
0 0

0101101
*
Ed
 1e-07 1 1 0
1  1108 0 4.71238898038469 7.85398163397448
3  2318 2319CN 1108 0 4.71238898038469 7.85398163397448
0

0101000
-1014 0 +1012 0 *
Ed
 1e-07 1 1 1
2  2320 1108 0 0 6.28318530717959
0

0101000
+1012 0 -1012 0 *
Wi

0101100
-1013 0 +1011 0 +1010 0 -1011 0 *
Fa
0  1e-07 1108 0

0111000
+1009 0 *
Sh

0101100
+1008 0 *
So

0100000
+1007 0 *
Ve
1e-07
1.67266890595258e-16 -4.09685724341628e-32 2.73167562617591
0 0

0101101
*
Ed
 1e-07 1 1 1
2  2321 1109 0 0 6.28318530717959
0

0101000
+1005 0 -1005 0 *
Ve
1e-07
1.67266890595258e-16 -4.09685724341628e-32 -2.73167562617591
0 0

0101101
*
Ed
 1e-07 1 1 0
1  1109 0 4.71238898038469 7.85398163397448
3  2322 2323CN 1109 0 4.71238898038469 7.85398163397448
0

0101000
-1005 0 +1003 0 *
Ed
 1e-07 1 1 1
2  2324 1109 0 0 6.28318530717959
0

0101000
+1003 0 -1003 0 *
Wi

0101100
-1004 0 +1002 0 +1001 0 -1002 0 *
Fa
0  1e-07 1109 0

0111000
+1000 0 *
Sh

0101100
+999 0 *
So

0100000
+998 0 *
Ve
1e-07
-19.6666666666667 19.375 -55.6210459339157
0 0

0101101
*
Ed
 1e-07 1 1 1
2  2325 1110 0 0 6.28318530717959
0

0101000
+996 0 -996 0 *
Ve
1e-07
-19.6666666666667 19.375 -60.6289540660843
0 0

0101101
*
Ed
 1e-07 1 1 0
1  1110 0 4.71238898038469 7.85398163397448
3  2326 2327CN 1110 0 4.71238898038469 7.85398163397448
0

0101000
-996 0 +994 0 *
Ed
 1e-07 1 1 1
2  2328 1110 0 0 6.28318530717959
0

0101000
+994 0 -994 0 *
Wi

0101100
-995 0 +993 0 +992 0 -993 0 *
Fa
0  1e-07 1110 0

0111000
+991 0 *
Sh

0101100
+990 0 *
So

0100000
+989 0 *
Ve
1e-07
1.40429086395243e-16 38.75 -75.2066189779287
0 0

0101101
*
Ed
 1e-07 1 1 1
2  2329 1111 0 0 6.28318530717959
0

0101000
+987 0 -987 0 *
Ve
1e-07
1.40429086395243e-16 38.75 -79.7933810220713
0 0

0101101
*
Ed
 1e-07 1 1 0
1  1111 0 4.71238898038469 7.85398163397448
3  2330 2331CN 1111 0 4.71238898038469 7.85398163397448
0

0101000
-987 0 +985 0 *
Ed
 1e-07 1 1 1
2  2332 1111 0 0 6.28318530717959
0

0101000
+985 0 -985 0 *
Wi

0101100
-986 0 +984 0 +983 0 -984 0 *
Fa
0  1e-07 1111 0

0111000
+982 0 *
Sh

0101100
+981 0 *
So

0100000
+980 0 *
Ve
1e-07
2.04883877942218e-16 38.75 -35.4039923497148
0 0

0101101
*
Ed
 1e-07 1 1 1
2  2333 1112 0 0 6.28318530717959
0

0101000
+978 0 -978 0 *
Ve
1e-07
2.04883877942218e-16 38.75 -42.0960076502852
0 0

0101101
*
Ed
 1e-07 1 1 0
1  1112 0 4.71238898038469 7.85398163397448
3  2334 2335CN 1112 0 4.71238898038469 7.85398163397448
0

0101000
-978 0 +976 0 *
Ed
 1e-07 1 1 1
2  2336 1112 0 0 6.28318530717959
0

0101000
+976 0 -976 0 *
Wi

0101100
-977 0 +975 0 +974 0 -975 0 *
Fa
0  1e-07 1112 0

0111000
+973 0 *
Sh

0101100
+972 0 *
So

0100000
+971 0 *
Ve
1e-07
-19.6666666666667 19.375 -16.0289923497148
0 0

0101101
*
Ed
 1e-07 1 1 1
2  2337 1113 0 0 6.28318530717959
0

0101000
+969 0 -969 0 *
Ve
1e-07
-19.6666666666667 19.375 -22.7210076502852
0 0

0101101
*
Ed
 1e-07 1 1 0
1  1113 0 4.71238898038469 7.85398163397448
3  2338 2339CN 1113 0 4.71238898038469 7.85398163397448
0

0101000
-969 0 +967 0 *
Ed
 1e-07 1 1 1
2  2340 1113 0 0 6.28318530717959
0

0101000
+967 0 -967 0 *
Wi

0101100
-968 0 +966 0 +965 0 -966 0 *
Fa
0  1e-07 1113 0

0111000
+964 0 *
Sh

0101100
+963 0 *
So

0100000
+962 0 *
Ve
1e-07
2.04883877942218e-16 38.75 3.34600765028522
0 0

0101101
*
Ed
 1e-07 1 1 1
2  2341 1114 0 0 6.28318530717959
0

0101000
+960 0 -960 0 *
Ve
1e-07
2.04883877942218e-16 38.75 -3.34600765028522
0 0

0101101
*
Ed
 1e-07 1 1 0
1  1114 0 4.71238898038469 7.85398163397448
3  2342 2343CN 1114 0 4.71238898038469 7.85398163397448
0

0101000
-960 0 +958 0 *
Ed
 1e-07 1 1 1
2  2344 1114 0 0 6.28318530717959
0

0101000
+958 0 -958 0 *
Wi

0101100
-959 0 +957 0 +956 0 -957 0 *
Fa
0  1e-07 1114 0

0111000
+955 0 *
Sh

0101100
+954 0 *
So

0100000
+953 0 *
Ve
1e-07
-19.6666666666667 19.375 22.7210076502852
0 0

0101101
*
Ed
 1e-07 1 1 1
2  2345 1115 0 0 6.28318530717959
0

0101000
+951 0 -951 0 *
Ve
1e-07
-19.6666666666667 19.375 16.0289923497148
0 0

0101101
*
Ed
 1e-07 1 1 0
1  1115 0 4.71238898038469 7.85398163397448
3  2346 2347CN 1115 0 4.71238898038469 7.85398163397448
0

0101000
-951 0 +949 0 *
Ed
 1e-07 1 1 1
2  2348 1115 0 0 6.28318530717959
0

0101000
+949 0 -949 0 *
Wi

0101100
-950 0 +948 0 +947 0 -948 0 *
Fa
0  1e-07 1115 0

0111000
+946 0 *
Sh

0101100
+945 0 *
So

0100000
+944 0 *
Ve
1e-07
2.04883877942218e-16 38.75 42.0960076502852
0 0

0101101
*
Ed
 1e-07 1 1 1
2  2349 1116 0 0 6.28318530717959
0

0101000
+942 0 -942 0 *
Ve
1e-07
2.04883877942218e-16 38.75 35.4039923497148
0 0

0101101
*
Ed
 1e-07 1 1 0
1  1116 0 4.71238898038469 7.85398163397448
3  2350 2351CN 1116 0 4.71238898038469 7.85398163397448
0

0101000
-942 0 +940 0 *
Ed
 1e-07 1 1 1
2  2352 1116 0 0 6.28318530717959
0

0101000
+940 0 -940 0 *
Wi

0101100
-941 0 +939 0 +938 0 -939 0 *
Fa
0  1e-07 1116 0

0111000
+937 0 *
Sh

0101100
+936 0 *
So

0100000
+935 0 *
Ve
1e-07
-19.6666666666667 19.375 60.6287839406638
0 0

0101101
*
Ed
 1e-07 1 1 1
2  2353 1117 0 0 6.28318530717959
0

0101000
+933 0 -933 0 *
Ve
1e-07
-19.6666666666667 19.375 55.6212160593362
0 0

0101101
*
Ed
 1e-07 1 1 0
1  1117 0 4.71238898038469 7.85398163397448
3  2354 2355CN 1117 0 4.71238898038469 7.85398163397448
0

0101000
-933 0 +931 0 *
Ed
 1e-07 1 1 1
2  2356 1117 0 0 6.28318530717959
0

0101000
+931 0 -931 0 *
Wi

0101100
-932 0 +930 0 +929 0 -930 0 *
Fa
0  1e-07 1117 0

0111000
+928 0 *
Sh

0101100
+927 0 *
So

0100000
+926 0 *
Ve
1e-07
1.40583092845442e-16 38.75 79.7958961382714
0 0

0101101
*
Ed
 1e-07 1 1 1
2  2357 1118 0 0 6.28318530717959
0

0101000
+924 0 -924 0 *
Ve
1e-07
1.40583092845442e-16 38.75 75.2041038617286
0 0

0101101
*
Ed
 1e-07 1 1 0
1  1118 0 4.71238898038469 7.85398163397448
3  2358 2359CN 1118 0 4.71238898038469 7.85398163397448
0

0101000
-924 0 +922 0 *
Ed
 1e-07 1 1 1
2  2360 1118 0 0 6.28318530717959
0

0101000
+922 0 -922 0 *
Wi

0101100
-923 0 +921 0 +920 0 -921 0 *
Fa
0  1e-07 1118 0

0111000
+919 0 *
Sh

0101100
+918 0 *
So

0100000
+917 0 *
Ve
1e-07
-19.6666666666667 58.125 -54.8410332997245
0 0

0101101
*
Ed
 1e-07 1 1 1
2  2361 1119 0 0 6.28318530717959
0

0101000
+915 0 -915 0 *
Ve
1e-07
-19.6666666666667 58.125 -61.4089667002755
0 0

0101101
*
Ed
 1e-07 1 1 0
1  1119 0 4.71238898038469 7.85398163397448
3  2362 2363CN 1119 0 4.71238898038469 7.85398163397448
0

0101000
-915 0 +913 0 *
Ed
 1e-07 1 1 1
2  2364 1119 0 0 6.28318530717959
0

0101000
+913 0 -913 0 *
Wi

0101100
-914 0 +912 0 +911 0 -912 0 *
Fa
0  1e-07 1119 0

0111000
+910 0 *
Sh

0101100
+909 0 *
So

0100000
+908 0 *
Ve
1e-07
-19.6666666666667 58.125 -16.0289923497148
0 0

0101101
*
Ed
 1e-07 1 1 1
2  2365 1120 0 0 6.28318530717959
0

0101000
+906 0 -906 0 *
Ve
1e-07
-19.6666666666667 58.125 -22.7210076502852
0 0

0101101
*
Ed
 1e-07 1 1 0
1  1120 0 4.71238898038469 7.85398163397448
3  2366 2367CN 1120 0 4.71238898038469 7.85398163397448
0

0101000
-906 0 +904 0 *
Ed
 1e-07 1 1 1
2  2368 1120 0 0 6.28318530717959
0

0101000
+904 0 -904 0 *
Wi

0101100
-905 0 +903 0 +902 0 -903 0 *
Fa
0  1e-07 1120 0

0111000
+901 0 *
Sh

0101100
+900 0 *
So

0100000
+899 0 *
Ve
1e-07
-19.6666666666667 58.125 22.7210076502852
0 0

0101101
*
Ed
 1e-07 1 1 1
2  2369 1121 0 0 6.28318530717959
0

0101000
+897 0 -897 0 *
Ve
1e-07
-19.6666666666667 58.125 16.0289923497148
0 0

0101101
*
Ed
 1e-07 1 1 0
1  1121 0 4.71238898038469 7.85398163397448
3  2370 2371CN 1121 0 4.71238898038469 7.85398163397448
0

0101000
-897 0 +895 0 *
Ed
 1e-07 1 1 1
2  2372 1121 0 0 6.28318530717959
0

0101000
+895 0 -895 0 *
Wi

0101100
-896 0 +894 0 +893 0 -894 0 *
Fa
0  1e-07 1121 0

0111000
+892 0 *
Sh

0101100
+891 0 *
So

0100000
+890 0 *
Ve
1e-07
-19.6666666666667 58.125 61.4090628878579
0 0

0101101
*
Ed
 1e-07 1 1 1
2  2373 1122 0 0 6.28318530717959
0

0101000
+888 0 -888 0 *
Ve
1e-07
-19.6666666666667 58.125 54.8409371121421
0 0

0101101
*
Ed
 1e-07 1 1 0
1  1122 0 4.71238898038469 7.85398163397448
3  2374 2375CN 1122 0 4.71238898038469 7.85398163397448
0

0101000
-888 0 +886 0 *
Ed
 1e-07 1 1 1
2  2376 1122 0 0 6.28318530717959
0

0101000
+886 0 -886 0 *
Wi

0101100
-887 0 +885 0 +884 0 -885 0 *
Fa
0  1e-07 1122 0

0111000
+883 0 *
Sh

0101100
+882 0 *
So

0100000
+881 0 *
Ve
1e-07
39.3333333333333 0 -35.4039923497148
0 0

0101101
*
Ed
 1e-07 1 1 1
2  2377 1123 0 0 6.28318530717959
0

0101000
+879 0 -879 0 *
Ve
1e-07
39.3333333333333 0 -42.0960076502852
0 0

0101101
*
Ed
 1e-07 1 1 0
1  1123 0 4.71238898038469 7.85398163397448
3  2378 2379CN 1123 0 4.71238898038469 7.85398163397448
0

0101000
-879 0 +877 0 *
Ed
 1e-07 1 1 1
2  2380 1123 0 0 6.28318530717959
0

0101000
+877 0 -877 0 *
Wi

0101100
-878 0 +876 0 +875 0 -876 0 *
Fa
0  1e-07 1123 0

0111000
+874 0 *
Sh

0101100
+873 0 *
So

0100000
+872 0 *
Ve
1e-07
39.3333333333333 0 3.34600765028522
0 0

0101101
*
Ed
 1e-07 1 1 1
2  2381 1124 0 0 6.28318530717959
0

0101000
+870 0 -870 0 *
Ve
1e-07
39.3333333333333 0 -3.34600765028522
0 0

0101101
*
Ed
 1e-07 1 1 0
1  1124 0 4.71238898038469 7.85398163397448
3  2382 2383CN 1124 0 4.71238898038469 7.85398163397448
0

0101000
-870 0 +868 0 *
Ed
 1e-07 1 1 1
2  2384 1124 0 0 6.28318530717959
0

0101000
+868 0 -868 0 *
Wi

0101100
-869 0 +867 0 +866 0 -867 0 *
Fa
0  1e-07 1124 0

0111000
+865 0 *
Sh

0101100
+864 0 *
So

0100000
+863 0 *
Ve
1e-07
39.3333333333333 0 42.0960076502852
0 0

0101101
*
Ed
 1e-07 1 1 1
2  2385 1125 0 0 6.28318530717959
0

0101000
+861 0 -861 0 *
Ve
1e-07
39.3333333333333 0 35.4039923497148
0 0

0101101
*
Ed
 1e-07 1 1 0
1  1125 0 4.71238898038469 7.85398163397448
3  2386 2387CN 1125 0 4.71238898038469 7.85398163397448
0

0101000
-861 0 +859 0 *
Ed
 1e-07 1 1 1
2  2388 1125 0 0 6.28318530717959
0

0101000
+859 0 -859 0 *
Wi

0101100
-860 0 +858 0 +857 0 -858 0 *
Fa
0  1e-07 1125 0

0111000
+856 0 *
Sh

0101100
+855 0 *
So

0100000
+854 0 *
Ve
1e-07
19.6666666666667 19.375 -54.7789923497148
0 0

0101101
*
Ed
 1e-07 1 1 1
2  2389 1126 0 0 6.28318530717959
0

0101000
+852 0 -852 0 *
Ve
1e-07
19.6666666666667 19.375 -61.4710076502852
0 0

0101101
*
Ed
 1e-07 1 1 0
1  1126 0 4.71238898038469 7.85398163397448
3  2390 2391CN 1126 0 4.71238898038469 7.85398163397448
0

0101000
-852 0 +850 0 *
Ed
 1e-07 1 1 1
2  2392 1126 0 0 6.28318530717959
0

0101000
+850 0 -850 0 *
Wi

0101100
-851 0 +849 0 +848 0 -849 0 *
Fa
0  1e-07 1126 0

0111000
+847 0 *
Sh

0101100
+846 0 *
So

0100000
+845 0 *
Ve
1e-07
39.3333333333333 38.75 -35.4039923497148
0 0

0101101
*
Ed
 1e-07 1 1 1
2  2393 1127 0 0 6.28318530717959
0

0101000
+843 0 -843 0 *
Ve
1e-07
39.3333333333333 38.75 -42.0960076502852
0 0

0101101
*
Ed
 1e-07 1 1 0
1  1127 0 4.71238898038469 7.85398163397448
3  2394 2395CN 1127 0 4.71238898038469 7.85398163397448
0

0101000
-843 0 +841 0 *
Ed
 1e-07 1 1 1
2  2396 1127 0 0 6.28318530717959
0

0101000
+841 0 -841 0 *
Wi

0101100
-842 0 +840 0 +839 0 -840 0 *
Fa
0  1e-07 1127 0

0111000
+838 0 *
Sh

0101100
+837 0 *
So

0100000
+836 0 *
Ve
1e-07
19.6666666666667 19.375 -16.0289923497148
0 0

0101101
*
Ed
 1e-07 1 1 1
2  2397 1128 0 0 6.28318530717959
0

0101000
+834 0 -834 0 *
Ve
1e-07
19.6666666666667 19.375 -22.7210076502852
0 0

0101101
*
Ed
 1e-07 1 1 0
1  1128 0 4.71238898038469 7.85398163397448
3  2398 2399CN 1128 0 4.71238898038469 7.85398163397448
0

0101000
-834 0 +832 0 *
Ed
 1e-07 1 1 1
2  2400 1128 0 0 6.28318530717959
0

0101000
+832 0 -832 0 *
Wi

0101100
-833 0 +831 0 +830 0 -831 0 *
Fa
0  1e-07 1128 0

0111000
+829 0 *
Sh

0101100
+828 0 *
So

0100000
+827 0 *
Ve
1e-07
39.3333333333333 38.75 3.34600765028522
0 0

0101101
*
Ed
 1e-07 1 1 1
2  2401 1129 0 0 6.28318530717959
0

0101000
+825 0 -825 0 *
Ve
1e-07
39.3333333333333 38.75 -3.34600765028522
0 0

0101101
*
Ed
 1e-07 1 1 0
1  1129 0 4.71238898038469 7.85398163397448
3  2402 2403CN 1129 0 4.71238898038469 7.85398163397448
0

0101000
-825 0 +823 0 *
Ed
 1e-07 1 1 1
2  2404 1129 0 0 6.28318530717959
0

0101000
+823 0 -823 0 *
Wi

0101100
-824 0 +822 0 +821 0 -822 0 *
Fa
0  1e-07 1129 0

0111000
+820 0 *
Sh

0101100
+819 0 *
So

0100000
+818 0 *
Ve
1e-07
19.6666666666667 19.375 22.7210076502852
0 0

0101101
*
Ed
 1e-07 1 1 1
2  2405 1130 0 0 6.28318530717959
0

0101000
+816 0 -816 0 *
Ve
1e-07
19.6666666666667 19.375 16.0289923497148
0 0

0101101
*
Ed
 1e-07 1 1 0
1  1130 0 4.71238898038469 7.85398163397448
3  2406 2407CN 1130 0 4.71238898038469 7.85398163397448
0

0101000
-816 0 +814 0 *
Ed
 1e-07 1 1 1
2  2408 1130 0 0 6.28318530717959
0

0101000
+814 0 -814 0 *
Wi

0101100
-815 0 +813 0 +812 0 -813 0 *
Fa
0  1e-07 1130 0

0111000
+811 0 *
Sh

0101100
+810 0 *
So

0100000
+809 0 *
Ve
1e-07
39.3333333333333 38.75 42.0960076502852
0 0

0101101
*
Ed
 1e-07 1 1 1
2  2409 1131 0 0 6.28318530717959
0

0101000
+807 0 -807 0 *
Ve
1e-07
39.3333333333333 38.75 35.4039923497148
0 0

0101101
*
Ed
 1e-07 1 1 0
1  1131 0 4.71238898038469 7.85398163397448
3  2410 2411CN 1131 0 4.71238898038469 7.85398163397448
0

0101000
-807 0 +805 0 *
Ed
 1e-07 1 1 1
2  2412 1131 0 0 6.28318530717959
0

0101000
+805 0 -805 0 *
Wi

0101100
-806 0 +804 0 +803 0 -804 0 *
Fa
0  1e-07 1131 0

0111000
+802 0 *
Sh

0101100
+801 0 *
So

0100000
+800 0 *
Ve
1e-07
19.6666666666667 19.375 61.4710076502852
0 0

0101101
*
Ed
 1e-07 1 1 1
2  2413 1132 0 0 6.28318530717959
0

0101000
+798 0 -798 0 *
Ve
1e-07
19.6666666666667 19.375 54.7789923497148
0 0

0101101
*
Ed
 1e-07 1 1 0
1  1132 0 4.71238898038469 7.85398163397448
3  2414 2415CN 1132 0 4.71238898038469 7.85398163397448
0

0101000
-798 0 +796 0 *
Ed
 1e-07 1 1 1
2  2416 1132 0 0 6.28318530717959
0

0101000
+796 0 -796 0 *
Wi

0101100
-797 0 +795 0 +794 0 -795 0 *
Fa
0  1e-07 1132 0

0111000
+793 0 *
Sh

0101100
+792 0 *
So

0100000
+791 0 *
Ve
1e-07
19.6666666666667 58.125 -56.2221832531188
0 0

0101101
*
Ed
 1e-07 1 1 1
2  2417 1133 0 0 6.28318530717959
0

0101000
+789 0 -789 0 *
Ve
1e-07
19.6666666666667 58.125 -60.0278167468812
0 0

0101101
*
Ed
 1e-07 1 1 0
1  1133 0 4.71238898038469 7.85398163397448
3  2418 2419CN 1133 0 4.71238898038469 7.85398163397448
0

0101000
-789 0 +787 0 *
Ed
 1e-07 1 1 1
2  2420 1133 0 0 6.28318530717959
0

0101000
+787 0 -787 0 *
Wi

0101100
-788 0 +786 0 +785 0 -786 0 *
Fa
0  1e-07 1133 0

0111000
+784 0 *
Sh

0101100
+783 0 *
So

0100000
+782 0 *
Ve
1e-07
19.6666666666667 58.125 -16.0289923497148
0 0

0101101
*
Ed
 1e-07 1 1 1
2  2421 1134 0 0 6.28318530717959
0

0101000
+780 0 -780 0 *
Ve
1e-07
19.6666666666667 58.125 -22.7210076502852
0 0

0101101
*
Ed
 1e-07 1 1 0
1  1134 0 4.71238898038469 7.85398163397448
3  2422 2423CN 1134 0 4.71238898038469 7.85398163397448
0

0101000
-780 0 +778 0 *
Ed
 1e-07 1 1 1
2  2424 1134 0 0 6.28318530717959
0

0101000
+778 0 -778 0 *
Wi

0101100
-779 0 +777 0 +776 0 -777 0 *
Fa
0  1e-07 1134 0

0111000
+775 0 *
Sh

0101100
+774 0 *
So

0100000
+773 0 *
Ve
1e-07
19.6666666666667 58.125 22.7210076502852
0 0

0101101
*
Ed
 1e-07 1 1 1
2  2425 1135 0 0 6.28318530717959
0

0101000
+771 0 -771 0 *
Ve
1e-07
19.6666666666667 58.125 16.0289923497148
0 0

0101101
*
Ed
 1e-07 1 1 0
1  1135 0 4.71238898038469 7.85398163397448
3  2426 2427CN 1135 0 4.71238898038469 7.85398163397448
0

0101000
-771 0 +769 0 *
Ed
 1e-07 1 1 1
2  2428 1135 0 0 6.28318530717959
0

0101000
+769 0 -769 0 *
Wi

0101100
-770 0 +768 0 +767 0 -768 0 *
Fa
0  1e-07 1135 0

0111000
+766 0 *
Sh

0101100
+765 0 *
So

0100000
+764 0 *
Ve
1e-07
19.6666666666667 58.125 60.0281675860672
0 0

0101101
*
Ed
 1e-07 1 1 1
2  2429 1136 0 0 6.28318530717959
0

0101000
+762 0 -762 0 *
Ve
1e-07
19.6666666666667 58.125 56.2218324139328
0 0

0101101
*
Ed
 1e-07 1 1 0
1  1136 0 4.71238898038469 7.85398163397448
3  2430 2431CN 1136 0 4.71238898038469 7.85398163397448
0

0101000
-762 0 +760 0 *
Ed
 1e-07 1 1 1
2  2432 1136 0 0 6.28318530717959
0

0101000
+760 0 -760 0 *
Wi

0101100
-761 0 +759 0 +758 0 -759 0 *
Fa
0  1e-07 1136 0

0111000
+757 0 *
Sh

0101100
+756 0 *
So

0100000
+755 0 *
Ve
1e-07
78.6666666666667 0 -35.4039923497148
0 0

0101101
*
Ed
 1e-07 1 1 1
2  2433 1137 0 0 6.28318530717959
0

0101000
+753 0 -753 0 *
Ve
1e-07
78.6666666666667 0 -42.0960076502852
0 0

0101101
*
Ed
 1e-07 1 1 0
1  1137 0 4.71238898038469 7.85398163397448
3  2434 2435CN 1137 0 4.71238898038469 7.85398163397448
0

0101000
-753 0 +751 0 *
Ed
 1e-07 1 1 1
2  2436 1137 0 0 6.28318530717959
0

0101000
+751 0 -751 0 *
Wi

0101100
-752 0 +750 0 +749 0 -750 0 *
Fa
0  1e-07 1137 0

0111000
+748 0 *
Sh

0101100
+747 0 *
So

0100000
+746 0 *
Ve
1e-07
59 -19.375 -16.9584475430795
0 0

0101101
*
Ed
 1e-07 1 1 1
2  2437 1138 0 0 6.28318530717959
0

0101000
+744 0 -744 0 *
Ve
1e-07
59 -19.375 -21.7915524569205
0 0

0101101
*
Ed
 1e-07 1 1 0
1  1138 0 4.71238898038469 7.85398163397448
3  2438 2439CN 1138 0 4.71238898038469 7.85398163397448
0

0101000
-744 0 +742 0 *
Ed
 1e-07 1 1 1
2  2440 1138 0 0 6.28318530717959
0

0101000
+742 0 -742 0 *
Wi

0101100
-743 0 +741 0 +740 0 -741 0 *
Fa
0  1e-07 1138 0

0111000
+739 0 *
Sh

0101100
+738 0 *
So

0100000
+737 0 *
Ve
1e-07
78.6666666666667 0 3.34600765028522
0 0

0101101
*
Ed
 1e-07 1 1 1
2  2441 1139 0 0 6.28318530717959
0

0101000
+735 0 -735 0 *
Ve
1e-07
78.6666666666667 0 -3.34600765028522
0 0

0101101
*
Ed
 1e-07 1 1 0
1  1139 0 4.71238898038469 7.85398163397448
3  2442 2443CN 1139 0 4.71238898038469 7.85398163397448
0

0101000
-735 0 +733 0 *
Ed
 1e-07 1 1 1
2  2444 1139 0 0 6.28318530717959
0

0101000
+733 0 -733 0 *
Wi

0101100
-734 0 +732 0 +731 0 -732 0 *
Fa
0  1e-07 1139 0

0111000
+730 0 *
Sh

0101100
+729 0 *
So

0100000
+728 0 *
Ve
1e-07
59 -19.375 21.7928540666978
0 0

0101101
*
Ed
 1e-07 1 1 1
2  2445 1140 0 0 6.28318530717959
0

0101000
+726 0 -726 0 *
Ve
1e-07
59 -19.375 16.9571459333022
0 0

0101101
*
Ed
 1e-07 1 1 0
1  1140 0 4.71238898038469 7.85398163397448
3  2446 2447CN 1140 0 4.71238898038469 7.85398163397448
0

0101000
-726 0 +724 0 *
Ed
 1e-07 1 1 1
2  2448 1140 0 0 6.28318530717959
0

0101000
+724 0 -724 0 *
Wi

0101100
-725 0 +723 0 +722 0 -723 0 *
Fa
0  1e-07 1140 0

0111000
+721 0 *
Sh

0101100
+720 0 *
So

0100000
+719 0 *
Ve
1e-07
78.6666666666667 0 42.0960076502852
0 0

0101101
*
Ed
 1e-07 1 1 1
2  2449 1141 0 0 6.28318530717959
0

0101000
+717 0 -717 0 *
Ve
1e-07
78.6666666666667 0 35.4039923497148
0 0

0101101
*
Ed
 1e-07 1 1 0
1  1141 0 4.71238898038469 7.85398163397448
3  2450 2451CN 1141 0 4.71238898038469 7.85398163397448
0

0101000
-717 0 +715 0 *
Ed
 1e-07 1 1 1
2  2452 1141 0 0 6.28318530717959
0

0101000
+715 0 -715 0 *
Wi

0101100
-716 0 +714 0 +713 0 -714 0 *
Fa
0  1e-07 1141 0

0111000
+712 0 *
Sh

0101100
+711 0 *
So

0100000
+710 0 *
Ve
1e-07
59 19.375 -54.7789923497148
0 0

0101101
*
Ed
 1e-07 1 1 1
2  2453 1142 0 0 6.28318530717959
0

0101000
+708 0 -708 0 *
Ve
1e-07
59 19.375 -61.4710076502852
0 0

0101101
*
Ed
 1e-07 1 1 0
1  1142 0 4.71238898038469 7.85398163397448
3  2454 2455CN 1142 0 4.71238898038469 7.85398163397448
0

0101000
-708 0 +706 0 *
Ed
 1e-07 1 1 1
2  2456 1142 0 0 6.28318530717959
0

0101000
+706 0 -706 0 *
Wi

0101100
-707 0 +705 0 +704 0 -705 0 *
Fa
0  1e-07 1142 0

0111000
+703 0 *
Sh

0101100
+702 0 *
So

0100000
+701 0 *
Ve
1e-07
78.6666666666667 38.75 -35.4039923497148
0 0

0101101
*
Ed
 1e-07 1 1 1
2  2457 1143 0 0 6.28318530717959
0

0101000
+699 0 -699 0 *
Ve
1e-07
78.6666666666667 38.75 -42.0960076502852
0 0

0101101
*
Ed
 1e-07 1 1 0
1  1143 0 4.71238898038469 7.85398163397448
3  2458 2459CN 1143 0 4.71238898038469 7.85398163397448
0

0101000
-699 0 +697 0 *
Ed
 1e-07 1 1 1
2  2460 1143 0 0 6.28318530717959
0

0101000
+697 0 -697 0 *
Wi

0101100
-698 0 +696 0 +695 0 -696 0 *
Fa
0  1e-07 1143 0

0111000
+694 0 *
Sh

0101100
+693 0 *
So

0100000
+692 0 *
Ve
1e-07
59 19.375 -16.0289923497148
0 0

0101101
*
Ed
 1e-07 1 1 1
2  2461 1144 0 0 6.28318530717959
0

0101000
+690 0 -690 0 *
Ve
1e-07
59 19.375 -22.7210076502852
0 0

0101101
*
Ed
 1e-07 1 1 0
1  1144 0 4.71238898038469 7.85398163397448
3  2462 2463CN 1144 0 4.71238898038469 7.85398163397448
0

0101000
-690 0 +688 0 *
Ed
 1e-07 1 1 1
2  2464 1144 0 0 6.28318530717959
0

0101000
+688 0 -688 0 *
Wi

0101100
-689 0 +687 0 +686 0 -687 0 *
Fa
0  1e-07 1144 0

0111000
+685 0 *
Sh

0101100
+684 0 *
So

0100000
+683 0 *
Ve
1e-07
78.6666666666667 38.75 3.34600765028522
0 0

0101101
*
Ed
 1e-07 1 1 1
2  2465 1145 0 0 6.28318530717959
0

0101000
+681 0 -681 0 *
Ve
1e-07
78.6666666666667 38.75 -3.34600765028522
0 0

0101101
*
Ed
 1e-07 1 1 0
1  1145 0 4.71238898038469 7.85398163397448
3  2466 2467CN 1145 0 4.71238898038469 7.85398163397448
0

0101000
-681 0 +679 0 *
Ed
 1e-07 1 1 1
2  2468 1145 0 0 6.28318530717959
0

0101000
+679 0 -679 0 *
Wi

0101100
-680 0 +678 0 +677 0 -678 0 *
Fa
0  1e-07 1145 0

0111000
+676 0 *
Sh

0101100
+675 0 *
So

0100000
+674 0 *
Ve
1e-07
59 19.375 22.7210076502852
0 0

0101101
*
Ed
 1e-07 1 1 1
2  2469 1146 0 0 6.28318530717959
0

0101000
+672 0 -672 0 *
Ve
1e-07
59 19.375 16.0289923497148
0 0

0101101
*
Ed
 1e-07 1 1 0
1  1146 0 4.71238898038469 7.85398163397448
3  2470 2471CN 1146 0 4.71238898038469 7.85398163397448
0

0101000
-672 0 +670 0 *
Ed
 1e-07 1 1 1
2  2472 1146 0 0 6.28318530717959
0

0101000
+670 0 -670 0 *
Wi

0101100
-671 0 +669 0 +668 0 -669 0 *
Fa
0  1e-07 1146 0

0111000
+667 0 *
Sh

0101100
+666 0 *
So

0100000
+665 0 *
Ve
1e-07
78.6666666666667 38.75 42.0960076502852
0 0

0101101
*
Ed
 1e-07 1 1 1
2  2473 1147 0 0 6.28318530717959
0

0101000
+663 0 -663 0 *
Ve
1e-07
78.6666666666667 38.75 35.4039923497148
0 0

0101101
*
Ed
 1e-07 1 1 0
1  1147 0 4.71238898038469 7.85398163397448
3  2474 2475CN 1147 0 4.71238898038469 7.85398163397448
0

0101000
-663 0 +661 0 *
Ed
 1e-07 1 1 1
2  2476 1147 0 0 6.28318530717959
0

0101000
+661 0 -661 0 *
Wi

0101100
-662 0 +660 0 +659 0 -660 0 *
Fa
0  1e-07 1147 0

0111000
+658 0 *
Sh

0101100
+657 0 *
So

0100000
+656 0 *
Ve
1e-07
59 19.375 61.4710076502852
0 0

0101101
*
Ed
 1e-07 1 1 1
2  2477 1148 0 0 6.28318530717959
0

0101000
+654 0 -654 0 *
Ve
1e-07
59 19.375 54.7789923497148
0 0

0101101
*
Ed
 1e-07 1 1 0
1  1148 0 4.71238898038469 7.85398163397448
3  2478 2479CN 1148 0 4.71238898038469 7.85398163397448
0

0101000
-654 0 +652 0 *
Ed
 1e-07 1 1 1
2  2480 1148 0 0 6.28318530717959
0

0101000
+652 0 -652 0 *
Wi

0101100
-653 0 +651 0 +650 0 -651 0 *
Fa
0  1e-07 1148 0

0111000
+649 0 *
Sh

0101100
+648 0 *
So

0100000
+647 0 *
Ve
1e-07
59 58.125 -16.8325965986852
0 0

0101101
*
Ed
 1e-07 1 1 1
2  2481 1149 0 0 6.28318530717959
0

0101000
+645 0 -645 0 *
Ve
1e-07
59 58.125 -21.9174034013148
0 0

0101101
*
Ed
 1e-07 1 1 0
1  1149 0 4.71238898038469 7.85398163397448
3  2482 2483CN 1149 0 4.71238898038469 7.85398163397448
0

0101000
-645 0 +643 0 *
Ed
 1e-07 1 1 1
2  2484 1149 0 0 6.28318530717959
0

0101000
+643 0 -643 0 *
Wi

0101100
-644 0 +642 0 +641 0 -642 0 *
Fa
0  1e-07 1149 0

0111000
+640 0 *
Sh

0101100
+639 0 *
So

0100000
+638 0 *
Ve
1e-07
59 58.125 21.9175564235394
0 0

0101101
*
Ed
 1e-07 1 1 1
2  2485 1150 0 0 6.28318530717959
0

0101000
+636 0 -636 0 *
Ve
1e-07
59 58.125 16.8324435764606
0 0

0101101
*
Ed
 1e-07 1 1 0
1  1150 0 4.71238898038469 7.85398163397448
3  2486 2487CN 1150 0 4.71238898038469 7.85398163397448
0

0101000
-636 0 +634 0 *
Ed
 1e-07 1 1 1
2  2488 1150 0 0 6.28318530717959
0

0101000
+634 0 -634 0 *
Wi

0101100
-635 0 +633 0 +632 0 -633 0 *
Fa
0  1e-07 1150 0

0111000
+631 0 *
Sh

0101100
+630 0 *
So

0100000
+629 0 *
Ve
1e-07
118 -38.75 -35.4039923497148
0 0

0101101
*
Ed
 1e-07 1 1 1
2  2489 1151 0 0 6.28318530717959
0

0101000
+627 0 -627 0 *
Ve
1e-07
118 -38.75 -42.0960076502852
0 0

0101101
*
Ed
 1e-07 1 1 0
1  1151 0 4.71238898038469 7.85398163397448
3  2490 2491CN 1151 0 4.71238898038469 7.85398163397448
0

0101000
-627 0 +625 0 *
Ed
 1e-07 1 1 1
2  2492 1151 0 0 6.28318530717959
0

0101000
+625 0 -625 0 *
Wi

0101100
-626 0 +624 0 +623 0 -624 0 *
Fa
0  1e-07 1151 0

0111000
+622 0 *
Sh

0101100
+621 0 *
So

0100000
+620 0 *
Ve
1e-07
118 -38.75 3.34600765028522
0 0

0101101
*
Ed
 1e-07 1 1 1
2  2493 1152 0 0 6.28318530717959
0

0101000
+618 0 -618 0 *
Ve
1e-07
118 -38.75 -3.34600765028522
0 0

0101101
*
Ed
 1e-07 1 1 0
1  1152 0 4.71238898038469 7.85398163397448
3  2494 2495CN 1152 0 4.71238898038469 7.85398163397448
0

0101000
-618 0 +616 0 *
Ed
 1e-07 1 1 1
2  2496 1152 0 0 6.28318530717959
0

0101000
+616 0 -616 0 *
Wi

0101100
-617 0 +615 0 +614 0 -615 0 *
Fa
0  1e-07 1152 0

0111000
+613 0 *
Sh

0101100
+612 0 *
So

0100000
+611 0 *
Ve
1e-07
118 -38.75 42.0960076502852
0 0

0101101
*
Ed
 1e-07 1 1 1
2  2497 1153 0 0 6.28318530717959
0

0101000
+609 0 -609 0 *
Ve
1e-07
118 -38.75 35.4039923497148
0 0

0101101
*
Ed
 1e-07 1 1 0
1  1153 0 4.71238898038469 7.85398163397448
3  2498 2499CN 1153 0 4.71238898038469 7.85398163397448
0

0101000
-609 0 +607 0 *
Ed
 1e-07 1 1 1
2  2500 1153 0 0 6.28318530717959
0

0101000
+607 0 -607 0 *
Wi

0101100
-608 0 +606 0 +605 0 -606 0 *
Fa
0  1e-07 1153 0

0111000
+604 0 *
Sh

0101100
+603 0 *
So

0100000
+602 0 *
Ve
1e-07
98.3333333333333 -19.375 -55.3959768313953
0 0

0101101
*
Ed
 1e-07 1 1 1
2  2501 1154 0 0 6.28318530717959
0

0101000
+600 0 -600 0 *
Ve
1e-07
98.3333333333333 -19.375 -60.8540231686047
0 0

0101101
*
Ed
 1e-07 1 1 0
1  1154 0 4.71238898038469 7.85398163397448
3  2502 2503CN 1154 0 4.71238898038469 7.85398163397448
0

0101000
-600 0 +598 0 *
Ed
 1e-07 1 1 1
2  2504 1154 0 0 6.28318530717959
0

0101000
+598 0 -598 0 *
Wi

0101100
-599 0 +597 0 +596 0 -597 0 *
Fa
0  1e-07 1154 0

0111000
+595 0 *
Sh

0101100
+594 0 *
So

0100000
+593 0 *
Ve
1e-07
118 0 -35.4039923497148
0 0

0101101
*
Ed
 1e-07 1 1 1
2  2505 1155 0 0 6.28318530717959
0

0101000
+591 0 -591 0 *
Ve
1e-07
118 0 -42.0960076502852
0 0

0101101
*
Ed
 1e-07 1 1 0
1  1155 0 4.71238898038469 7.85398163397448
3  2506 2507CN 1155 0 4.71238898038469 7.85398163397448
0

0101000
-591 0 +589 0 *
Ed
 1e-07 1 1 1
2  2508 1155 0 0 6.28318530717959
0

0101000
+589 0 -589 0 *
Wi

0101100
-590 0 +588 0 +587 0 -588 0 *
Fa
0  1e-07 1155 0

0111000
+586 0 *
Sh

0101100
+585 0 *
So

0100000
+584 0 *
Ve
1e-07
98.3333333333333 -19.375 -16.0289923497148
0 0

0101101
*
Ed
 1e-07 1 1 1
2  2509 1156 0 0 6.28318530717959
0

0101000
+582 0 -582 0 *
Ve
1e-07
98.3333333333333 -19.375 -22.7210076502852
0 0

0101101
*
Ed
 1e-07 1 1 0
1  1156 0 4.71238898038469 7.85398163397448
3  2510 2511CN 1156 0 4.71238898038469 7.85398163397448
0

0101000
-582 0 +580 0 *
Ed
 1e-07 1 1 1
2  2512 1156 0 0 6.28318530717959
0

0101000
+580 0 -580 0 *
Wi

0101100
-581 0 +579 0 +578 0 -579 0 *
Fa
0  1e-07 1156 0

0111000
+577 0 *
Sh

0101100
+576 0 *
So

0100000
+575 0 *
Ve
1e-07
118 0 1.67300382514261
0 0

0101101
*
Ed
 1e-07 1 1 1
2  2513 1157 0 0 6.28318530717959
0

0101000
+573 0 -573 0 *
Ve
1e-07
118 0 -1.67300382514261
0 0

0101101
*
Ed
 1e-07 1 1 0
1  1157 0 4.71238898038469 7.85398163397448
3  2514 2515CN 1157 0 4.71238898038469 7.85398163397448
0

0101000
-573 0 +571 0 *
Ed
 1e-07 1 1 1
2  2516 1157 0 0 6.28318530717959
0

0101000
+571 0 -571 0 *
Wi

0101100
-572 0 +570 0 +569 0 -570 0 *
Fa
0  1e-07 1157 0

0111000
+568 0 *
Sh

0101100
+567 0 *
So

0100000
+566 0 *
Ve
1e-07
98.3333333333333 -19.375 22.7210076502852
0 0

0101101
*
Ed
 1e-07 1 1 1
2  2517 1158 0 0 6.28318530717959
0

0101000
+564 0 -564 0 *
Ve
1e-07
98.3333333333333 -19.375 16.0289923497148
0 0

0101101
*
Ed
 1e-07 1 1 0
1  1158 0 4.71238898038469 7.85398163397448
3  2518 2519CN 1158 0 4.71238898038469 7.85398163397448
0

0101000
-564 0 +562 0 *
Ed
 1e-07 1 1 1
2  2520 1158 0 0 6.28318530717959
0

0101000
+562 0 -562 0 *
Wi

0101100
-563 0 +561 0 +560 0 -561 0 *
Fa
0  1e-07 1158 0

0111000
+559 0 *
Sh

0101100
+558 0 *
So

0100000
+557 0 *
Ve
1e-07
118 0 42.0960076502852
0 0

0101101
*
Ed
 1e-07 1 1 1
2  2521 1159 0 0 6.28318530717959
0

0101000
+555 0 -555 0 *
Ve
1e-07
118 0 35.4039923497148
0 0

0101101
*
Ed
 1e-07 1 1 0
1  1159 0 4.71238898038469 7.85398163397448
3  2522 2523CN 1159 0 4.71238898038469 7.85398163397448
0

0101000
-555 0 +553 0 *
Ed
 1e-07 1 1 1
2  2524 1159 0 0 6.28318530717959
0

0101000
+553 0 -553 0 *
Wi

0101100
-554 0 +552 0 +551 0 -552 0 *
Fa
0  1e-07 1159 0

0111000
+550 0 *
Sh

0101100
+549 0 *
So

0100000
+548 0 *
Ve
1e-07
98.3333333333333 -19.375 60.8554896584035
0 0

0101101
*
Ed
 1e-07 1 1 1
2  2525 1160 0 0 6.28318530717959
0

0101000
+546 0 -546 0 *
Ve
1e-07
98.3333333333333 -19.375 55.3945103415965
0 0

0101101
*
Ed
 1e-07 1 1 0
1  1160 0 4.71238898038469 7.85398163397448
3  2526 2527CN 1160 0 4.71238898038469 7.85398163397448
0

0101000
-546 0 +544 0 *
Ed
 1e-07 1 1 1
2  2528 1160 0 0 6.28318530717959
0

0101000
+544 0 -544 0 *
Wi

0101100
-545 0 +543 0 +542 0 -543 0 *
Fa
0  1e-07 1160 0

0111000
+541 0 *
Sh

0101100
+540 0 *
So

0100000
+539 0 *
Ve
1e-07
98.3333333333333 19.375 -54.9510762517191
0 0

0101101
*
Ed
 1e-07 1 1 1
2  2529 1161 0 0 6.28318530717959
0

0101000
+537 0 -537 0 *
Ve
1e-07
98.3333333333333 19.375 -61.2989237482809
0 0

0101101
*
Ed
 1e-07 1 1 0
1  1161 0 4.71238898038469 7.85398163397448
3  2530 2531CN 1161 0 4.71238898038469 7.85398163397448
0

0101000
-537 0 +535 0 *
Ed
 1e-07 1 1 1
2  2532 1161 0 0 6.28318530717959
0

0101000
+535 0 -535 0 *
Wi

0101100
-536 0 +534 0 +533 0 -534 0 *
Fa
0  1e-07 1161 0

0111000
+532 0 *
Sh

0101100
+531 0 *
So

0100000
+530 0 *
Ve
1e-07
118 38.75 -35.4039923497148
0 0

0101101
*
Ed
 1e-07 1 1 1
2  2533 1162 0 0 6.28318530717959
0

0101000
+528 0 -528 0 *
Ve
1e-07
118 38.75 -42.0960076502852
0 0

0101101
*
Ed
 1e-07 1 1 0
1  1162 0 4.71238898038469 7.85398163397448
3  2534 2535CN 1162 0 4.71238898038469 7.85398163397448
0

0101000
-528 0 +526 0 *
Ed
 1e-07 1 1 1
2  2536 1162 0 0 6.28318530717959
0

0101000
+526 0 -526 0 *
Wi

0101100
-527 0 +525 0 +524 0 -525 0 *
Fa
0  1e-07 1162 0

0111000
+523 0 *
Sh

0101100
+522 0 *
So

0100000
+521 0 *
Ve
1e-07
98.3333333333333 19.375 -16.3557195310259
0 0

0101101
*
Ed
 1e-07 1 1 1
2  2537 1163 0 0 6.28318530717959
0

0101000
+519 0 -519 0 *
Ve
1e-07
98.3333333333333 19.375 -22.3942804689741
0 0

0101101
*
Ed
 1e-07 1 1 0
1  1163 0 4.71238898038469 7.85398163397448
3  2538 2539CN 1163 0 4.71238898038469 7.85398163397448
0

0101000
-519 0 +517 0 *
Ed
 1e-07 1 1 1
2  2540 1163 0 0 6.28318530717959
0

0101000
+517 0 -517 0 *
Wi

0101100
-518 0 +516 0 +515 0 -516 0 *
Fa
0  1e-07 1163 0

0111000
+514 0 *
Sh

0101100
+513 0 *
So

0100000
+512 0 *
Ve
1e-07
118 38.75 3.34600765028522
0 0

0101101
*
Ed
 1e-07 1 1 1
2  2541 1164 0 0 6.28318530717959
0

0101000
+510 0 -510 0 *
Ve
1e-07
118 38.75 -3.34600765028522
0 0

0101101
*
Ed
 1e-07 1 1 0
1  1164 0 4.71238898038469 7.85398163397448
3  2542 2543CN 1164 0 4.71238898038469 7.85398163397448
0

0101000
-510 0 +508 0 *
Ed
 1e-07 1 1 1
2  2544 1164 0 0 6.28318530717959
0

0101000
+508 0 -508 0 *
Wi

0101100
-509 0 +507 0 +506 0 -507 0 *
Fa
0  1e-07 1164 0

0111000
+505 0 *
Sh

0101100
+504 0 *
So

0100000
+503 0 *
Ve
1e-07
98.3333333333333 19.375 22.3816134076011
0 0

0101101
*
Ed
 1e-07 1 1 1
2  2545 1165 0 0 6.28318530717959
0

0101000
+501 0 -501 0 *
Ve
1e-07
98.3333333333333 19.375 16.3683865923989
0 0

0101101
*
Ed
 1e-07 1 1 0
1  1165 0 4.71238898038469 7.85398163397448
3  2546 2547CN 1165 0 4.71238898038469 7.85398163397448
0

0101000
-501 0 +499 0 *
Ed
 1e-07 1 1 1
2  2548 1165 0 0 6.28318530717959
0

0101000
+499 0 -499 0 *
Wi

0101100
-500 0 +498 0 +497 0 -498 0 *
Fa
0  1e-07 1165 0

0111000
+496 0 *
Sh

0101100
+495 0 *
So

0100000
+494 0 *
Ve
1e-07
118 38.75 42.0960076502852
0 0

0101101
*
Ed
 1e-07 1 1 1
2  2549 1166 0 0 6.28318530717959
0

0101000
+492 0 -492 0 *
Ve
1e-07
118 38.75 35.4039923497148
0 0

0101101
*
Ed
 1e-07 1 1 0
1  1166 0 4.71238898038469 7.85398163397448
3  2550 2551CN 1166 0 4.71238898038469 7.85398163397448
0

0101000
-492 0 +490 0 *
Ed
 1e-07 1 1 1
2  2552 1166 0 0 6.28318530717959
0

0101000
+490 0 -490 0 *
Wi

0101100
-491 0 +489 0 +488 0 -489 0 *
Fa
0  1e-07 1166 0

0111000
+487 0 *
Sh

0101100
+486 0 *
So

0100000
+485 0 *
Ve
1e-07
98.3333333333333 19.375 61.3013608308751
0 0

0101101
*
Ed
 1e-07 1 1 1
2  2553 1167 0 0 6.28318530717959
0

0101000
+483 0 -483 0 *
Ve
1e-07
98.3333333333333 19.375 54.9486391691249
0 0

0101101
*
Ed
 1e-07 1 1 0
1  1167 0 4.71238898038469 7.85398163397448
3  2554 2555CN 1167 0 4.71238898038469 7.85398163397448
0

0101000
-483 0 +481 0 *
Ed
 1e-07 1 1 1
2  2556 1167 0 0 6.28318530717959
0

0101000
+481 0 -481 0 *
Wi

0101100
-482 0 +480 0 +479 0 -480 0 *
Fa
0  1e-07 1167 0

0111000
+478 0 *
Sh

0101100
+477 0 *
So

0100000
+476 0 *
Ve
1e-07
98.3333333333333 58.125 -56.4519961748574
0 0

0101101
*
Ed
 1e-07 1 1 1
2  2557 1168 0 0 6.28318530717959
0

0101000
+474 0 -474 0 *
Ve
1e-07
98.3333333333333 58.125 -59.7980038251426
0 0

0101101
*
Ed
 1e-07 1 1 0
1  1168 0 4.71238898038469 7.85398163397448
3  2558 2559CN 1168 0 4.71238898038469 7.85398163397448
0

0101000
-474 0 +472 0 *
Ed
 1e-07 1 1 1
2  2560 1168 0 0 6.28318530717959
0

0101000
+472 0 -472 0 *
Wi

0101100
-473 0 +471 0 +470 0 -471 0 *
Fa
0  1e-07 1168 0

0111000
+469 0 *
Sh

0101100
+468 0 *
So

0100000
+467 0 *
Ve
1e-07
98.3333333333333 58.125 -16.8788735730491
0 0

0101101
*
Ed
 1e-07 1 1 1
2  2561 1169 0 0 6.28318530717959
0

0101000
+465 0 -465 0 *
Ve
1e-07
98.3333333333333 58.125 -21.8711264269509
0 0

0101101
*
Ed
 1e-07 1 1 0
1  1169 0 4.71238898038469 7.85398163397448
3  2562 2563CN 1169 0 4.71238898038469 7.85398163397448
0

0101000
-465 0 +463 0 *
Ed
 1e-07 1 1 1
2  2564 1169 0 0 6.28318530717959
0

0101000
+463 0 -463 0 *
Wi

0101100
-464 0 +462 0 +461 0 -462 0 *
Fa
0  1e-07 1169 0

0111000
+460 0 *
Sh

0101100
+459 0 *
So

0100000
+458 0 *
Ve
1e-07
98.3333333333333 58.125 21.8720548832673
0 0

0101101
*
Ed
 1e-07 1 1 1
2  2565 1170 0 0 6.28318530717959
0

0101000
+456 0 -456 0 *
Ve
1e-07
98.3333333333333 58.125 16.8779451167327
0 0

0101101
*
Ed
 1e-07 1 1 0
1  1170 0 4.71238898038469 7.85398163397448
3  2566 2567CN 1170 0 4.71238898038469 7.85398163397448
0

0101000
-456 0 +454 0 *
Ed
 1e-07 1 1 1
2  2568 1170 0 0 6.28318530717959
0

0101000
+454 0 -454 0 *
Wi

0101100
-455 0 +453 0 +452 0 -453 0 *
Fa
0  1e-07 1170 0

0111000
+451 0 *
Sh

0101100
+450 0 *
So

0100000
+449 0 *
Ve
1e-07
98.3333333333333 58.125 59.7980038251426
0 0

0101101
*
Ed
 1e-07 1 1 1
2  2569 1171 0 0 6.28318530717959
0

0101000
+447 0 -447 0 *
Ve
1e-07
98.3333333333333 58.125 56.4519961748574
0 0

0101101
*
Ed
 1e-07 1 1 0
1  1171 0 4.71238898038469 7.85398163397448
3  2570 2571CN 1171 0 4.71238898038469 7.85398163397448
0

0101000
-447 0 +445 0 *
Ed
 1e-07 1 1 1
2  2572 1171 0 0 6.28318530717959
0

0101000
+445 0 -445 0 *
Wi

0101100
-446 0 +444 0 +443 0 -444 0 *
Fa
0  1e-07 1171 0

0111000
+442 0 *
Sh

0101100
+441 0 *
So

0100000
+440 0 *
Ve
1e-07
137.666666666667 -58.125 -54.7789923497148
0 0

0101101
*
Ed
 1e-07 1 1 1
2  2573 1172 0 0 6.28318530717959
0

0101000
+438 0 -438 0 *
Ve
1e-07
137.666666666667 -58.125 -61.4710076502852
0 0

0101101
*
Ed
 1e-07 1 1 0
1  1172 0 4.71238898038469 7.85398163397448
3  2574 2575CN 1172 0 4.71238898038469 7.85398163397448
0

0101000
-438 0 +436 0 *
Ed
 1e-07 1 1 1
2  2576 1172 0 0 6.28318530717959
0

0101000
+436 0 -436 0 *
Wi

0101100
-437 0 +435 0 +434 0 -435 0 *
Fa
0  1e-07 1172 0

0111000
+433 0 *
Sh

0101100
+432 0 *
So

0100000
+431 0 *
Ve
1e-07
157.333333333333 -77.5 -74.1539923497148
0 0

0101101
*
Ed
 1e-07 1 1 1
2  2577 1173 0 0 6.28318530717959
0

0101000
+429 0 -429 0 *
Ve
1e-07
157.333333333333 -77.5 -80.8460076502852
0 0

0101101
*
Ed
 1e-07 1 1 0
1  1173 0 4.71238898038469 7.85398163397448
3  2578 2579CN 1173 0 4.71238898038469 7.85398163397448
0

0101000
-429 0 +427 0 *
Ed
 1e-07 1 1 1
2  2580 1173 0 0 6.28318530717959
0

0101000
+427 0 -427 0 *
Wi

0101100
-428 0 +426 0 +425 0 -426 0 *
Fa
0  1e-07 1173 0

0111000
+424 0 *
Sh

0101100
+423 0 *
So

0100000
+422 0 *
Ve
1e-07
157.333333333333 -77.5 -35.4039923497148
0 0

0101101
*
Ed
 1e-07 1 1 1
2  2581 1174 0 0 6.28318530717959
0

0101000
+420 0 -420 0 *
Ve
1e-07
157.333333333333 -77.5 -42.0960076502852
0 0

0101101
*
Ed
 1e-07 1 1 0
1  1174 0 4.71238898038469 7.85398163397448
3  2582 2583CN 1174 0 4.71238898038469 7.85398163397448
0

0101000
-420 0 +418 0 *
Ed
 1e-07 1 1 1
2  2584 1174 0 0 6.28318530717959
0

0101000
+418 0 -418 0 *
Wi

0101100
-419 0 +417 0 +416 0 -417 0 *
Fa
0  1e-07 1174 0

0111000
+415 0 *
Sh

0101100
+414 0 *
So

0100000
+413 0 *
Ve
1e-07
157.333333333333 -38.75 -74.1539923497148
0 0

0101101
*
Ed
 1e-07 1 1 1
2  2585 1175 0 0 6.28318530717959
0

0101000
+411 0 -411 0 *
Ve
1e-07
157.333333333333 -38.75 -80.8460076502852
0 0

0101101
*
Ed
 1e-07 1 1 0
1  1175 0 4.71238898038469 7.85398163397448
3  2586 2587CN 1175 0 4.71238898038469 7.85398163397448
0

0101000
-411 0 +409 0 *
Ed
 1e-07 1 1 1
2  2588 1175 0 0 6.28318530717959
0

0101000
+409 0 -409 0 *
Wi

0101100
-410 0 +408 0 +407 0 -408 0 *
Fa
0  1e-07 1175 0

0111000
+406 0 *
Sh

0101100
+405 0 *
So

0100000
+404 0 *
Ve
1e-07
157.333333333333 -38.75 -35.4039923497148
0 0

0101101
*
Ed
 1e-07 1 1 1
2  2589 1176 0 0 6.28318530717959
0

0101000
+402 0 -402 0 *
Ve
1e-07
157.333333333333 -38.75 -42.0960076502852
0 0

0101101
*
Ed
 1e-07 1 1 0
1  1176 0 4.71238898038469 7.85398163397448
3  2590 2591CN 1176 0 4.71238898038469 7.85398163397448
0

0101000
-402 0 +400 0 *
Ed
 1e-07 1 1 1
2  2592 1176 0 0 6.28318530717959
0

0101000
+400 0 -400 0 *
Wi

0101100
-401 0 +399 0 +398 0 -399 0 *
Fa
0  1e-07 1176 0

0111000
+397 0 *
Sh

0101100
+396 0 *
So

0100000
+395 0 *
Ve
1e-07
137.666666666667 -58.125 -16.3980237866788
0 0

0101101
*
Ed
 1e-07 1 1 1
2  2593 1177 0 0 6.28318530717959
0

0101000
+393 0 -393 0 *
Ve
1e-07
137.666666666667 -58.125 -22.3519762133212
0 0

0101101
*
Ed
 1e-07 1 1 0
1  1177 0 4.71238898038469 7.85398163397448
3  2594 2595CN 1177 0 4.71238898038469 7.85398163397448
0

0101000
-393 0 +391 0 *
Ed
 1e-07 1 1 1
2  2596 1177 0 0 6.28318530717959
0

0101000
+391 0 -391 0 *
Wi

0101100
-392 0 +390 0 +389 0 -390 0 *
Fa
0  1e-07 1177 0

0111000
+388 0 *
Sh

0101100
+387 0 *
So

0100000
+386 0 *
Ve
1e-07
157.333333333333 -77.5 3.34600765028522
0 0

0101101
*
Ed
 1e-07 1 1 1
2  2597 1178 0 0 6.28318530717959
0

0101000
+384 0 -384 0 *
Ve
1e-07
157.333333333333 -77.5 -3.34600765028522
0 0

0101101
*
Ed
 1e-07 1 1 0
1  1178 0 4.71238898038469 7.85398163397448
3  2598 2599CN 1178 0 4.71238898038469 7.85398163397448
0

0101000
-384 0 +382 0 *
Ed
 1e-07 1 1 1
2  2600 1178 0 0 6.28318530717959
0

0101000
+382 0 -382 0 *
Wi

0101100
-383 0 +381 0 +380 0 -381 0 *
Fa
0  1e-07 1178 0

0111000
+379 0 *
Sh

0101100
+378 0 *
So

0100000
+377 0 *
Ve
1e-07
157.333333333333 -38.75 3.34600765028522
0 0

0101101
*
Ed
 1e-07 1 1 1
2  2601 1179 0 0 6.28318530717959
0

0101000
+375 0 -375 0 *
Ve
1e-07
157.333333333333 -38.75 -3.34600765028522
0 0

0101101
*
Ed
 1e-07 1 1 0
1  1179 0 4.71238898038469 7.85398163397448
3  2602 2603CN 1179 0 4.71238898038469 7.85398163397448
0

0101000
-375 0 +373 0 *
Ed
 1e-07 1 1 1
2  2604 1179 0 0 6.28318530717959
0

0101000
+373 0 -373 0 *
Wi

0101100
-374 0 +372 0 +371 0 -372 0 *
Fa
0  1e-07 1179 0

0111000
+370 0 *
Sh

0101100
+369 0 *
So

0100000
+368 0 *
Ve
1e-07
137.666666666667 -58.125 22.3517714889139
0 0

0101101
*
Ed
 1e-07 1 1 1
2  2605 1180 0 0 6.28318530717959
0

0101000
+366 0 -366 0 *
Ve
1e-07
137.666666666667 -58.125 16.3982285110861
0 0

0101101
*
Ed
 1e-07 1 1 0
1  1180 0 4.71238898038469 7.85398163397448
3  2606 2607CN 1180 0 4.71238898038469 7.85398163397448
0

0101000
-366 0 +364 0 *
Ed
 1e-07 1 1 1
2  2608 1180 0 0 6.28318530717959
0

0101000
+364 0 -364 0 *
Wi

0101100
-365 0 +363 0 +362 0 -363 0 *
Fa
0  1e-07 1180 0

0111000
+361 0 *
Sh

0101100
+360 0 *
So

0100000
+359 0 *
Ve
1e-07
157.333333333333 -77.5 42.0960076502852
0 0

0101101
*
Ed
 1e-07 1 1 1
2  2609 1181 0 0 6.28318530717959
0

0101000
+357 0 -357 0 *
Ve
1e-07
157.333333333333 -77.5 35.4039923497148
0 0

0101101
*
Ed
 1e-07 1 1 0
1  1181 0 4.71238898038469 7.85398163397448
3  2610 2611CN 1181 0 4.71238898038469 7.85398163397448
0

0101000
-357 0 +355 0 *
Ed
 1e-07 1 1 1
2  2612 1181 0 0 6.28318530717959
0

0101000
+355 0 -355 0 *
Wi

0101100
-356 0 +354 0 +353 0 -354 0 *
Fa
0  1e-07 1181 0

0111000
+352 0 *
Sh

0101100
+351 0 *
So

0100000
+350 0 *
Ve
1e-07
157.333333333333 -38.75 42.0960076502852
0 0

0101101
*
Ed
 1e-07 1 1 1
2  2613 1182 0 0 6.28318530717959
0

0101000
+348 0 -348 0 *
Ve
1e-07
157.333333333333 -38.75 35.4039923497148
0 0

0101101
*
Ed
 1e-07 1 1 0
1  1182 0 4.71238898038469 7.85398163397448
3  2614 2615CN 1182 0 4.71238898038469 7.85398163397448
0

0101000
-348 0 +346 0 *
Ed
 1e-07 1 1 1
2  2616 1182 0 0 6.28318530717959
0

0101000
+346 0 -346 0 *
Wi

0101100
-347 0 +345 0 +344 0 -345 0 *
Fa
0  1e-07 1182 0

0111000
+343 0 *
Sh

0101100
+342 0 *
So

0100000
+341 0 *
Ve
1e-07
137.666666666667 -58.125 61.4710076502852
0 0

0101101
*
Ed
 1e-07 1 1 1
2  2617 1183 0 0 6.28318530717959
0

0101000
+339 0 -339 0 *
Ve
1e-07
137.666666666667 -58.125 54.7789923497148
0 0

0101101
*
Ed
 1e-07 1 1 0
1  1183 0 4.71238898038469 7.85398163397448
3  2618 2619CN 1183 0 4.71238898038469 7.85398163397448
0

0101000
-339 0 +337 0 *
Ed
 1e-07 1 1 1
2  2620 1183 0 0 6.28318530717959
0

0101000
+337 0 -337 0 *
Wi

0101100
-338 0 +336 0 +335 0 -336 0 *
Fa
0  1e-07 1183 0

0111000
+334 0 *
Sh

0101100
+333 0 *
So

0100000
+332 0 *
Ve
1e-07
157.333333333333 -77.5 80.8460076502852
0 0

0101101
*
Ed
 1e-07 1 1 1
2  2621 1184 0 0 6.28318530717959
0

0101000
+330 0 -330 0 *
Ve
1e-07
157.333333333333 -77.5 74.1539923497148
0 0

0101101
*
Ed
 1e-07 1 1 0
1  1184 0 4.71238898038469 7.85398163397448
3  2622 2623CN 1184 0 4.71238898038469 7.85398163397448
0

0101000
-330 0 +328 0 *
Ed
 1e-07 1 1 1
2  2624 1184 0 0 6.28318530717959
0

0101000
+328 0 -328 0 *
Wi

0101100
-329 0 +327 0 +326 0 -327 0 *
Fa
0  1e-07 1184 0

0111000
+325 0 *
Sh

0101100
+324 0 *
So

0100000
+323 0 *
Ve
1e-07
157.333333333333 -38.75 80.8460076502852
0 0

0101101
*
Ed
 1e-07 1 1 1
2  2625 1185 0 0 6.28318530717959
0

0101000
+321 0 -321 0 *
Ve
1e-07
157.333333333333 -38.75 74.1539923497148
0 0

0101101
*
Ed
 1e-07 1 1 0
1  1185 0 4.71238898038469 7.85398163397448
3  2626 2627CN 1185 0 4.71238898038469 7.85398163397448
0

0101000
-321 0 +319 0 *
Ed
 1e-07 1 1 1
2  2628 1185 0 0 6.28318530717959
0

0101000
+319 0 -319 0 *
Wi

0101100
-320 0 +318 0 +317 0 -318 0 *
Fa
0  1e-07 1185 0

0111000
+316 0 *
Sh

0101100
+315 0 *
So

0100000
+314 0 *
Ve
1e-07
137.666666666667 -19.375 -54.7789923497148
0 0

0101101
*
Ed
 1e-07 1 1 1
2  2629 1186 0 0 6.28318530717959
0

0101000
+312 0 -312 0 *
Ve
1e-07
137.666666666667 -19.375 -61.4710076502852
0 0

0101101
*
Ed
 1e-07 1 1 0
1  1186 0 4.71238898038469 7.85398163397448
3  2630 2631CN 1186 0 4.71238898038469 7.85398163397448
0

0101000
-312 0 +310 0 *
Ed
 1e-07 1 1 1
2  2632 1186 0 0 6.28318530717959
0

0101000
+310 0 -310 0 *
Wi

0101100
-311 0 +309 0 +308 0 -309 0 *
Fa
0  1e-07 1186 0

0111000
+307 0 *
Sh

0101100
+306 0 *
So

0100000
+305 0 *
Ve
1e-07
157.333333333333 0 -74.1539923497148
0 0

0101101
*
Ed
 1e-07 1 1 1
2  2633 1187 0 0 6.28318530717959
0

0101000
+303 0 -303 0 *
Ve
1e-07
157.333333333333 0 -80.8460076502852
0 0

0101101
*
Ed
 1e-07 1 1 0
1  1187 0 4.71238898038469 7.85398163397448
3  2634 2635CN 1187 0 4.71238898038469 7.85398163397448
0

0101000
-303 0 +301 0 *
Ed
 1e-07 1 1 1
2  2636 1187 0 0 6.28318530717959
0

0101000
+301 0 -301 0 *
Wi

0101100
-302 0 +300 0 +299 0 -300 0 *
Fa
0  1e-07 1187 0

0111000
+298 0 *
Sh

0101100
+297 0 *
So

0100000
+296 0 *
Ve
1e-07
157.333333333333 0 -35.4039923497148
0 0

0101101
*
Ed
 1e-07 1 1 1
2  2637 1188 0 0 6.28318530717959
0

0101000
+294 0 -294 0 *
Ve
1e-07
157.333333333333 0 -42.0960076502852
0 0

0101101
*
Ed
 1e-07 1 1 0
1  1188 0 4.71238898038469 7.85398163397448
3  2638 2639CN 1188 0 4.71238898038469 7.85398163397448
0

0101000
-294 0 +292 0 *
Ed
 1e-07 1 1 1
2  2640 1188 0 0 6.28318530717959
0

0101000
+292 0 -292 0 *
Wi

0101100
-293 0 +291 0 +290 0 -291 0 *
Fa
0  1e-07 1188 0

0111000
+289 0 *
Sh

0101100
+288 0 *
So

0100000
+287 0 *
Ve
1e-07
137.666666666667 -19.375 -16.0289923497148
0 0

0101101
*
Ed
 1e-07 1 1 1
2  2641 1189 0 0 6.28318530717959
0

0101000
+285 0 -285 0 *
Ve
1e-07
137.666666666667 -19.375 -22.7210076502852
0 0

0101101
*
Ed
 1e-07 1 1 0
1  1189 0 4.71238898038469 7.85398163397448
3  2642 2643CN 1189 0 4.71238898038469 7.85398163397448
0

0101000
-285 0 +283 0 *
Ed
 1e-07 1 1 1
2  2644 1189 0 0 6.28318530717959
0

0101000
+283 0 -283 0 *
Wi

0101100
-284 0 +282 0 +281 0 -282 0 *
Fa
0  1e-07 1189 0

0111000
+280 0 *
Sh

0101100
+279 0 *
So

0100000
+278 0 *
Ve
1e-07
157.333333333333 0 3.34600765028522
0 0

0101101
*
Ed
 1e-07 1 1 1
2  2645 1190 0 0 6.28318530717959
0

0101000
+276 0 -276 0 *
Ve
1e-07
157.333333333333 0 -3.34600765028522
0 0

0101101
*
Ed
 1e-07 1 1 0
1  1190 0 4.71238898038469 7.85398163397448
3  2646 2647CN 1190 0 4.71238898038469 7.85398163397448
0

0101000
-276 0 +274 0 *
Ed
 1e-07 1 1 1
2  2648 1190 0 0 6.28318530717959
0

0101000
+274 0 -274 0 *
Wi

0101100
-275 0 +273 0 +272 0 -273 0 *
Fa
0  1e-07 1190 0

0111000
+271 0 *
Sh

0101100
+270 0 *
So

0100000
+269 0 *
Ve
1e-07
137.666666666667 -19.375 22.7210076502852
0 0

0101101
*
Ed
 1e-07 1 1 1
2  2649 1191 0 0 6.28318530717959
0

0101000
+267 0 -267 0 *
Ve
1e-07
137.666666666667 -19.375 16.0289923497148
0 0

0101101
*
Ed
 1e-07 1 1 0
1  1191 0 4.71238898038469 7.85398163397448
3  2650 2651CN 1191 0 4.71238898038469 7.85398163397448
0

0101000
-267 0 +265 0 *
Ed
 1e-07 1 1 1
2  2652 1191 0 0 6.28318530717959
0

0101000
+265 0 -265 0 *
Wi

0101100
-266 0 +264 0 +263 0 -264 0 *
Fa
0  1e-07 1191 0

0111000
+262 0 *
Sh

0101100
+261 0 *
So

0100000
+260 0 *
Ve
1e-07
157.333333333333 0 42.0960076502852
0 0

0101101
*
Ed
 1e-07 1 1 1
2  2653 1192 0 0 6.28318530717959
0

0101000
+258 0 -258 0 *
Ve
1e-07
157.333333333333 0 35.4039923497148
0 0

0101101
*
Ed
 1e-07 1 1 0
1  1192 0 4.71238898038469 7.85398163397448
3  2654 2655CN 1192 0 4.71238898038469 7.85398163397448
0

0101000
-258 0 +256 0 *
Ed
 1e-07 1 1 1
2  2656 1192 0 0 6.28318530717959
0

0101000
+256 0 -256 0 *
Wi

0101100
-257 0 +255 0 +254 0 -255 0 *
Fa
0  1e-07 1192 0

0111000
+253 0 *
Sh

0101100
+252 0 *
So

0100000
+251 0 *
Ve
1e-07
137.666666666667 -19.375 61.4710076502852
0 0

0101101
*
Ed
 1e-07 1 1 1
2  2657 1193 0 0 6.28318530717959
0

0101000
+249 0 -249 0 *
Ve
1e-07
137.666666666667 -19.375 54.7789923497148
0 0

0101101
*
Ed
 1e-07 1 1 0
1  1193 0 4.71238898038469 7.85398163397448
3  2658 2659CN 1193 0 4.71238898038469 7.85398163397448
0

0101000
-249 0 +247 0 *
Ed
 1e-07 1 1 1
2  2660 1193 0 0 6.28318530717959
0

0101000
+247 0 -247 0 *
Wi

0101100
-248 0 +246 0 +245 0 -246 0 *
Fa
0  1e-07 1193 0

0111000
+244 0 *
Sh

0101100
+243 0 *
So

0100000
+242 0 *
Ve
1e-07
157.333333333333 0 80.8460076502852
0 0

0101101
*
Ed
 1e-07 1 1 1
2  2661 1194 0 0 6.28318530717959
0

0101000
+240 0 -240 0 *
Ve
1e-07
157.333333333333 0 74.1539923497148
0 0

0101101
*
Ed
 1e-07 1 1 0
1  1194 0 4.71238898038469 7.85398163397448
3  2662 2663CN 1194 0 4.71238898038469 7.85398163397448
0

0101000
-240 0 +238 0 *
Ed
 1e-07 1 1 1
2  2664 1194 0 0 6.28318530717959
0

0101000
+238 0 -238 0 *
Wi

0101100
-239 0 +237 0 +236 0 -237 0 *
Fa
0  1e-07 1194 0

0111000
+235 0 *
Sh

0101100
+234 0 *
So

0100000
+233 0 *
Ve
1e-07
137.666666666667 19.375 -54.7789923497148
0 0

0101101
*
Ed
 1e-07 1 1 1
2  2665 1195 0 0 6.28318530717959
0

0101000
+231 0 -231 0 *
Ve
1e-07
137.666666666667 19.375 -61.4710076502852
0 0

0101101
*
Ed
 1e-07 1 1 0
1  1195 0 4.71238898038469 7.85398163397448
3  2666 2667CN 1195 0 4.71238898038469 7.85398163397448
0

0101000
-231 0 +229 0 *
Ed
 1e-07 1 1 1
2  2668 1195 0 0 6.28318530717959
0

0101000
+229 0 -229 0 *
Wi

0101100
-230 0 +228 0 +227 0 -228 0 *
Fa
0  1e-07 1195 0

0111000
+226 0 *
Sh

0101100
+225 0 *
So

0100000
+224 0 *
Ve
1e-07
157.333333333333 38.75 -74.1539923497148
0 0

0101101
*
Ed
 1e-07 1 1 1
2  2669 1196 0 0 6.28318530717959
0

0101000
+222 0 -222 0 *
Ve
1e-07
157.333333333333 38.75 -80.8460076502852
0 0

0101101
*
Ed
 1e-07 1 1 0
1  1196 0 4.71238898038469 7.85398163397448
3  2670 2671CN 1196 0 4.71238898038469 7.85398163397448
0

0101000
-222 0 +220 0 *
Ed
 1e-07 1 1 1
2  2672 1196 0 0 6.28318530717959
0

0101000
+220 0 -220 0 *
Wi

0101100
-221 0 +219 0 +218 0 -219 0 *
Fa
0  1e-07 1196 0

0111000
+217 0 *
Sh

0101100
+216 0 *
So

0100000
+215 0 *
Ve
1e-07
157.333333333333 38.75 -35.4039923497148
0 0

0101101
*
Ed
 1e-07 1 1 1
2  2673 1197 0 0 6.28318530717959
0

0101000
+213 0 -213 0 *
Ve
1e-07
157.333333333333 38.75 -42.0960076502852
0 0

0101101
*
Ed
 1e-07 1 1 0
1  1197 0 4.71238898038469 7.85398163397448
3  2674 2675CN 1197 0 4.71238898038469 7.85398163397448
0

0101000
-213 0 +211 0 *
Ed
 1e-07 1 1 1
2  2676 1197 0 0 6.28318530717959
0

0101000
+211 0 -211 0 *
Wi

0101100
-212 0 +210 0 +209 0 -210 0 *
Fa
0  1e-07 1197 0

0111000
+208 0 *
Sh

0101100
+207 0 *
So

0100000
+206 0 *
Ve
1e-07
137.666666666667 19.375 -17.4305773640829
0 0

0101101
*
Ed
 1e-07 1 1 1
2  2677 1198 0 0 6.28318530717959
0

0101000
+204 0 -204 0 *
Ve
1e-07
137.666666666667 19.375 -21.3194226359171
0 0

0101101
*
Ed
 1e-07 1 1 0
1  1198 0 4.71238898038469 7.85398163397448
3  2678 2679CN 1198 0 4.71238898038469 7.85398163397448
0

0101000
-204 0 +202 0 *
Ed
 1e-07 1 1 1
2  2680 1198 0 0 6.28318530717959
0

0101000
+202 0 -202 0 *
Wi

0101100
-203 0 +201 0 +200 0 -201 0 *
Fa
0  1e-07 1198 0

0111000
+199 0 *
Sh

0101100
+198 0 *
So

0100000
+197 0 *
Ve
1e-07
157.333333333333 38.75 3.34600765028522
0 0

0101101
*
Ed
 1e-07 1 1 1
2  2681 1199 0 0 6.28318530717959
0

0101000
+195 0 -195 0 *
Ve
1e-07
157.333333333333 38.75 -3.34600765028522
0 0

0101101
*
Ed
 1e-07 1 1 0
1  1199 0 4.71238898038469 7.85398163397448
3  2682 2683CN 1199 0 4.71238898038469 7.85398163397448
0

0101000
-195 0 +193 0 *
Ed
 1e-07 1 1 1
2  2684 1199 0 0 6.28318530717959
0

0101000
+193 0 -193 0 *
Wi

0101100
-194 0 +192 0 +191 0 -192 0 *
Fa
0  1e-07 1199 0

0111000
+190 0 *
Sh

0101100
+189 0 *
So

0100000
+188 0 *
Ve
1e-07
137.666666666667 19.375 21.3038208407441
0 0

0101101
*
Ed
 1e-07 1 1 1
2  2685 1200 0 0 6.28318530717959
0

0101000
+186 0 -186 0 *
Ve
1e-07
137.666666666667 19.375 17.4461791592559
0 0

0101101
*
Ed
 1e-07 1 1 0
1  1200 0 4.71238898038469 7.85398163397448
3  2686 2687CN 1200 0 4.71238898038469 7.85398163397448
0

0101000
-186 0 +184 0 *
Ed
 1e-07 1 1 1
2  2688 1200 0 0 6.28318530717959
0

0101000
+184 0 -184 0 *
Wi

0101100
-185 0 +183 0 +182 0 -183 0 *
Fa
0  1e-07 1200 0

0111000
+181 0 *
Sh

0101100
+180 0 *
So

0100000
+179 0 *
Ve
1e-07
157.333333333333 38.75 42.0960076502852
0 0

0101101
*
Ed
 1e-07 1 1 1
2  2689 1201 0 0 6.28318530717959
0

0101000
+177 0 -177 0 *
Ve
1e-07
157.333333333333 38.75 35.4039923497148
0 0

0101101
*
Ed
 1e-07 1 1 0
1  1201 0 4.71238898038469 7.85398163397448
3  2690 2691CN 1201 0 4.71238898038469 7.85398163397448
0

0101000
-177 0 +175 0 *
Ed
 1e-07 1 1 1
2  2692 1201 0 0 6.28318530717959
0

0101000
+175 0 -175 0 *
Wi

0101100
-176 0 +174 0 +173 0 -174 0 *
Fa
0  1e-07 1201 0

0111000
+172 0 *
Sh

0101100
+171 0 *
So

0100000
+170 0 *
Ve
1e-07
137.666666666667 19.375 61.4710076502852
0 0

0101101
*
Ed
 1e-07 1 1 1
2  2693 1202 0 0 6.28318530717959
0

0101000
+168 0 -168 0 *
Ve
1e-07
137.666666666667 19.375 54.7789923497148
0 0

0101101
*
Ed
 1e-07 1 1 0
1  1202 0 4.71238898038469 7.85398163397448
3  2694 2695CN 1202 0 4.71238898038469 7.85398163397448
0

0101000
-168 0 +166 0 *
Ed
 1e-07 1 1 1
2  2696 1202 0 0 6.28318530717959
0

0101000
+166 0 -166 0 *
Wi

0101100
-167 0 +165 0 +164 0 -165 0 *
Fa
0  1e-07 1202 0

0111000
+163 0 *
Sh

0101100
+162 0 *
So

0100000
+161 0 *
Ve
1e-07
157.333333333333 38.75 80.8460076502852
0 0

0101101
*
Ed
 1e-07 1 1 1
2  2697 1203 0 0 6.28318530717959
0

0101000
+159 0 -159 0 *
Ve
1e-07
157.333333333333 38.75 74.1539923497148
0 0

0101101
*
Ed
 1e-07 1 1 0
1  1203 0 4.71238898038469 7.85398163397448
3  2698 2699CN 1203 0 4.71238898038469 7.85398163397448
0

0101000
-159 0 +157 0 *
Ed
 1e-07 1 1 1
2  2700 1203 0 0 6.28318530717959
0

0101000
+157 0 -157 0 *
Wi

0101100
-158 0 +156 0 +155 0 -156 0 *
Fa
0  1e-07 1203 0

0111000
+154 0 *
Sh

0101100
+153 0 *
So

0100000
+152 0 *
Ve
1e-07
137.666666666667 58.125 -54.7789923497148
0 0

0101101
*
Ed
 1e-07 1 1 1
2  2701 1204 0 0 6.28318530717959
0

0101000
+150 0 -150 0 *
Ve
1e-07
137.666666666667 58.125 -61.4710076502852
0 0

0101101
*
Ed
 1e-07 1 1 0
1  1204 0 4.71238898038469 7.85398163397448
3  2702 2703CN 1204 0 4.71238898038469 7.85398163397448
0

0101000
-150 0 +148 0 *
Ed
 1e-07 1 1 1
2  2704 1204 0 0 6.28318530717959
0

0101000
+148 0 -148 0 *
Wi

0101100
-149 0 +147 0 +146 0 -147 0 *
Fa
0  1e-07 1204 0

0111000
+145 0 *
Sh

0101100
+144 0 *
So

0100000
+143 0 *
Ve
1e-07
157.333333333333 77.5 -74.1539923497148
0 0

0101101
*
Ed
 1e-07 1 1 1
2  2705 1205 0 0 6.28318530717959
0

0101000
+141 0 -141 0 *
Ve
1e-07
157.333333333333 77.5 -80.8460076502852
0 0

0101101
*
Ed
 1e-07 1 1 0
1  1205 0 4.71238898038469 7.85398163397448
3  2706 2707CN 1205 0 4.71238898038469 7.85398163397448
0

0101000
-141 0 +139 0 *
Ed
 1e-07 1 1 1
2  2708 1205 0 0 6.28318530717959
0

0101000
+139 0 -139 0 *
Wi

0101100
-140 0 +138 0 +137 0 -138 0 *
Fa
0  1e-07 1205 0

0111000
+136 0 *
Sh

0101100
+135 0 *
So

0100000
+134 0 *
Ve
1e-07
157.333333333333 77.5 -35.4039923497148
0 0

0101101
*
Ed
 1e-07 1 1 1
2  2709 1206 0 0 6.28318530717959
0

0101000
+132 0 -132 0 *
Ve
1e-07
157.333333333333 77.5 -42.0960076502852
0 0

0101101
*
Ed
 1e-07 1 1 0
1  1206 0 4.71238898038469 7.85398163397448
3  2710 2711CN 1206 0 4.71238898038469 7.85398163397448
0

0101000
-132 0 +130 0 *
Ed
 1e-07 1 1 1
2  2712 1206 0 0 6.28318530717959
0

0101000
+130 0 -130 0 *
Wi

0101100
-131 0 +129 0 +128 0 -129 0 *
Fa
0  1e-07 1206 0

0111000
+127 0 *
Sh

0101100
+126 0 *
So

0100000
+125 0 *
Ve
1e-07
137.666666666667 58.125 -16.0289923497148
0 0

0101101
*
Ed
 1e-07 1 1 1
2  2713 1207 0 0 6.28318530717959
0

0101000
+123 0 -123 0 *
Ve
1e-07
137.666666666667 58.125 -22.7210076502852
0 0

0101101
*
Ed
 1e-07 1 1 0
1  1207 0 4.71238898038469 7.85398163397448
3  2714 2715CN 1207 0 4.71238898038469 7.85398163397448
0

0101000
-123 0 +121 0 *
Ed
 1e-07 1 1 1
2  2716 1207 0 0 6.28318530717959
0

0101000
+121 0 -121 0 *
Wi

0101100
-122 0 +120 0 +119 0 -120 0 *
Fa
0  1e-07 1207 0

0111000
+118 0 *
Sh

0101100
+117 0 *
So

0100000
+116 0 *
Ve
1e-07
157.333333333333 77.5 3.34600765028522
0 0

0101101
*
Ed
 1e-07 1 1 1
2  2717 1208 0 0 6.28318530717959
0

0101000
+114 0 -114 0 *
Ve
1e-07
157.333333333333 77.5 -3.34600765028522
0 0

0101101
*
Ed
 1e-07 1 1 0
1  1208 0 4.71238898038469 7.85398163397448
3  2718 2719CN 1208 0 4.71238898038469 7.85398163397448
0

0101000
-114 0 +112 0 *
Ed
 1e-07 1 1 1
2  2720 1208 0 0 6.28318530717959
0

0101000
+112 0 -112 0 *
Wi

0101100
-113 0 +111 0 +110 0 -111 0 *
Fa
0  1e-07 1208 0

0111000
+109 0 *
Sh

0101100
+108 0 *
So

0100000
+107 0 *
Ve
1e-07
137.666666666667 58.125 22.7210076502852
0 0

0101101
*
Ed
 1e-07 1 1 1
2  2721 1209 0 0 6.28318530717959
0

0101000
+105 0 -105 0 *
Ve
1e-07
137.666666666667 58.125 16.0289923497148
0 0

0101101
*
Ed
 1e-07 1 1 0
1  1209 0 4.71238898038469 7.85398163397448
3  2722 2723CN 1209 0 4.71238898038469 7.85398163397448
0

0101000
-105 0 +103 0 *
Ed
 1e-07 1 1 1
2  2724 1209 0 0 6.28318530717959
0

0101000
+103 0 -103 0 *
Wi

0101100
-104 0 +102 0 +101 0 -102 0 *
Fa
0  1e-07 1209 0

0111000
+100 0 *
Sh

0101100
+99 0 *
So

0100000
+98 0 *
Ve
1e-07
157.333333333333 77.5 42.0960076502852
0 0

0101101
*
Ed
 1e-07 1 1 1
2  2725 1210 0 0 6.28318530717959
0

0101000
+96 0 -96 0 *
Ve
1e-07
157.333333333333 77.5 35.4039923497148
0 0

0101101
*
Ed
 1e-07 1 1 0
1  1210 0 4.71238898038469 7.85398163397448
3  2726 2727CN 1210 0 4.71238898038469 7.85398163397448
0

0101000
-96 0 +94 0 *
Ed
 1e-07 1 1 1
2  2728 1210 0 0 6.28318530717959
0

0101000
+94 0 -94 0 *
Wi

0101100
-95 0 +93 0 +92 0 -93 0 *
Fa
0  1e-07 1210 0

0111000
+91 0 *
Sh

0101100
+90 0 *
So

0100000
+89 0 *
Ve
1e-07
137.666666666667 58.125 61.4710076502852
0 0

0101101
*
Ed
 1e-07 1 1 1
2  2729 1211 0 0 6.28318530717959
0

0101000
+87 0 -87 0 *
Ve
1e-07
137.666666666667 58.125 54.7789923497148
0 0

0101101
*
Ed
 1e-07 1 1 0
1  1211 0 4.71238898038469 7.85398163397448
3  2730 2731CN 1211 0 4.71238898038469 7.85398163397448
0

0101000
-87 0 +85 0 *
Ed
 1e-07 1 1 1
2  2732 1211 0 0 6.28318530717959
0

0101000
+85 0 -85 0 *
Wi

0101100
-86 0 +84 0 +83 0 -84 0 *
Fa
0  1e-07 1211 0

0111000
+82 0 *
Sh

0101100
+81 0 *
So

0100000
+80 0 *
Ve
1e-07
157.333333333333 77.5 80.8460076502852
0 0

0101101
*
Ed
 1e-07 1 1 1
2  2733 1212 0 0 6.28318530717959
0

0101000
+78 0 -78 0 *
Ve
1e-07
157.333333333333 77.5 74.1539923497148
0 0

0101101
*
Ed
 1e-07 1 1 0
1  1212 0 4.71238898038469 7.85398163397448
3  2734 2735CN 1212 0 4.71238898038469 7.85398163397448
0

0101000
-78 0 +76 0 *
Ed
 1e-07 1 1 1
2  2736 1212 0 0 6.28318530717959
0

0101000
+76 0 -76 0 *
Wi

0101100
-77 0 +75 0 +74 0 -75 0 *
Fa
0  1e-07 1212 0

0111000
+73 0 *
Sh

0101100
+72 0 *
So

0100000
+71 0 *
Ve
1e-07
-160 -80 80
0 0

0101101
*
Ve
1e-07
-160 -80 -80
0 0

0101101
*
Ed
 1e-07 1 1 0
1  1213 0 0 160
2  2737 1213 0 0 160
2  2738 1214 0 0 160
0

0101000
-69 0 +68 0 *
Ve
1e-07
-160 80 80
0 0

0101101
*
Ed
 1e-07 1 1 0
1  1214 0 0 160
2  2739 1213 0 0 160
2  2740 1215 0 0 160
0

0101000
-66 0 +69 0 *
Ve
1e-07
-160 80 -80
0 0

0101101
*
Ed
 1e-07 1 1 0
1  1215 0 0 160
2  2741 1213 0 0 160
2  2742 1216 0 0 160
0

0101000
-66 0 +64 0 *
Ed
 1e-07 1 1 0
1  1216 0 0 160
2  2743 1213 0 0 160
2  2744 1217 0 0 160
0

0101000
-64 0 +68 0 *
Wi

0101100
-67 0 -65 0 +63 0 +62 0 *
Fa
0  1e-07 1213 0

0111000
+61 0 *
Ve
1e-07
-149.782540901419 -80 80
0 0

0101101
*
Ve
1e-07
-149.782540901419 -80 -80
0 0

0101101
*
Ed
 1e-07 1 1 0
1  1217 0 0 160
2  2745 1218 0 0 160
2  2746 1214 0 0 160
0

0101000
-59 0 +58 0 *
Ve
1e-07
-149.782540901419 80 80
0 0

0101101
*
Ed
 1e-07 1 1 0
1  1218 0 0 160
2  2747 1218 0 0 160
2  2748 1215 0 0 160
0

0101000
-56 0 +59 0 *
Ve
1e-07
-149.782540901419 80 -80
0 0

0101101
*
Ed
 1e-07 1 1 0
1  1219 0 0 160
2  2749 1218 0 0 160
2  2750 1216 0 0 160
0

0101000
-56 0 +54 0 *
Ed
 1e-07 1 1 0
1  1220 0 0 160
2  2751 1218 0 0 160
2  2752 1217 0 0 160
0

0101000
-54 0 +58 0 *
Wi

0101100
-57 0 -55 0 +53 0 +52 0 *
Fa
0  1e-07 1218 0

0111000
+51 0 *
Ed
 1e-07 1 1 0
1  1221 0 0 10.2174590985807
2  2753 1214 0 0 10.2174590985807
2  2754 1217 0 0 10.2174590985807
0

0101000
-58 0 +68 0 *
Ed
 1e-07 1 1 0
1  1222 0 0 10.2174590985807
2  2755 1214 0 0 10.2174590985807
2  2756 1215 0 0 10.2174590985807
0

0101000
-59 0 +69 0 *
Wi

0101100
-49 0 -57 0 +48 0 +67 0 *
Fa
0  1e-07 1214 0

0111000
+47 0 *
Ed
 1e-07 1 1 0
1  1223 0 0 10.2174590985807
2  2757 1216 0 0 10.2174590985807
2  2758 1217 0 0 10.2174590985807
0

0101000
-54 0 +64 0 *
Ed
 1e-07 1 1 0
1  1224 0 0 10.2174590985807
2  2759 1216 0 0 10.2174590985807
2  2760 1215 0 0 10.2174590985807
0

0101000
-56 0 +66 0 *
Wi

0101100
-45 0 -53 0 +44 0 +63 0 *
Fa
0  1e-07 1216 0

0111000
+43 0 *
Wi

0101100
-62 0 -45 0 +52 0 +49 0 *
Fa
0  1e-07 1217 0

0111000
+41 0 *
Wi

0101100
-65 0 -44 0 +55 0 +48 0 *
Fa
0  1e-07 1215 0

0111000
+39 0 *
Sh

0101100
-60 0 +50 0 -46 0 +42 0 -40 0 +38 0 *
So

0100000
+37 0 *
Ve
1e-07
149.782540901419 -80 80
0 0

0101101
*
Ve
1e-07
149.782540901419 -80 -80
0 0

0101101
*
Ed
 1e-07 1 1 0
1  1225 0 0 160
2  2761 1219 0 0 160
2  2762 1220 0 0 160
0

0101000
-35 0 +34 0 *
Ve
1e-07
149.782540901419 80 80
0 0

0101101
*
Ed
 1e-07 1 1 0
1  1226 0 0 160
2  2763 1219 0 0 160
2  2764 1221 0 0 160
0

0101000
-32 0 +35 0 *
Ve
1e-07
149.782540901419 80 -80
0 0

0101101
*
Ed
 1e-07 1 1 0
1  1227 0 0 160
2  2765 1219 0 0 160
2  2766 1222 0 0 160
0

0101000
-32 0 +30 0 *
Ed
 1e-07 1 1 0
1  1228 0 0 160
2  2767 1219 0 0 160
2  2768 1223 0 0 160
0

0101000
-30 0 +34 0 *
Wi

0101100
-33 0 -31 0 +29 0 +28 0 *
Fa
0  1e-07 1219 0

0111000
+27 0 *
Ve
1e-07
160 -80 80
0 0

0101101
*
Ve
1e-07
160 -80 -80
0 0

0101101
*
Ed
 1e-07 1 1 0
1  1229 0 0 160
2  2769 1224 0 0 160
2  2770 1220 0 0 160
0

0101000
-25 0 +24 0 *
Ve
1e-07
160 80 80
0 0

0101101
*
Ed
 1e-07 1 1 0
1  1230 0 0 160
2  2771 1224 0 0 160
2  2772 1221 0 0 160
0

0101000
-22 0 +25 0 *
Ve
1e-07
160 80 -80
0 0

0101101
*
Ed
 1e-07 1 1 0
1  1231 0 0 160
2  2773 1224 0 0 160
2  2774 1222 0 0 160
0

0101000
-22 0 +20 0 *
Ed
 1e-07 1 1 0
1  1232 0 0 160
2  2775 1224 0 0 160
2  2776 1223 0 0 160
0

0101000
-20 0 +24 0 *
Wi

0101100
-23 0 -21 0 +19 0 +18 0 *
Fa
0  1e-07 1224 0

0111000
+17 0 *
Ed
 1e-07 1 1 0
1  1233 0 0 10.2174590985807
2  2777 1220 0 0 10.2174590985807
2  2778 1223 0 0 10.2174590985807
0

0101000
-24 0 +34 0 *
Ed
 1e-07 1 1 0
1  1234 0 0 10.2174590985807
2  2779 1220 0 0 10.2174590985807
2  2780 1221 0 0 10.2174590985807
0

0101000
-25 0 +35 0 *
Wi

0101100
-15 0 -23 0 +14 0 +33 0 *
Fa
0  1e-07 1220 0

0111000
+13 0 *
Ed
 1e-07 1 1 0
1  1235 0 0 10.2174590985807
2  2781 1222 0 0 10.2174590985807
2  2782 1223 0 0 10.2174590985807
0

0101000
-20 0 +30 0 *
Ed
 1e-07 1 1 0
1  1236 0 0 10.2174590985807
2  2783 1222 0 0 10.2174590985807
2  2784 1221 0 0 10.2174590985807
0

0101000
-22 0 +32 0 *
Wi

0101100
-11 0 -19 0 +10 0 +29 0 *
Fa
0  1e-07 1222 0

0111000
+9 0 *
Wi

0101100
-28 0 -11 0 +18 0 +15 0 *
Fa
0  1e-07 1223 0

0111000
+7 0 *
Wi

0101100
-31 0 -10 0 +21 0 +14 0 *
Fa
0  1e-07 1221 0

0111000
+5 0 *
Sh

0101100
-26 0 +16 0 -12 0 +8 0 -6 0 +4 0 *
So

0100000
+3 0 *
Co

1100000
+6037 0 +6024 0 +6011 0 +5998 0 +5985 0 +5972 0 +5959 0 +5946 0 +5933 0 +5920 0 
+5907 0 +5894 0 +5881 0 +5868 0 +5855 0 +5842 0 +5829 0 +5816 0 +5803 0 +5790 0 
+5777 0 +5764 0 +5751 0 +5738 0 +5725 0 +5712 0 +5699 0 +5686 0 +5673 0 +5660 0 
+5647 0 +5634 0 +5621 0 +5608 0 +5595 0 +5582 0 +5569 0 +5556 0 +5543 0 +5530 0 
+5517 0 +5504 0 +5491 0 +5478 0 +5465 0 +5452 0 +5439 0 +5426 0 +5413 0 +5400 0 
+5387 0 +5374 0 +5361 0 +5348 0 +5335 0 +5322 0 +5309 0 +5296 0 +5283 0 +5270 0 
+5257 0 +5244 0 +5231 0 +5218 0 +5205 0 +5192 0 +5179 0 +5166 0 +5153 0 +5140 0 
+5127 0 +5114 0 +5101 0 +5088 0 +5075 0 +5062 0 +5049 0 +5036 0 +5023 0 +5010 0 
+4997 0 +4984 0 +4971 0 +4958 0 +4945 0 +4932 0 +4919 0 +4906 0 +4893 0 +4880 0 
+4867 0 +4854 0 +4841 0 +4828 0 +4815 0 +4802 0 +4789 0 +4776 0 +4763 0 +4750 0 
+4737 0 +4724 0 +4711 0 +4698 0 +4685 0 +4672 0 +4659 0 +4646 0 +4633 0 +4620 0 
+4607 0 +4594 0 +4581 0 +4568 0 +4555 0 +4542 0 +4529 0 +4516 0 +4503 0 +4490 0 
+4477 0 +4464 0 +4451 0 +4438 0 +4425 0 +4412 0 +4399 0 +4386 0 +4373 0 +4360 0 
+4347 0 +4334 0 +4321 0 +4308 0 +4295 0 +4282 0 +4269 0 +4256 0 +4243 0 +4230 0 
+4217 0 +4204 0 +4191 0 +4178 0 +4165 0 +4152 0 +4139 0 +4126 0 +4113 0 +4100 0 
+4087 0 +4074 0 +4061 0 +4048 0 +4035 0 +4022 0 +4009 0 +3996 0 +3983 0 +3970 0 
+3957 0 +3944 0 +3931 0 +3918 0 +3905 0 +3892 0 +3879 0 +3866 0 +3853 0 +3840 0 
+3827 0 +3814 0 +3801 0 +3788 0 +3775 0 +3762 0 +3749 0 +3736 0 +3723 0 +3710 0 
+3697 0 +3684 0 +3671 0 +3658 0 +3645 0 +3632 0 +3619 0 +3606 0 +3593 0 +3580 0 
+3567 0 +3554 0 +3541 0 +3528 0 +3515 0 +3502 0 +3489 0 +3476 0 +3463 0 +3450 0 
+3437 0 +3424 0 +3411 0 +3398 0 +3385 0 +3372 0 +3359 0 +3346 0 +3333 0 +3320 0 
+3307 0 +3294 0 +3281 0 +3268 0 +3255 0 +3242 0 +3229 0 +3216 0 +3203 0 +3190 0 
+3177 0 +3164 0 +3151 0 +3138 0 +3125 0 +3112 0 +3099 0 +3086 0 +3073 0 +3060 0 
+3047 0 +3034 0 +3021 0 +3008 0 +2995 0 +2982 0 +2969 0 +2956 0 +2943 0 +2930 0 
+2917 0 +2904 0 +2891 0 +2878 0 +2865 0 +2852 0 +2839 0 +2826 0 +2813 0 +2800 0 
+2787 0 +2774 0 +2761 0 +2748 0 +2735 0 +2722 0 +2709 0 +2696 0 +2683 0 +2670 0 
+2657 0 +2644 0 +2631 0 +2618 0 +2605 0 +2592 0 +2579 0 +2566 0 +2553 0 +2540 0 
+2527 0 +2514 0 +2501 0 +2488 0 +2475 0 +2462 0 +2449 0 +2436 0 +2423 0 +2410 0 
+2397 0 +2384 0 +2371 0 +2358 0 +2345 0 +2332 0 +2319 0 +2306 0 +2293 0 +2280 0 
+2267 0 +2254 0 +2241 0 +2228 0 +2215 0 +2202 0 +2189 0 +2176 0 +2163 0 +2150 0 
+2137 0 +2124 0 +2111 0 +2098 0 +2085 0 +2072 0 +2059 0 +2046 0 +2033 0 +2020 0 
+2007 0 +1994 0 +1981 0 +1968 0 +1955 0 +1942 0 +1929 0 +1916 0 +1903 0 +1890 0 
+1877 0 +1864 0 +1851 0 +1838 0 +1825 0 +1812 0 +1799 0 +1786 0 +1773 0 +1760 0 
+1747 0 +1734 0 +1721 0 +1708 0 +1695 0 +1682 0 +1669 0 +1656 0 +1643 0 +1630 0 
+1617 0 +1604 0 +1591 0 +1578 0 +1565 0 +1552 0 +1539 0 +1526 0 +1513 0 +1500 0 
+1487 0 +1474 0 +1465 0 +1456 0 +1447 0 +1438 0 +1429 0 +1420 0 +1411 0 +1402 0 
+1393 0 +1384 0 +1375 0 +1366 0 +1357 0 +1348 0 +1339 0 +1330 0 +1321 0 +1312 0 
+1303 0 +1294 0 +1285 0 +1276 0 +1267 0 +1258 0 +1249 0 +1240 0 +1231 0 +1222 0 
+1213 0 +1204 0 +1195 0 +1186 0 +1177 0 +1168 0 +1159 0 +1150 0 +1141 0 +1132 0 
+1123 0 +1114 0 +1105 0 +1096 0 +1087 0 +1078 0 +1069 0 +1060 0 +1051 0 +1042 0 
+1033 0 +1024 0 +1015 0 +1006 0 +997 0 +988 0 +979 0 +970 0 +961 0 +952 0 
+943 0 +934 0 +925 0 +916 0 +907 0 +898 0 +889 0 +880 0 +871 0 +862 0 
+853 0 +844 0 +835 0 +826 0 +817 0 +808 0 +799 0 +790 0 +781 0 +772 0 
+763 0 +754 0 +745 0 +736 0 +727 0 +718 0 +709 0 +700 0 +691 0 +682 0 
+673 0 +664 0 +655 0 +646 0 +637 0 +628 0 +619 0 +610 0 +601 0 +592 0 
+583 0 +574 0 +565 0 +556 0 +547 0 +538 0 +529 0 +520 0 +511 0 +502 0 
+493 0 +484 0 +475 0 +466 0 +457 0 +448 0 +439 0 +430 0 +421 0 +412 0 
+403 0 +394 0 +385 0 +376 0 +367 0 +358 0 +349 0 +340 0 +331 0 +322 0 
+313 0 +304 0 +295 0 +286 0 +277 0 +268 0 +259 0 +250 0 +241 0 +232 0 
+223 0 +214 0 +205 0 +196 0 +187 0 +178 0 +169 0 +160 0 +151 0 +142 0 
+133 0 +124 0 +115 0 +106 0 +97 0 +88 0 +79 0 +70 0 +36 0 +2 0 
*

+1 0 